timestamp_ns,phase_sin,phase_cos,cycle_time,smoothed_speed,cmd_linear_x,cmd_linear_y,cmd_angular_z,base_euler_x,base_euler_y,base_euler_z,base_ang_vel_x,base_ang_vel_y,base_ang_vel_z,action_left_hip_pitch_joint,pos_left_hip_pitch_joint,vel_left_hip_pitch_joint,effort_left_hip_pitch_joint,pos_des_raw_left_hip_pitch_joint,pos_des_lpf_left_hip_pitch_joint,tau_des_raw_left_hip_pitch_joint,tau_des_lpf_left_hip_pitch_joint,is_parallel_left_hip_pitch_joint,action_left_hip_roll_joint,pos_left_hip_roll_joint,vel_left_hip_roll_joint,effort_left_hip_roll_joint,pos_des_raw_left_hip_roll_joint,pos_des_lpf_left_hip_roll_joint,tau_des_raw_left_hip_roll_joint,tau_des_lpf_left_hip_roll_joint,is_parallel_left_hip_roll_joint,action_left_hip_yaw_joint,pos_left_hip_yaw_joint,vel_left_hip_yaw_joint,effort_left_hip_yaw_joint,pos_des_raw_left_hip_yaw_joint,pos_des_lpf_left_hip_yaw_joint,tau_des_raw_left_hip_yaw_joint,tau_des_lpf_left_hip_yaw_joint,is_parallel_left_hip_yaw_joint,action_left_knee_pitch_joint,pos_left_knee_pitch_joint,vel_left_knee_pitch_joint,effort_left_knee_pitch_joint,pos_des_raw_left_knee_pitch_joint,pos_des_lpf_left_knee_pitch_joint,tau_des_raw_left_knee_pitch_joint,tau_des_lpf_left_knee_pitch_joint,is_parallel_left_knee_pitch_joint,action_left_ankle_pitch_joint,pos_left_ankle_pitch_joint,vel_left_ankle_pitch_joint,effort_left_ankle_pitch_joint,pos_des_raw_left_ankle_pitch_joint,pos_des_lpf_left_ankle_pitch_joint,tau_des_raw_left_ankle_pitch_joint,tau_des_lpf_left_ankle_pitch_joint,is_parallel_left_ankle_pitch_joint,action_left_ankle_roll_joint,pos_left_ankle_roll_joint,vel_left_ankle_roll_joint,effort_left_ankle_roll_joint,pos_des_raw_left_ankle_roll_joint,pos_des_lpf_left_ankle_roll_joint,tau_des_raw_left_ankle_roll_joint,tau_des_lpf_left_ankle_roll_joint,is_parallel_left_ankle_roll_joint,action_right_hip_pitch_joint,pos_right_hip_pitch_joint,vel_right_hip_pitch_joint,effort_right_hip_pitch_joint,pos_des_raw_right_hip_pitch_joint,pos_des_lpf_right_hip_pitch_joint,tau_des_raw_right_hip_pitch_joint,tau_des_lpf_right_hip_pitch_joint,is_parallel_right_hip_pitch_joint,action_right_hip_roll_joint,pos_right_hip_roll_joint,vel_right_hip_roll_joint,effort_right_hip_roll_joint,pos_des_raw_right_hip_roll_joint,pos_des_lpf_right_hip_roll_joint,tau_des_raw_right_hip_roll_joint,tau_des_lpf_right_hip_roll_joint,is_parallel_right_hip_roll_joint,action_right_hip_yaw_joint,pos_right_hip_yaw_joint,vel_right_hip_yaw_joint,effort_right_hip_yaw_joint,pos_des_raw_right_hip_yaw_joint,pos_des_lpf_right_hip_yaw_joint,tau_des_raw_right_hip_yaw_joint,tau_des_lpf_right_hip_yaw_joint,is_parallel_right_hip_yaw_joint,action_right_knee_pitch_joint,pos_right_knee_pitch_joint,vel_right_knee_pitch_joint,effort_right_knee_pitch_joint,pos_des_raw_right_knee_pitch_joint,pos_des_lpf_right_knee_pitch_joint,tau_des_raw_right_knee_pitch_joint,tau_des_lpf_right_knee_pitch_joint,is_parallel_right_knee_pitch_joint,action_right_ankle_pitch_joint,pos_right_ankle_pitch_joint,vel_right_ankle_pitch_joint,effort_right_ankle_pitch_joint,pos_des_raw_right_ankle_pitch_joint,pos_des_lpf_right_ankle_pitch_joint,tau_des_raw_right_ankle_pitch_joint,tau_des_lpf_right_ankle_pitch_joint,is_parallel_right_ankle_pitch_joint,action_right_ankle_roll_joint,pos_right_ankle_roll_joint,vel_right_ankle_roll_joint,effort_right_ankle_roll_joint,pos_des_raw_right_ankle_roll_joint,pos_des_lpf_right_ankle_roll_joint,tau_des_raw_right_ankle_roll_joint,tau_des_lpf_right_ankle_roll_joint,is_parallel_right_ankle_roll_joint,clip_count,imu_quat_w,imu_quat_x,imu_quat_y,imu_quat_z,imu_gyro_x,imu_gyro_y,imu_gyro_z,imu_accel_x,imu_accel_y,imu_accel_z
1787645121987106164,0.176232,0.984349,0.354667,0.008,0.4,-0,-6.5188e-05,0.039871,-0.0217808,0.515892,0.00332541,-0.000940506,0.000217293,-0.0553881,0.400855,0.00306892,-0.0732574,0.372306,0.400788,nan,nan,0,-0.595794,0.0395966,0.00306892,3.49207,-0.247897,0.0389269,nan,nan,0,-0.233167,-0.305746,0.0153437,-1.05006,-0.426583,-0.306028,nan,nan,0,-0.110941,0.518206,-0.00306892,-8.22955,0.434529,0.518011,nan,nan,0,-0.228462,-0.207888,0.00383759,-1.52302,-0.324231,nan,-4.07778,-0.00949902,1,0.534975,-0.00253579,-0.00314565,0.143052,0.267487,nan,8.10542,0.0188812,1,-0.287101,-0.397978,0.00306892,-0.561661,-0.543551,-0.398317,nan,nan,0,-0.215445,-0.0511017,0.00306892,0.317459,-0.157723,-0.0513501,nan,nan,0,-0.278114,0.305171,0.00306892,1.53846,0.170943,0.304858,nan,nan,0,0.0309768,0.523767,-0.00920582,-10.2808,0.505488,0.523724,nan,nan,0,-0.0140786,-0.20996,2.07942e-07,0.0771472,-0.217039,nan,-0.247778,-0.000577189,1,0.140308,0.00820218,-0.00314882,-5.21228,0.0701542,nan,1.86328,0.00434045,1,0,0.966611,0.022051,-0.005443,0.255239,0.00332541,-0.000940506,0.000217293,0.027437,0.078468,9.7569
1787645121996368057,0.342714,0.93944,0.35924,0.01584,0.4,-0,-6.5188e-05,0.0398833,-0.0217886,0.515912,0.00232776,-0.000864671,0.00269788,-0.149008,0.400855,0.00306892,-0.268623,0.325496,0.391406,nan,nan,0,-1.03881,0.0395966,0.00306892,1.5873,-0.469403,-0.0549707,nan,nan,0,-0.482082,-0.305746,0.00920582,-0.65934,-0.551041,-0.345567,nan,nan,0,-0.136091,0.518206,0.0214815,-3.10134,0.421955,0.490803,nan,nan,0,-0.30614,-0.207888,0.00191807,-0.820076,-0.36307,nan,-5.43427,-1.33591,1,0.661472,-0.00253579,-0.00629367,0.047722,0.330736,nan,10.0076,2.65574,1,-0.432709,-0.397978,-0.00306892,-0.268623,-0.616355,-0.445771,nan,nan,0,-0.335975,-0.0511017,0.00920582,-0.122101,-0.217988,-0.0861223,nan,nan,0,-0.260087,0.305171,-0.0153437,0.805862,0.179957,0.26128,nan,nan,0,0.202178,0.523767,0.00920582,-4.17583,0.591089,0.517986,nan,nan,0,0.0189336,-0.209959,-0.0134426,-0.312545,-0.200533,nan,0.350082,-0.0796389,1,0.160244,0.00859552,0.0629743,-1.64225,0.080122,nan,2.05133,0.609056,1,0,0.966608,0.022058,-0.005445,0.255249,0.00232776,-0.000864671,0.00269788,0.035165,0.059394,9.75401
1787645122006446012,0.495353,0.868692,0.363722,0.0235232,0.4,-0,-6.5188e-05,0.0398733,-0.0217946,0.515926,0.00128936,0.00105558,0.00199646,-0.15292,0.400855,0.00306892,-0.366302,0.32354,0.364458,nan,nan,0,-1.48261,0.0394049,-0.0276184,-1.73382,-0.691303,-0.245655,nan,nan,0,-0.720827,-0.305554,0.0153437,-1.44078,-0.670414,-0.43596,nan,nan,0,-0.162573,0.518973,0.107406,-4.81075,0.408713,0.452279,nan,nan,0,-0.418907,-0.207888,0.0192035,-1.79715,-0.419453,nan,-7.43361,-3.46223,1,0.832448,-0.00174944,0.103864,2.45278,0.416224,nan,12.3834,6.60295,1,-0.611535,-0.397978,0.00306892,-1.44078,-0.705767,-0.529487,nan,nan,0,-0.287568,-0.0511017,0.00306892,-1.00122,-0.193784,-0.149484,nan,nan,0,-0.10857,0.304404,-0.101268,-0.610504,0.255715,0.209189,nan,nan,0,0.399429,0.524917,0.14423,-3.68742,0.689715,0.538504,nan,nan,0,0.00438584,-0.209947,-0.0268849,0.117104,-0.207807,nan,0.11524,0.0133925,1,0.155421,0.0141042,0.721029,-0.285605,0.0777104,nan,0.826644,1.31169,1,0,0.966606,0.022054,-0.005449,0.255256,0.00128936,0.00105558,0.00199646,0.029279,0.10621,9.76655
1787645122016488933,0.630924,0.775845,0.368114,0.0310527,0.4,-0,-6.5188e-05,0.0399532,-0.0216634,0.515959,0.0221239,0.0109641,0.00384255,-0.122931,0.400855,0.00306892,-0.805862,0.338535,0.338064,nan,nan,0,-1.79658,0.0384459,-0.125817,-9.69475,-0.84829,-0.47509,nan,nan,0,-0.879751,-0.306705,-0.217878,-3.7851,-0.749876,-0.553799,nan,nan,0,-0.207346,0.519932,0.107406,-7.93651,0.386327,0.423572,nan,nan,0,-0.489269,-0.207882,0.0078174,-3.24371,-0.454635,nan,-8.64807,-5.59788,1,0.959646,0.00434684,0.827715,5.4771,0.479823,nan,13.0227,9.89159,1,-0.786282,-0.39817,-0.0153437,-2.71062,-0.793141,-0.622043,nan,nan,0,-0.145504,-0.0514851,-0.0398932,-2.3199,-0.122752,-0.190681,nan,nan,0,0.0359124,0.302295,-0.266977,-1.8315,0.327956,0.206899,nan,nan,0,0.60608,0.527218,0.230153,-2.95483,0.79304,0.601789,nan,nan,0,-0.0245965,-0.211973,-0.057549,-0.0781611,-0.222298,nan,-0.275069,0.123617,1,0.0998198,0.0199751,1.01109,0.689943,0.0499099,nan,-0.618592,1.22875,1,0,0.966602,0.022076,-0.005375,0.255271,0.0221239,0.0109641,0.00384255,-0.2229,0.200894,9.10046
1787645122026688672,0.747018,0.664804,0.372418,0.0384317,0.4,-0,-6.5188e-05,0.0404491,-0.0215633,0.515989,0.0578589,-0.0203449,0.0120814,-0.0526616,0.400855,0.00306892,-1.5873,0.373669,0.329431,nan,nan,0,-2.15606,0.0357614,-0.365176,-15.2137,-1.02803,-0.689168,nan,nan,0,-1.00805,-0.31169,-0.659773,-5.83639,-0.814025,-0.666053,nan,nan,0,-0.231828,0.520891,0.107406,-11.453,0.374086,0.401937,nan,nan,0,-0.530013,-0.209928,-0.0819875,-5.51098,-0.475007,nan,-9.15475,-7.36823,1,1.06186,0.019933,1.85775,8.23596,0.530932,nan,12.5433,11.7678,1,-0.909371,-0.398553,-0.046031,-5.25031,-0.854686,-0.714476,nan,nan,0,0.050604,-0.0520606,-0.101268,-3.5409,-0.024698,-0.178899,nan,nan,0,0.13567,0.298843,-0.383589,-1.53846,0.377835,0.254062,nan,nan,0,0.744393,0.530094,0.365176,-0.463982,0.862196,0.694379,nan,nan,0,-0.088836,-0.209857,-0.045845,0.116724,-0.254418,nan,-1.49087,0.00212902,1,0.0557509,0.034169,1.13664,0.904379,0.0278754,nan,-1.89377,0.361426,1,0,0.966593,0.022303,-0.005263,0.255286,0.0578589,-0.0203449,0.0120814,-0.232874,0.645569,8.35331
1787645122036508365,0.841979,0.53951,0.376637,0.045663,0.4,-0,-0.0379284,0.0409826,-0.0219069,0.51652,0.0419515,-0.0479977,0.123861,0.144877,0.400855,0.00920582,-2.02686,0.472439,0.343486,nan,nan,0,-2.41548,0.0296254,-0.64136,-26.0073,-1.15774,-0.878613,nan,nan,0,-0.966504,-0.32147,-0.942094,-9.30403,-0.793252,-0.75558,nan,nan,0,-0.225413,0.522233,0.150368,-14.7253,0.377293,0.384989,nan,nan,0,-0.554976,-0.2076,0.193148,-9.28034,-0.487488,nan,-10.0858,-8.60166,1,1.12679,0.046631,2.93659,10.7672,0.563396,nan,11.0981,12.0923,1,-1.0046,-0.399704,-0.131955,-7.93651,-0.902302,-0.795944,nan,nan,0,0.224661,-0.0537863,-0.162642,-4.0293,0.0623305,-0.116206,nan,nan,0,0.220269,0.295392,-0.23629,-0.854698,0.420134,0.318348,nan,nan,0,0.792377,0.536038,0.635223,7.83883,0.886189,0.788178,nan,nan,0,-0.13596,-0.209744,0.0501804,-0.430337,-0.27798,nan,-2.46353,-0.578743,1,0.0268068,0.0467575,1.1304,0.571323,0.0134034,nan,-2.69623,-0.879861,1,0,0.966517,0.022606,-0.005355,0.255547,0.0419515,-0.0479977,0.123861,0.17419,0.386099,9.31129
1787645122046340332,0.91483,0.40384,0.380771,0.0527498,0.4,-0,-0.0379284,0.0414595,-0.0239342,0.518413,0.120973,-0.27469,0.214652,0.533245,0.401238,0.0583057,-2.61295,0.666623,0.394398,nan,nan,0,-2.52826,0.022531,-0.708872,-35.0916,-1.21413,-1.04082,nan,nan,0,-0.847864,-0.32914,-0.579986,-15.0183,-0.733932,-0.799324,nan,nan,0,-0.265747,0.524342,0.242428,-18.1929,0.357126,0.376479,nan,nan,0,-0.637936,-0.200885,0.773861,-10.9542,-0.528968,nan,-12.6437,-9.62622,1,1.14945,0.0819898,3.24403,12.4948,0.574726,nan,9.91605,11.416,1,-1.00632,-0.40143,-0.193328,-10.0366,-0.903162,-0.860267,nan,nan,0,0.350103,-0.0549364,-0.0828552,-3.88278,0.125051,-0.0273095,nan,nan,0,0.250782,0.296158,0.21174,-0.317459,0.435391,0.37716,nan,nan,0,0.834893,0.5439,0.978919,12.4786,0.907447,0.855404,nan,nan,0,-0.14583,-0.209606,0.145935,-0.468867,-0.282915,nan,-2.78472,-1.51176,1,0.0172426,0.0556077,0.897424,-0.404486,0.00862129,nan,-2.75573,-1.99073,1,0,0.966253,0.023101,-0.006252,0.25648,0.120973,-0.27469,0.214652,3.36999,-0.59585,11.803
1787645122056351687,0.965198,0.261519,0.384822,0.0596948,0.4,-0,-0.0379284,0.0418739,-0.0280813,0.519644,0.0718436,-0.274348,0.0328515,0.806725,0.402389,0.150368,-2.41758,0.803363,0.508819,nan,nan,0,-2.3255,0.0154357,-0.708872,-42.4664,-1.11275,-1.15613,nan,nan,0,-0.818635,-0.329332,0.156505,-17.3626,-0.719318,-0.787638,nan,nan,0,-0.307526,0.52741,0.291528,-17.8999,0.336237,0.368198,nan,nan,0,-0.716777,-0.194243,0.869762,-8.72065,-0.568389,nan,-14.3998,-11.1268,1,1.16044,0.107236,2.11733,13.4816,0.580221,nan,11.0136,10.5882,1,-0.890913,-0.404114,-0.309939,-10.232,-0.845457,-0.896819,nan,nan,0,0.419301,-0.0549364,0.0398932,-1.0989,0.159651,0.0590677,nan,nan,0,0.183972,0.300186,0.457238,0.463982,0.401986,0.417576,nan,nan,0,0.799778,0.556172,1.34103,14.7741,0.889889,0.89384,nan,nan,0,-0.124399,-0.209495,0.0691039,-1.13335,-0.272199,nan,-2.2983,-2.33203,1,-0.0180052,0.0601308,0.481707,-1.28513,-0.00900258,nan,-2.79656,-2.60156,1,0,0.966052,0.023837,-0.008188,0.257111,0.0718436,-0.274348,0.0328515,3.20249,-2.46672,11.2626
1787645122066274192,0.993242,0.116064,0.388792,0.0665009,0.4,-0,-0.0379284,0.041726,-0.0307102,0.519481,0.00487854,-0.153762,-0.0229002,0.838568,0.404498,0.23629,0.21978,0.819284,0.659099,nan,nan,0,-2.06122,0.00910807,-0.598398,-47.3993,-0.980609,-1.17953,nan,nan,0,-0.690111,-0.326456,0.28539,-16.337,-0.655055,-0.753377,nan,nan,0,-0.262577,0.529902,0.273115,-16.044,0.358712,0.353972,nan,nan,0,-0.679539,-0.1899,0.0699973,-7.73494,-0.549769,nan,-12.7004,-12.7587,1,1.14663,0.113702,0.212993,12.8011,0.573316,nan,13.4689,10.8357,1,-0.774858,-0.408141,-0.4511,-11.2088,-0.787429,-0.889935,nan,nan,0,0.3975,-0.0541697,0.0889931,2.17339,0.14875,0.123897,nan,nan,0,0.167111,0.30613,0.678185,1.05006,0.393555,0.425318,nan,nan,0,0.636111,0.574005,1.72768,13.0159,0.808056,0.904009,nan,nan,0,-0.09103,-0.209501,-0.120724,-1.83682,-0.255515,nan,-1.42941,-2.57079,1,-0.042446,0.0615074,-0.126043,-1.90366,-0.021223,nan,-2.29285,-2.72048,1,0,0.96605,0.024102,-0.009479,0.257053,0.00487854,-0.153762,-0.0229002,0.920102,-2.81082,11.2371
1787645122076336193,0.999572,-0.029265,0.392683,0.0731709,0.4,-0,-0.0379284,0.0410214,-0.0330615,0.519271,-0.0671956,-0.228549,0.00147562,0.914796,0.407182,0.297665,5.44566,0.857398,0.772162,nan,nan,0,-1.72216,0.0033555,-0.555436,-44.9084,-0.81108,-1.10887,nan,nan,0,-0.552415,-0.326072,-0.00920582,-14.3834,-0.586208,-0.707154,nan,nan,0,-0.223562,0.532395,0.217878,-19.7558,0.378219,0.349113,nan,nan,0,-0.68031,-0.194144,-0.750749,-10.4635,-0.550155,nan,-11.3342,-13.1093,1,1.11416,0.105863,-0.92784,12.1489,0.557081,nan,14.9283,12.3892,1,-0.631573,-0.413893,-0.592261,-9.01099,-0.715787,-0.847254,nan,nan,0,0.274971,-0.053019,0.107406,8.37607,0.0874854,0.153637,nan,nan,0,0.153322,0.3138,0.813209,0.708183,0.386661,0.412926,nan,nan,0,0.392211,0.59318,1.97932,11.746,0.686105,0.872601,nan,nan,0,-0.0783148,-0.211654,-0.330026,-1.60006,-0.249157,nan,-0.817579,-2.14973,1,-0.0395872,0.0573628,-0.633531,-2.04533,-0.0197936,nan,-1.36439,-2.43366,1,0,0.966061,0.024062,-0.010708,0.256967,-0.0671956,-0.228549,0.00147562,-1.02296,-3.02267,9.46566
1787645122086221844,0.985185,-0.171498,0.396496,0.0797075,0.4,-0,-0.0379284,0.0392451,-0.035129,0.519111,-0.269043,-0.125079,-0.0286729,0.854308,0.410634,0.383589,8.86447,0.827154,0.835275,nan,nan,0,-1.2433,-0.00182152,-0.481788,-43.199,-0.571651,-0.972634,nan,nan,0,-0.44706,-0.326264,-0.046031,-12.4298,-0.53353,-0.64766,nan,nan,0,-0.20812,0.534121,0.156505,-19.1697,0.38594,0.359034,nan,nan,0,-0.646043,-0.206906,-1.21581,-12.6178,-0.533022,nan,-9.59033,-12.2099,1,1.07915,0.0955997,-1.42845,13.0999,0.539574,nan,15.4619,14.1889,1,-0.488819,-0.420797,-0.745697,-6.86203,-0.64441,-0.783855,nan,nan,0,0.140659,-0.053019,-0.0214806,9.74359,0.0203294,0.138371,nan,nan,0,0.086638,0.319936,0.371314,3.05251,0.353319,0.398026,nan,nan,0,0.158725,0.61389,2.10207,6.03175,0.569363,0.79314,nan,nan,0,-0.0720596,-0.215934,-0.543973,-1.44101,-0.24603,nan,-0.237392,-1.39373,1,-0.0392702,0.0484706,-1.09803,-1.94824,-0.0196351,nan,-0.396123,-1.77407,1,0,0.96608,0.023468,-0.011937,0.256895,-0.269043,-0.125079,-0.0286729,-0.192989,-1.92545,9.06693
1787645122096284703,0.951395,-0.307974,0.400233,0.0861133,0.4,-0,0.00464288,0.036285,-0.0370585,0.519058,-0.235808,-0.232131,0.0281183,0.901425,0.415044,0.4511,10.0855,0.850713,0.851771,nan,nan,0,-0.875901,-0.0060401,-0.420414,-34.3101,-0.387951,-0.781387,nan,nan,0,-0.322324,-0.325688,0.113543,-11.4042,-0.471162,-0.585557,nan,nan,0,-0.232086,0.53623,0.254703,-20.5861,0.373957,0.373404,nan,nan,0,-0.69903,-0.217506,-1.08124,-13.3915,-0.559515,nan,-10.3484,-10.8056,1,1.02034,0.0808362,-1.34855,13.9407,0.510171,nan,14.9029,15.3761,1,-0.344762,-0.429425,-0.90527,-4.37119,-0.572381,-0.711429,nan,nan,0,-0.000417098,-0.053978,-0.131955,7.83883,-0.0502085,0.08752,nan,nan,0,0.0857232,0.319936,-0.0337563,2.71062,0.352862,0.377939,nan,nan,0,-0.0652894,0.635173,2.13275,0.0244217,0.457355,0.682714,nan,nan,0,-0.0982784,-0.222295,-0.706787,-1.04925,-0.259139,nan,-0.229382,-0.616289,1,-0.0272522,0.0357901,-1.37756,-1.51865,-0.0136261,nan,0.583853,-0.878799,1,0,0.966099,0.022285,-0.01325,0.256864,-0.235808,-0.232131,0.0281183,0.738224,-1.54888,6.54316
1787645122106229108,0.899773,-0.436358,0.403895,0.092391,0.4,-0,0.00464288,0.0343349,-0.0389378,0.518538,-0.106828,-0.0959168,-0.107504,0.866372,0.419837,0.5002,10.4762,0.833186,0.85126,nan,nan,0,-0.616897,-0.0104504,-0.426551,-27.3748,-0.258449,-0.571226,nan,nan,0,-0.342152,-0.32262,0.444963,-10.6715,-0.481076,-0.524487,nan,nan,0,-0.248746,0.540065,0.463376,-25.4212,0.365627,0.379171,nan,nan,0,-0.731586,-0.223901,-0.549103,-12.792,-0.575793,nan,-11.4926,-10.1346,1,0.943514,0.0692153,-0.899768,14.1421,0.471757,nan,13.4259,15.5442,1,-0.21116,-0.439396,-1.03416,-3.00366,-0.50558,-0.637123,nan,nan,0,-0.0418613,-0.0549364,-0.0521679,4.17583,-0.0709306,0.0189737,nan,nan,0,0.0686185,0.319744,0.0521679,1.5873,0.344309,0.360728,nan,nan,0,-0.224723,0.65339,1.95477,-6.56898,0.377638,0.563249,nan,nan,0,-0.168898,-0.230705,-0.783223,-0.465689,-0.294449,nan,-1.05622,-0.142204,1,-0.0511313,0.0196853,-1.47749,-0.687143,-0.0255656,nan,0.858703,0.0522961,1,0,0.966166,0.02158,-0.014414,0.256611,-0.106828,-0.0959168,-0.107504,2.57966,1.54231,8.33115
1787645122116276219,0.83209,-0.554641,0.407484,0.0985432,0.4,-0,0.00464288,0.0336611,-0.0397234,0.51826,-0.0215872,0.06073,0.0833637,0.62015,0.425015,0.530887,11.3065,0.710075,0.844875,nan,nan,0,-0.42193,-0.0142856,-0.371314,-20,-0.160965,-0.387234,nan,nan,0,-0.188447,-0.31706,0.555436,-8.81563,-0.404223,-0.486346,nan,nan,0,-0.202344,0.545434,0.64136,-24.6886,0.388828,0.375345,nan,nan,0,-0.629256,-0.226035,0.0385554,-12.0861,-0.524628,nan,-10.5086,-10.5796,1,0.808558,0.0675055,0.0602405,14.4665,0.404279,nan,10.0128,14.6081,1,-0.136025,-0.450134,-1.07098,-2.0757,-0.468013,-0.565253,nan,nan,0,-0.132168,-0.0547447,0.0398932,1.63614,-0.116084,-0.0387098,nan,nan,0,0.145122,0.321278,0.224015,0.415138,0.382561,0.349961,nan,nan,0,-0.434795,0.671607,1.47605,-16.2393,0.272603,0.455713,nan,nan,0,-0.244218,-0.236983,-0.76051,-0.194105,-0.332109,nan,-2.18865,-0.273851,1,-0.0738484,0.00673168,-1.47829,-0.189391,-0.0369242,nan,0.907756,0.745497,1,0,0.966199,0.021353,-0.014883,0.256476,-0.0215872,0.06073,0.0833637,0.023663,-1.98162,8.68536
1787645122126253084,0.750265,-0.661138,0.411001,0.104572,0.4,-0,0.00464288,0.0332227,-0.0393308,0.5203,-0.0546384,-0.0468204,0.285465,0.523782,0.430192,0.512474,11.6484,0.661891,0.797379,nan,nan,0,-0.0206436,-0.0169702,-0.224015,-15.116,0.0396782,-0.246687,nan,nan,0,0.0399223,-0.312841,0.377452,-6.61783,-0.290039,-0.449187,nan,nan,0,-0.235264,0.553872,0.807072,-23.956,0.372368,0.377127,nan,nan,0,-0.571486,-0.223901,0.308244,-9.66545,-0.495743,nan,-9.97685,-10.9549,1,0.647958,0.0715836,0.503805,13.1377,0.323979,nan,6.81615,12.4408,1,-0.100579,-0.460873,-1.06484,-1.19658,-0.450289,-0.506037,nan,nan,0,-0.216092,-0.0541697,0.0705805,0.512817,-0.158046,-0.0834463,nan,nan,0,0.265448,0.323771,0.242428,0.366302,0.442724,0.357138,nan,nan,0,-0.684342,0.682344,0.85617,-19.8535,0.147829,0.356529,nan,nan,0,-0.420084,-0.24529,-0.722167,-0.503427,-0.420042,nan,-5.03306,-1.01591,1,-0.082488,-0.00965797,-1.33988,0.425255,-0.041244,nan,1.06223,1.07463,1,0,0.965947,0.021106,-0.014728,0.257456,-0.0546384,-0.0468204,0.285465,-0.66083,-0.440999,9.19884
1787645122136303648,0.656318,-0.754484,0.414447,0.110481,0.4,-0,0.00464288,0.0327784,-0.0398081,0.523141,0.013236,-0.055121,0.269456,0.387684,0.435178,0.475651,9.59707,0.593842,0.726884,nan,nan,0,0.473517,-0.0177369,0.00306892,-11.9414,0.286758,-0.104298,nan,nan,0,0.162164,-0.311307,0.0889931,-4.27351,-0.228918,-0.380649,nan,nan,0,-0.268722,0.562308,0.837758,-27.4725,0.355639,0.377942,nan,nan,0,-0.43793,-0.22175,0.11382,-9.31665,-0.428965,nan,-7.42325,-10.7111,1,0.461697,0.0760517,0.322626,12.6905,0.230848,nan,4.15996,9.56307,1,-0.14007,-0.470843,-0.954369,-0.268623,-0.470035,-0.467132,nan,nan,0,-0.107671,-0.0535946,0.0767183,-1.39194,-0.103836,-0.123975,nan,nan,0,0.32496,0.326263,0.303802,0.0732574,0.47248,0.39108,nan,nan,0,-0.870338,0.685987,0.242428,-26.0562,0.0548309,0.25014,nan,nan,0,-0.675124,-0.251476,-0.720123,-1.12097,-0.547562,nan,-9.28283,-2.66067,1,-0.136176,-0.020292,-1.09544,0.801691,-0.0680878,nan,0.209281,1.15572,1,0,0.965579,0.020974,-0.014986,0.258827,0.013236,-0.055121,0.269456,-1.23422,-0.28464,8.60525
1787645122146258659,0.552332,-0.833624,0.417825,0.116271,0.4,-0,-0.0898128,0.034039,-0.0396074,0.525359,0.152164,-0.0178242,0.173096,0.108025,0.439205,0.4511,7.15507,0.454013,0.655174,nan,nan,0,0.753646,-0.0165868,0.181053,-6.95971,0.426823,0.0821576,nan,nan,0,0.261625,-0.310732,0.0644436,-2.22222,-0.179187,-0.299234,nan,nan,0,-0.162221,0.569787,0.850033,-26.6423,0.408889,0.370069,nan,nan,0,-0.158988,-0.221718,-0.298042,-9.11314,-0.289494,nan,-1.9251,-9.36135,1,0.241002,0.072304,-0.304556,10.4871,0.120501,nan,1.90274,6.74996,1,-0.348255,-0.478322,-0.76411,-0.903542,-0.574127,-0.456016,nan,nan,0,0.103739,-0.0526357,0.107406,-3.44322,0.00186965,-0.132772,nan,nan,0,0.438885,0.330099,0.438826,0.268623,0.529443,0.434651,nan,nan,0,-0.948112,0.684453,-0.33449,-30.7448,0.0159442,0.143388,nan,nan,0,-0.986773,-0.257628,-0.727742,-2.16391,-0.703387,nan,-14.51,-5.58055,1,-0.238207,-0.0295537,-0.92968,0.868957,-0.119103,nan,-1.29197,0.854254,1,0,0.96528,0.021573,-0.014702,0.259906,0.152164,-0.0178242,0.173096,-2.70913,1.674,8.18906
1787645122156269902,0.440411,-0.897796,0.421135,0.121946,0.4,-0,-0.0898128,0.0359327,-0.0386607,0.526606,0.157803,0.110739,0.0400321,-0.102516,0.443998,0.420414,5.20146,0.348742,0.561698,nan,nan,0,0.874826,-0.0131345,0.377452,-1.0989,0.487413,0.274258,nan,nan,0,0.234015,-0.309198,0.181053,-0.268623,-0.192992,-0.228556,nan,nan,0,0.174327,0.578415,0.727284,-22.0513,0.577164,0.378749,nan,nan,0,0.174599,-0.228122,-0.675402,-7.99099,-0.122701,nan,4.70286,-6.09226,1,0.0765926,0.0634245,-1.15738,7.15378,0.0382963,nan,0.98222,4.36964,1,-0.540195,-0.484841,-0.524749,-0.952377,-0.670098,-0.494325,nan,nan,0,0.516266,-0.0511017,0.156505,-4.0293,0.208133,-0.0857529,nan,nan,0,0.536989,0.336618,0.702735,0.463982,0.578495,0.48258,nan,nan,0,-0.920404,0.673716,-1.21214,-30.8425,0.0297982,0.0610677,nan,nan,0,-1.18693,-0.265852,-0.945188,-4.63923,-0.803465,nan,-17.3987,-9.74568,1,-0.386778,-0.0370884,-0.673202,0.529448,-0.193389,nan,-3.67921,-0.0558794,1,0,0.965108,0.022373,-0.013985,0.260516,0.157803,0.110739,0.0400321,-1.88803,0.698403,9.99929
1787645122166211666,0.322651,-0.946518,0.424379,0.127507,0.4,-0,-0.0898128,0.0384735,-0.0355699,0.524386,0.227766,0.198932,-0.487619,0.183985,0.447641,0.352901,3.73627,0.491993,0.451867,nan,nan,0,0.605016,-0.00834084,0.555436,6.37363,0.352508,0.415729,nan,nan,0,0.0754992,-0.306705,0.28539,1.29426,-0.27225,-0.191659,nan,nan,0,0.644393,0.584552,0.579986,-20.0488,0.812197,0.451043,nan,nan,0,0.284171,-0.236659,-0.807098,-5.46805,-0.0679147,nan,7.11671,-0.91002,1,-0.0127067,0.0498316,-1.61255,4.48563,-0.00635333,nan,0.733281,2.60974,1,-0.665945,-0.488868,-0.352901,-1.92918,-0.732972,-0.574418,nan,nan,0,1.22744,-0.0495677,0.174916,-2.0757,0.563721,0.036891,nan,nan,0,0.333641,0.345822,1.01574,0.903542,0.476821,0.533103,nan,nan,0,-0.757161,0.656266,-1.99159,-29.6215,0.111419,0.0234539,nan,nan,0,-1.24973,-0.278208,-1.44985,-7.6941,-0.834864,nan,-17.3082,-13.8741,1,-0.500482,-0.0441297,-0.609011,-0.264603,-0.250241,nan,-5.26983,-1.71654,1,0,0.965403,0.023184,-0.012188,0.259441,0.227766,0.198932,-0.487619,-3.96334,1.15117,8.17949
1787645122176279877,0.20111,-0.979569,0.427558,0.132957,0.4,-0,-0.0898128,0.0418649,-0.033363,0.51758,0.31928,0.0381974,-0.867212,0.5537,0.450326,0.205604,2.75946,0.67685,0.421271,nan,nan,0,0.0928027,-0.00105476,0.794796,12.2833,0.0964014,0.441056,nan,nan,0,0.022955,-0.302295,0.543161,1.73382,-0.298522,-0.209188,nan,nan,0,0.907446,0.590112,0.567711,-17.9487,0.943723,0.607683,nan,nan,0,0.163643,-0.243087,-0.509007,-1.99181,-0.128179,nan,4.7853,3.9701,1,-9.43132e-05,0.0315895,-1.95721,2.983,-4.71566e-05,nan,1.98672,1.56926,1,-0.767576,-0.492128,-0.297665,-2.5641,-0.783788,-0.661722,nan,nan,0,1.48481,-0.047842,0.174916,1.5873,0.692406,0.267281,nan,nan,0,0.0774209,0.358286,1.28579,2.12454,0.34871,0.534425,nan,nan,0,-0.651633,0.63479,-2.39666,-44.3712,0.164183,0.0441122,nan,nan,0,-1.34187,-0.292656,-1.59095,-16.5958,-0.880936,nan,-18.2033,-16.3359,1,-0.497808,-0.0374868,0.913406,-5.55447,-0.248904,nan,-7.71263,-3.72881,1,0,0.966264,0.024499,-0.010766,0.256157,0.31928,0.0381974,-0.867212,-1.9723,1.66708,7.0231
1787645122186219995,0.0777813,-0.99697,0.430674,0.138298,0.4,-0,-0.0898128,0.044788,-0.0329461,0.508228,0.0351166,-0.140872,-0.800034,0.699904,0.451668,0.14423,0.757019,0.749952,0.509057,nan,nan,0,-0.201665,0.0071907,0.782521,15.8486,-0.0508327,0.319831,nan,nan,0,-0.0164453,-0.298652,0.150368,4.37119,-0.318223,-0.253179,nan,nan,0,1.06578,0.596824,0.862308,-9.64591,1.02289,0.789748,nan,nan,0,0.060247,-0.2432,0.112748,2.40284,-0.179876,nan,2.0472,5.84788,1,0.0305418,0.00684348,-2.15402,1.63084,0.0152709,nan,3.48386,1.55136,1,-0.909789,-0.494429,-0.168779,-8.27839,-0.854895,-0.734845,nan,nan,0,1.7539,-0.0461164,0.150368,16.1905,0.826952,0.51188,nan,nan,0,0.22786,0.367682,0.800934,3.7851,0.42393,0.4648,nan,nan,0,-0.636645,0.611205,-1.99159,-49.9389,0.171678,0.0995524,nan,nan,0,-1.44811,-0.303219,-0.766928,-19.2776,-0.934057,nan,-20.929,-17.7185,1,-0.630589,-0.0168067,3.33916,-6.95046,-0.315295,nan,-13.9634,-6.43358,1,0,0.967419,0.02581,-0.010311,0.251648,0.0351166,-0.140872,-0.800034,4.59619,-1.51406,10.2979
1787645122196235952,-0.0454225,-0.998968,0.433727,0.143532,0.4,-0,0.249121,0.0388345,-0.0346313,0.506443,-0.602642,0.545065,0.293361,0.74761,0.452243,0.00920582,3.73627,0.773805,0.637096,nan,nan,0,-0.0337282,0.0139017,0.604536,14.7741,0.0331359,0.132318,nan,nan,0,-0.0921678,-0.306322,-1.08325,6.91087,-0.356084,-0.292769,nan,nan,0,0.918054,0.606794,0.985056,9.35287,0.949027,0.93566,nan,nan,0,-0.091361,-0.23905,0.521771,3.76621,-0.25568,nan,-1.36471,4.70606,1,0.0174061,-0.0118369,-1.83362,0.853215,0.00870303,nan,3.36664,2.40711,1,-0.0128234,-0.494812,0.00920582,-12.1367,-0.406412,-0.798897,nan,nan,0,2.66999,-0.0440063,0.279252,20.0977,1.28499,0.705379,nan,nan,0,1.39816,0.368449,-0.156505,4.12698,1.00908,0.416386,nan,nan,0,-0.546897,0.594906,-1.46378,-44.0781,0.216552,0.147494,nan,nan,0,-0.991536,-0.303118,0.211184,-19.9263,-0.705768,nan,-14.4095,-19.4569,1,-1.01951,0.0279534,4.6013,-7.01977,-0.509757,nan,-23.0333,-10.7247,1,0,0.967698,0.023131,-0.011896,0.250765,-0.602642,0.545065,0.293361,7.58241,2.5492,24.5189
1787645122206341858,-0.166693,-0.986009,0.436719,0.148661,0.4,-0,0.249121,0.0350026,-0.0276666,0.509855,-0.295302,0.718761,0.283135,0.954941,0.452435,0.0521679,3.19902,0.877471,0.731974,nan,nan,0,0.0307451,0.0173531,0.328352,5.64103,0.0653725,0.0236641,nan,nan,0,-0.206473,-0.316101,-1.00961,4.0293,-0.413236,-0.327423,nan,nan,0,0.737614,0.618492,1.26738,16.4835,0.858807,0.989991,nan,nan,0,-0.248336,-0.232771,0.88576,3.57855,-0.334168,nan,-4.87753,1.82841,1,-0.0153618,-0.0243941,-1.34889,1.35289,-0.00768091,nan,2.52473,3.08528,1,0.996925,-0.493662,0.193329,-10.4762,0.0984623,-0.695019,nan,nan,0,3.02924,-0.0399799,0.530887,22.4908,1.46462,0.961953,nan,nan,0,1.81676,0.364422,-0.579986,5.59219,1.21838,0.599219,nan,nan,0,-0.433059,0.583976,-1.15077,-40.0244,0.27347,0.185836,nan,nan,0,-0.509189,-0.298557,0.432707,-20.1357,-0.464594,nan,-6.46038,-18.7207,1,-1.10762,0.0618286,2.87814,-7.00059,-0.553809,nan,-22.7864,-16.6646,1,0,0.967379,0.020421,-0.008971,0.252347,-0.295302,0.718761,0.283135,0.488089,2.87581,17.187
1787645122216327007,-0.28434,-0.958724,0.439651,0.153688,0.4,-0,0.249121,0.0352227,-0.0184714,0.512434,0.110776,0.655139,0.120163,1.07451,0.453969,0.187191,5.93407,0.937257,0.809589,nan,nan,0,-0.0605745,0.0204215,0.266977,0.65934,0.0197127,0.012276,nan,nan,0,-0.319258,-0.321661,-0.254703,0.512817,-0.469629,-0.368735,nan,nan,0,0.481971,0.635173,1.61107,18.779,0.730986,0.95334,nan,nan,0,-0.31295,-0.222318,1.093,1.36654,-0.366475,nan,-6.68499,-1.78487,1,-0.0209555,-0.0330291,-0.642559,1.89997,-0.0104777,nan,1.64038,2.93931,1,1.39379,-0.490977,0.248566,-5.78754,0.296896,-0.362522,nan,nan,0,2.31124,-0.0303926,1.04029,31.8193,1.10562,1.24148,nan,nan,0,1.33782,0.35656,-0.598398,13.0647,0.978911,0.913592,nan,nan,0,-0.371369,0.574964,-0.819346,-37.1917,0.304316,0.228924,nan,nan,0,-0.285056,-0.296408,0.256058,-19.1603,-0.352528,nan,-2.34827,-13.921,1,-0.899301,0.0592826,-1.27366,-12.0646,-0.449651,nan,-13.3575,-20.2701,1,0,0.967123,0.019375,-0.00447,0.25353,0.110776,0.655139,0.120163,-8.04121,9.08102,9.67587
1787645122226233348,-0.396802,-0.917904,0.442525,0.158614,0.4,-0,0.249121,0.0372257,-0.0122395,0.511649,-0.0322358,0.372488,-0.21926,1.1397,0.457037,0.383589,6.12943,0.969851,0.88152,nan,nan,0,-0.0394519,0.0232978,0.322214,-1.0989,0.0302741,0.0208815,nan,nan,0,-0.423848,-0.322428,0.0276184,-1.63614,-0.521924,-0.41923,nan,nan,0,0.431751,0.652431,1.77065,11.1111,0.705875,0.856103,nan,nan,0,-0.222602,-0.211922,1.00001,-1.13082,-0.321301,nan,-5.32826,-4.90043,1,-0.0636669,-0.0353248,-0.000719837,1.95046,-0.0318335,nan,0.105819,2.19005,1,0.787597,-0.488293,0.303802,-0.170937,-0.00620168,0.00983222,nan,nan,0,2.00047,-0.0169702,1.44536,44.6642,0.950236,1.30249,nan,nan,0,0.741629,0.354067,-0.0337563,20.928,0.680815,1.06195,nan,nan,0,-0.326608,0.567677,-0.598398,-32.1612,0.326696,0.271491,nan,nan,0,-0.58322,-0.290739,0.472433,-15.0814,-0.50161,nan,-8.08915,-7.83608,1,-0.868168,0.0319638,-3.92651,-17.4406,-0.434084,nan,-8.09167,-18.122,1,0,0.96724,0.019554,-0.00121,0.253105,-0.0322358,0.372488,-0.21926,-2.96632,2.64516,5.72871
1787645122236273401,-0.502658,-0.864486,0.445341,0.163442,0.4,-0,0.249121,0.0363065,-0.00937239,0.508732,-0.0490602,-0.0139017,-0.566058,1.1816,0.462215,0.567711,7.74115,0.9908,0.937197,nan,nan,0,-0.212168,0.0275164,0.5002,-6.17827,-0.0560842,0.0256346,nan,nan,0,-0.458858,-0.320894,0.11968,-4.32234,-0.539429,-0.473457,nan,nan,0,0.754629,0.670455,1.7952,3.68742,0.867315,0.762878,nan,nan,0,-0.0450978,-0.205701,0.647984,-3.16641,-0.232549,nan,-1.91167,-6.09688,1,-0.00956268,-0.0296982,0.506476,1.7154,-0.00478134,nan,-0.0122086,1.0355,1,-0.356301,-0.484458,0.432689,12.967,-0.57815,0.142212,nan,nan,0,2.36128,-0.0022049,1.43309,51.9414,1.13064,1.17002,nan,nan,0,0.170278,0.355793,0.125817,24.9328,0.395139,0.959406,nan,nan,0,-0.257526,0.564226,-0.291528,-34.4567,0.361237,0.305418,nan,nan,0,-0.987253,-0.278392,1.61261,-12.6866,-0.703626,nan,-17.3021,-5.77054,1,-0.84447,-0.0204771,-5.12861,-16.9114,-0.422235,nan,-4.35982,-12.5365,1,0,0.967631,0.018747,3.3e-05,0.25167,-0.0490602,-0.0139017,-0.566058,-1.14341,-1.00661,8.78342
1787645122246225182,-0.600636,-0.799523,0.448101,0.168173,0.4,-0,0.178502,0.0374045,-0.0105693,0.501106,0.211257,-0.135622,-0.800948,1.16653,0.468543,0.647498,11.746,0.983265,0.973668,nan,nan,0,-0.401152,0.0340357,0.733422,-5.9829,-0.150576,0.000761039,nan,nan,0,-0.31121,-0.319936,0.09513,-6.17827,-0.465605,-0.516105,nan,nan,0,1.11609,0.688097,1.73382,-2.51526,1.04804,0.765,nan,nan,0,0.0311557,-0.201599,0.185923,-3.79473,-0.194422,nan,-0.0276853,-4.81453,1,0.0483013,-0.0238595,0.792028,0.811214,0.0241506,nan,0.252261,0.0828828,1,-0.895226,-0.479088,0.549299,14.4811,-0.847613,-0.0855658,nan,nan,0,2.39362,0.00968313,1.05257,50.6716,1.14681,1.08802,nan,nan,0,-0.151329,0.350999,-0.843896,23.3211,0.234335,0.703591,nan,nan,0,-0.253735,0.564034,0.0583057,-28.7424,0.363133,0.335424,nan,nan,0,-0.917646,-0.25504,2.76823,-8.88692,-0.668823,nan,-18.6348,-9.89433,1,-0.828088,-0.0665909,-4.11306,-13.8229,-0.414044,nan,-4.254,-7.33698,1,0,0.968567,0.019427,-0.000482,0.247989,0.211257,-0.135622,-0.800948,6.56259,5.23771,10.8277
1787645122256286157,-0.689616,-0.724175,0.450806,0.17281,0.4,-0,0.178502,0.0393415,-0.0118486,0.493254,0.309177,0.272453,-0.735518,1.35239,0.475254,0.684322,13.0647,1.07619,0.988767,nan,nan,0,-0.237942,0.0426645,0.880719,-5.73871,-0.0689712,-0.0639113,nan,nan,0,-0.174219,-0.319552,0.00306892,-6.61783,-0.397109,-0.513818,nan,nan,0,1.02071,0.702861,1.62335,-2.95483,1.00035,0.87472,nan,nan,0,0.017633,-0.203701,-0.241452,-3.16659,-0.201184,nan,0.450298,-2.31841,1,0.0406383,-0.0144012,0.675909,0.238721,0.0203191,nan,0.0277483,-0.220402,1,-0.462088,-0.473528,0.518612,9.89011,-0.631044,-0.471343,nan,nan,0,2.18778,0.0169697,0.635223,46.2759,1.04389,1.09412,nan,nan,0,-0.262947,0.334126,-2.07752,20.2442,0.178527,0.436606,nan,nan,0,-0.130993,0.565185,0.09513,-21.221,0.424504,0.356229,nan,nan,0,-0.549567,-0.229719,2.69337,-7.42913,-0.484783,nan,-12.9673,-15.3995,1,-0.781361,-0.0891712,-1.99821,-11.0422,-0.39068,nan,-6.04795,-4.77116,1,0,0.969508,0.02052,-0.000942,0.244196,0.309177,0.272453,-0.735518,5.6929,0.350612,11.3263
1787645122266232063,-0.768638,-0.639684,0.453456,0.177353,0.4,-0,0.178502,0.0431038,-0.00765415,0.486777,0.384603,0.310296,-0.61613,1.38172,0.481773,0.647498,14.823,1.09086,1.02,nan,nan,0,-0.0535645,0.05091,0.807072,-5.83639,0.0232178,-0.0956651,nan,nan,0,-0.1307,-0.322812,-0.543161,-2.8083,-0.37535,-0.467123,nan,nan,0,0.672636,0.720311,1.63562,2.22222,0.826318,0.971062,nan,nan,0,-0.0583308,-0.207875,-0.445136,-1.67918,-0.239165,nan,-0.427443,-0.304168,1,0.00382105,-0.00784554,0.563225,-0.285584,0.00191052,nan,-0.552155,-0.157008,1,-0.0202362,-0.469884,0.303802,2.12454,-0.410118,-0.679999,nan,nan,0,1.77588,0.0211887,0.352901,43.6874,0.837939,1.08765,nan,nan,0,-0.210129,0.31169,-2.16344,10.0366,0.204935,0.253674,nan,nan,0,-0.0554592,0.565376,-0.0398932,-16.63,0.46227,0.384759,nan,nan,0,-0.348145,-0.213129,0.888147,-9.31215,-0.384073,nan,-7.31527,-16.4237,1,-0.742074,-0.0863971,1.05526,-7.62397,-0.371037,nan,-10.1221,-5.19339,1,0,0.970274,0.021837,0.00148,0.241015,0.384603,0.310296,-0.61613,-1.65009,-0.113633,11.0384
1787645122276331217,-0.8369,-0.547355,0.456054,0.181806,0.4,-0,0.178502,0.0467443,-0.00480999,0.482864,0.339507,0.206102,-0.0304961,1.10469,0.488677,0.727284,10.4762,0.952346,1.05979,nan,nan,0,0.146731,0.0581965,0.684322,-5.49451,0.123365,-0.059986,nan,nan,0,-0.0761849,-0.331633,-0.917544,-0.757019,-0.348092,-0.414052,nan,nan,0,0.39044,0.737761,1.78906,6.61783,0.68522,0.952013,nan,nan,0,-0.0823678,-0.209967,-0.472237,-0.429349,-0.251184,nan,-0.734229,0.333548,1,-0.0650242,-0.00682497,0.500526,-0.0951698,-0.0325121,nan,-1.5214,-0.229176,1,0.242612,-0.468543,0.0889931,-1.3431,-0.278694,-0.634427,nan,nan,0,1.30237,0.0252151,0.481788,34.7497,0.601185,0.996903,nan,nan,0,0.214565,0.291556,-1.96704,5.49451,0.417283,0.181139,nan,nan,0,-0.195138,0.563459,-0.230153,-12.0391,0.392431,0.423449,nan,nan,0,-0.322094,-0.217675,-0.693153,-10.103,-0.371047,nan,-4.32829,-12.6442,1,-0.806768,-0.0733466,1.87986,-6.11845,-0.403384,nan,-12.7209,-7.75574,1,0,0.970715,0.023267,0.003253,0.239082,0.339507,0.206102,-0.0304961,-0.631896,0.202891,8.83655
1787645122286217182,-0.893761,-0.448544,0.458599,0.18617,0.4,-0,0.178502,0.0506738,-0.00393379,0.486455,0.510683,0.161595,0.603011,0.73853,0.497305,0.929819,11.1111,0.769265,1.03931,nan,nan,0,0.343686,0.0639486,0.549299,-3.68742,0.221843,0.022588,nan,nan,0,0.0210788,-0.338727,-0.598398,-0.512817,-0.299461,-0.373047,nan,nan,0,0.234786,0.756743,1.94249,2.71062,0.607393,0.839235,nan,nan,0,-0.000737786,-0.216203,-0.415197,0.194912,-0.210369,nan,0.826999,0.0589097,1,-0.116585,0.00116656,0.406556,-0.0475647,-0.0582925,nan,-2.39361,-0.740873,1,0.447814,-0.468734,-0.046031,-1.78266,-0.176093,-0.469604,nan,nan,0,0.802732,0.0326934,0.880719,25.1282,0.351366,0.818724,nan,nan,0,0.723392,0.274107,-1.5988,2.61295,0.671696,0.24492,nan,nan,0,-0.412282,0.560391,-0.340627,-9.15751,0.283859,0.429052,nan,nan,0,-0.311275,-0.23244,-1.88615,-8.99007,-0.365637,nan,-1.83269,-7.55512,1,-0.837359,-0.0560405,1.48124,-7.14854,-0.418679,nan,-13.101,-10.6518,1,0,0.97024,0.025062,0.004193,0.240807,0.510683,0.161595,0.603011,2.20702,-1.10265,6.8876
1787645122296275786,-0.938738,-0.344633,0.461094,0.190447,0.4,-0,-0.14475,0.0560292,-0.00193271,0.492984,0.565095,0.299734,0.654781,0.679946,0.507851,1.11394,8.47375,0.739973,0.931757,nan,nan,0,0.49584,0.0685506,0.426551,-1.05006,0.29792,0.124656,nan,nan,0,-0.00489118,-0.343904,-0.481788,0.463982,-0.312446,-0.334953,nan,nan,0,0.229968,0.775727,1.8443,-6.42247,0.604984,0.710426,nan,nan,0,0.0516503,-0.218279,-0.363431,-0.116645,-0.184175,nan,1.7388,0.133915,1,-0.116009,0.0017985,0.277365,-0.47516,-0.0580045,nan,-2.21014,-1.54143,1,0.676917,-0.469501,-0.0705805,0.170937,-0.0615415,-0.301592,nan,nan,0,0.676862,0.0440063,1.23055,21.514,0.288431,0.586533,nan,nan,0,0.828073,0.262986,-0.90527,3.39439,0.724036,0.428436,nan,nan,0,-0.416571,0.557131,-0.340627,-11.4042,0.281714,0.377004,nan,nan,0,-0.139667,-0.255418,-2.22979,-7.32665,-0.279834,nan,2.49015,-3.4472,1,-0.85565,-0.0447766,0.806952,-10.8303,-0.427825,nan,-12.7019,-12.4378,1,0,0.969386,0.0274,0.005898,0.243934,0.565095,0.299734,0.654781,0.410883,1.32986,2.64645
1787645122306216583,-0.971505,-0.23702,0.463539,0.194638,0.4,-0,-0.14475,0.0610444,0.000251628,0.499391,0.375239,0.188289,0.604139,0.794639,0.518589,1.22441,6.76434,0.797319,0.815968,nan,nan,0,0.513791,0.0714269,0.309939,1.48962,0.306896,0.222251,nan,nan,0,-0.0943949,-0.347164,-0.273115,1.24542,-0.357197,-0.31249,nan,nan,0,0.27252,0.789149,1.58652,-11.7949,0.62626,0.627478,nan,nan,0,0.0388215,-0.222437,-0.317594,0.195407,-0.190589,nan,1.59106,0.802054,1,-0.101155,0.00523392,0.0439775,-1.09201,-0.0505777,nan,-1.74032,-2.06133,1,0.651221,-0.469884,-0.0276184,3.39439,-0.0743897,-0.161501,nan,nan,0,0.795967,0.055512,1.26124,17.5092,0.347983,0.393589,nan,nan,0,0.704531,0.257809,-0.426551,8.27839,0.662265,0.610074,nan,nan,0,-0.393892,0.555022,-0.125817,-24.7863,0.293054,0.317684,nan,nan,0,-0.102366,-0.269949,-1.68712,-6.56423,-0.261183,nan,2.83749,-0.0828895,1,-0.885364,-0.0409581,0.539443,-11.9447,-0.442682,nan,-12.8609,-12.9663,1,0,0.968537,0.02954,0.007663,0.24699,0.375239,0.188289,0.604139,-0.352671,-0.290564,4.16696
1787645122316270619,-0.99189,-0.127103,0.465935,0.198745,0.4,-0,-0.14475,0.0616677,0.000345813,0.506327,-0.110648,0.1391,0.803473,0.758963,0.532395,1.24897,5.83639,0.779481,0.768889,nan,nan,0,0.33976,0.0735364,0.138092,9.45055,0.21988,0.286077,nan,nan,0,-0.210617,-0.349082,-0.187191,2.46642,-0.415309,-0.321698,nan,nan,0,0.266259,0.802956,0.929819,-13.8462,0.62313,0.6031,nan,nan,0,0.00120971,-0.226598,-0.237053,0.778877,-0.209395,nan,0.95768,1.38483,1,-0.0563598,0.00512053,-0.366663,-1.58922,-0.0281799,nan,-0.449018,-1.99633,1,0.417142,-0.469501,0.0521679,8.52259,-0.191429,-0.0825118,nan,nan,0,1.07667,0.0672083,0.911407,19.1209,0.488333,0.31442,nan,nan,0,0.869874,0.254932,-0.224015,14.8718,0.744937,0.690635,nan,nan,0,-0.33967,0.555789,0.125817,-27.9121,0.320165,0.289242,nan,nan,0,-0.218309,-0.278301,-0.28508,-4.35827,-0.319155,nan,-1.00227,1.88882,1,-1.00129,-0.0351852,0.62305,-12.9387,-0.500644,nan,-14.8983,-13.0207,1,0,0.967665,0.029803,0.007889,0.250344,-0.110648,0.1391,0.803473,4.55915,-2.92919,8.48652
1787645122326249134,-0.999868,-0.0162605,0.468283,0.20277,0.4,-0,-0.14475,0.0593396,0.00103118,0.514292,-0.11397,0.325336,0.669445,0.747666,0.542942,1.15077,6.12943,0.773833,0.765646,nan,nan,0,0.265203,0.0739198,0.00920582,10.4762,0.182601,0.283488,nan,nan,0,-0.230198,-0.352342,-0.371314,2.51526,-0.425099,-0.360395,nan,nan,0,0.16196,0.808133,0.432689,-15.0183,0.57098,0.607458,nan,nan,0,-0.0534692,-0.226596,-0.15223,0.85607,-0.236735,nan,-0.12652,1.38896,1,-0.0151628,-0.00297286,-0.695076,-1.54184,-0.00758141,nan,0.904357,-1.2424,1,0.46329,-0.468734,0.101268,11.1111,-0.168355,-0.0973063,nan,nan,0,1.16811,0.0723858,0.457238,17.2161,0.534053,0.357494,nan,nan,0,0.904568,0.252823,-0.242428,16.1905,0.762284,0.723181,nan,nan,0,-0.25667,0.557323,0.174916,-27.7656,0.361665,0.293119,nan,nan,0,-0.132102,-0.274216,0.842111,-1.67495,-0.276051,nan,-1.32741,1.16446,1,-0.986803,-0.0307211,0.573418,-13.3808,-0.493401,nan,-14.7405,-13.6667,1,0,0.966697,0.028559,0.008043,0.254195,-0.11397,0.325336,0.669445,2.3093,1.70867,10.1488
1787645122336272809,-0.995558,0.0941554,0.470584,0.206715,0.4,-0,-0.14475,0.0601617,0.00409577,0.519006,0.198902,0.30516,0.235919,0.819139,0.554255,0.972781,6.61783,0.80957,0.769932,nan,nan,0,0.325696,0.0739198,0.00920582,7.35043,0.212848,0.239399,nan,nan,0,-0.256232,-0.355217,-0.199466,0.757019,-0.438116,-0.400138,nan,nan,0,0.0543489,0.8089,-0.0583057,-12.967,0.517174,0.599161,nan,nan,0,-0.078433,-0.226581,-0.0441059,1.01106,-0.249217,nan,-0.726068,0.782621,1,-0.0408772,-0.0138294,-0.935091,-0.877457,-0.0204386,nan,1.20436,-0.0402984,1,0.512495,-0.467584,0.125817,9.45055,-0.143752,-0.139804,nan,nan,0,0.892856,0.0739198,0.00306892,17.4603,0.396428,0.447122,nan,nan,0,0.650154,0.253207,0.266977,14.5788,0.635077,0.747191,nan,nan,0,-0.276305,0.559049,0.0889931,-24.1514,0.351848,0.320895,nan,nan,0,-0.0923843,-0.25768,1.71181,-0.363313,-0.256192,nan,-2.51563,-0.685426,1,-0.910661,-0.0196359,0.723539,-13.7616,-0.45533,nan,-14.1561,-14.4805,1,0,0.966094,0.028544,0.009696,0.256424,0.198902,0.30516,0.235919,0.136443,4.93811,9.49431
1787645122346215483,-0.979213,0.202837,0.472839,0.21058,0.4,-0,-0.0737616,0.062702,0.00737341,0.520313,0.186576,0.192383,0.0549934,0.818119,0.562884,0.819346,6.86203,0.80906,0.784528,nan,nan,0,0.357571,0.0739198,0.00920582,6.56898,0.228786,0.210509,nan,nan,0,-0.219754,-0.356751,-0.138092,-0.805862,-0.419877,-0.426326,nan,nan,0,0.0147246,0.806599,-0.279252,-17.558,0.497362,0.565676,nan,nan,0,-0.0290013,-0.228599,0.0543733,0.310605,-0.224501,nan,0.0618668,-0.0396664,1,-0.0582598,-0.0193232,-0.964036,-0.450361,-0.0291299,nan,1.15185,0.928118,1,0.259129,-0.46605,0.156505,8.66911,-0.270436,-0.156532,nan,nan,0,0.63427,0.0731525,-0.0828552,15.5556,0.267135,0.466766,nan,nan,0,0.302999,0.260493,0.929819,11.8926,0.4615,0.718689,nan,nan,0,-0.25073,0.559049,-0.0153437,-21.3187,0.364635,0.344616,nan,nan,0,-0.154903,-0.243198,1.40575,1.8331,-0.287451,nan,-3.65749,-2.12442,1,-0.820891,-0.0123866,0.906682,-15.1115,-0.410446,nan,-13.3018,-14.728,1,0,0.965897,0.029343,0.011624,0.256992,0.186576,0.192383,0.0549934,-1.73731,1.70432,8.63615
1787645122356298326,-0.951215,0.308529,0.475048,0.214369,0.4,-0,-0.0737616,0.0640571,0.00872819,0.520825,0.0343461,0.0448957,-0.00223084,0.576891,0.569787,0.66591,7.74115,0.688445,0.799995,nan,nan,0,0.271341,0.0739198,-0.0153437,6.12943,0.18567,0.209717,nan,nan,0,-0.173895,-0.357519,-0.156505,-1.14774,-0.396947,-0.432532,nan,nan,0,-0.0584442,0.802572,-0.481788,-15.8486,0.460778,0.527051,nan,nan,0,-0.0395795,-0.226472,0.129554,-0.115921,-0.22979,nan,-0.310453,-0.37407,1,-0.00436995,-0.0300143,-0.846891,0.474337,-0.00218498,nan,2.10522,1.3633,1,-0.249876,-0.464132,0.21174,7.39927,-0.524938,-0.19611,nan,nan,0,0.425444,0.0723858,-0.0583057,15.7998,0.162722,0.394512,nan,nan,0,0.0318603,0.275258,1.67245,7.54578,0.32593,0.61368,nan,nan,0,-0.166528,0.558474,-0.09513,-18.6813,0.406736,0.358219,nan,nan,0,-0.294614,-0.236987,0.372278,1.23405,-0.357307,nan,-4.76964,-2.93038,1,-0.703041,-0.00216741,0.993674,-14.1337,-0.35152,nan,-11.9711,-14.3835,1,0,0.965814,0.02982,0.01246,0.25721,0.0343461,0.0448957,-0.00223084,-2.6248,1.33753,10.5163
1787645122366237216,-0.912066,0.410043,0.477214,0.218081,0.4,-0,-0.0737616,0.0633611,0.0112083,0.520615,-0.271752,0.229985,0.0825418,0.273284,0.575731,0.555436,5.59219,0.536642,0.768634,nan,nan,0,0.27956,0.0737281,-0.00306892,4.46886,0.18978,0.204917,nan,nan,0,-0.12154,-0.362504,-0.573849,-0.170937,-0.37077,-0.420274,nan,nan,0,-0.293858,0.795477,-0.807072,-14.6276,0.343071,0.490816,nan,nan,0,-0.0771081,-0.22435,0.125514,-0.11493,-0.248554,nan,-1.0354,-0.404838,1,0.0802144,-0.037934,-0.581325,0.901653,0.0401072,nan,3.21322,1.69543,1,-0.233062,-0.462023,0.224015,7.15507,-0.516531,-0.325228,nan,nan,0,0.231406,0.0714269,-0.138092,15.0183,0.0657028,0.279845,nan,nan,0,-0.0602007,0.290215,1.24897,6.2271,0.2799,0.468778,nan,nan,0,-0.0152575,0.55694,-0.181053,-17.3138,0.482371,0.378573,nan,nan,0,-0.0924994,-0.239061,-0.530864,-0.0751243,-0.25625,nan,0.194697,-3.52456,1,-0.517135,0.00590246,0.576147,-13.9407,-0.258568,nan,-8.79832,-13.3578,1,0,0.965856,0.029166,0.013565,0.257073,-0.271752,0.229985,0.0825418,-3.89487,-1.38092,9.61632
1787645122376258685,-0.862379,0.506263,0.479337,0.22172,0.4,-0,-0.0737616,0.0603104,0.012119,0.523037,-0.305002,-0.0523835,0.302132,-0.0440301,0.5811,0.549299,3.7851,0.377985,0.671651,nan,nan,0,0.18561,0.0739198,0.046031,4.22466,0.142805,0.195476,nan,nan,0,0.0331255,-0.36749,-0.438826,-0.317459,-0.293437,-0.397077,nan,nan,0,-0.46774,0.784739,-1.17532,-14.2857,0.25613,0.428664,nan,nan,0,-0.118671,-0.222263,0.0885839,-0.231538,-0.269335,nan,-1.78041,-0.619764,1,0.146665,-0.0428886,-0.161193,1.02058,0.0733325,nan,3.72842,2.2849,1,-0.290038,-0.459722,0.224015,3.19902,-0.545019,-0.452571,nan,nan,0,-0.343567,0.0687423,-0.316077,10.5739,-0.221783,0.161879,nan,nan,0,-0.0242283,0.29635,0.352901,5.05495,0.297886,0.348057,nan,nan,0,-0.116266,0.555022,-0.174916,-17.9487,0.431867,0.421923,nan,nan,0,-0.0837117,-0.249432,-1.11762,-2.08098,-0.251856,nan,1.59158,-2.35013,1,-0.330228,0.00828517,0.471607,-13.3489,-0.165114,nan,-5.90939,-11.3013,1,0,0.965588,0.027559,0.013646,0.258249,-0.305002,-0.0523835,0.302132,-2.90949,-0.302672,8.50908
1787645122386399616,-0.802867,0.596158,0.481417,0.225285,0.4,-0,-0.0737616,0.058214,0.011788,0.525705,-0.178521,-0.026526,0.248445,-0.0840428,0.586277,0.524749,1.29426,0.357979,0.529726,nan,nan,0,0.120693,0.0746865,0.0889931,4.32234,0.110347,0.175005,nan,nan,0,0.0767011,-0.370942,-0.291528,-0.0244217,-0.271649,-0.35323,nan,nan,0,-0.495309,0.771892,-1.53129,-14.5299,0.242346,0.342962,nan,nan,0,-0.172091,-0.222269,0.03056,-0.464316,-0.296046,nan,-2.62802,-1.11565,1,0.204331,-0.0405226,0.27457,1.59018,0.102166,nan,3.86879,2.93398,1,-0.200801,-0.457805,0.187191,0.805862,-0.500401,-0.524306,nan,nan,0,-0.71951,0.0645242,-0.481788,7.64347,-0.409755,-0.00829539,nan,nan,0,-0.153464,0.294241,-0.389727,3.2967,0.233268,0.29073,nan,nan,0,-0.206494,0.554638,0.0276184,-16.044,0.386753,0.445775,nan,nan,0,-0.0452606,-0.259787,-1.21505,-2.87435,-0.23263,nan,2.77304,-0.126606,1,-0.206698,0.017814,0.838554,-11.702,-0.103349,nan,-4.89272,-8.6866,1,0,0.965271,0.026572,0.013251,0.259556,-0.178521,-0.026526,0.248445,1.47192,2.84603,8.2909
1787645122396315208,-0.734335,0.678787,0.483455,0.22878,0.4,-0,-0.0858035,0.0557757,0.0115567,0.528073,-0.280933,0.147185,0.206698,-0.156986,0.590879,0.4511,-0.366302,0.321507,0.413681,nan,nan,0,-0.026911,0.0754538,0.0828552,4.07815,0.0365445,0.143393,nan,nan,0,0.00281962,-0.372476,-0.107405,0.805862,-0.30859,-0.306038,nan,nan,0,-0.551694,0.750991,-2.06524,-18.0464,0.214153,0.274687,nan,nan,0,-0.206372,-0.222323,-0.0447218,-0.931055,-0.313186,nan,-3.11314,-1.80215,1,0.303321,-0.0353958,0.745064,2.25462,0.15166,nan,4.49409,3.35339,1,-0.00924759,-0.456271,0.138092,-0.317459,-0.404624,-0.53725,nan,nan,0,-0.883598,0.0587716,-0.604536,1.48962,-0.491799,-0.216459,nan,nan,0,-0.256549,0.288872,-0.549299,2.02686,0.181726,0.259162,nan,nan,0,-0.138391,0.555981,0.181053,-14.5788,0.420805,0.430115,nan,nan,0,0.024878,-0.268006,-0.708659,-1.73525,-0.197561,nan,3.52857,1.69574,1,-0.11609,0.0293803,1.2297,-8.64886,-0.0580451,nan,-4.46731,-6.53638,1,0,0.964994,0.02541,0.012853,0.260718,-0.280933,0.147185,0.206698,2.33334,-0.167932,9.80206
1787645122406307550,-0.657667,0.753309,0.485452,0.232204,0.4,-0,-0.0858035,0.0523251,0.0123863,0.530068,-0.325683,0.12884,0.211346,-0.196795,0.594331,0.303802,-2.36874,0.301603,0.346024,nan,nan,0,-0.243373,0.0758371,0.0398932,3.58974,-0.0716864,0.0951189,nan,nan,0,-0.0720647,-0.3719,0.11968,1.88034,-0.346032,-0.289683,nan,nan,0,-0.604573,0.729323,-2.501,-16.8742,0.187713,0.232868,nan,nan,0,-0.360806,-0.224469,-0.162225,-1.70992,-0.390403,nan,-5.56434,-2.49293,1,0.409187,-0.022151,1.32967,2.72827,0.204594,nan,4.80784,3.67407,1,-0.0509104,-0.455503,0.0767183,-1.5873,-0.425455,-0.491093,nan,nan,0,-0.949515,0.0522523,-0.66591,-6.91087,-0.524757,-0.389319,nan,nan,0,-0.264353,0.283695,-0.487926,0.952377,0.177824,0.221915,nan,nan,0,-0.0657966,0.558282,0.217878,-15.2137,0.457102,0.416063,nan,nan,0,0.0360401,-0.272004,-0.159227,-0.0666022,-0.19198,nan,3.03968,2.80781,1,-0.0550585,0.0400328,1.21682,-6.26738,-0.0275292,nan,-3.85209,-5.19836,1,0,0.964777,0.023624,0.012827,0.261691,-0.325683,0.12884,0.211346,1.42543,-1.0789,7.34397
1787645122416412278,-0.573819,0.818982,0.48741,0.23556,0.4,-0,-0.0858035,0.0482062,0.0135114,0.533441,-0.427194,0.214935,0.452936,-0.364304,0.596056,0.113543,-4.12698,0.217848,0.310781,nan,nan,0,-0.673469,0.0758371,-0.0214806,2.12454,-0.286735,0.0187353,nan,nan,0,-0.101105,-0.370749,0.107406,2.36874,-0.360553,-0.307253,nan,nan,0,-0.522315,0.697876,-3.02882,-22.3443,0.228842,0.204943,nan,nan,0,-0.391562,-0.226594,-0.292788,-1.90624,-0.405781,nan,-5.83236,-3.71143,1,0.506224,-0.00534136,1.91135,2.79899,0.253112,nan,4.88658,3.9625,1,-0.188041,-0.45512,0.0337563,-0.757019,-0.49402,-0.444112,nan,nan,0,-0.955081,0.0440063,-0.886857,-10.6227,-0.527541,-0.492713,nan,nan,0,-0.192666,0.279093,-0.487926,0.512817,0.213667,0.191824,nan,nan,0,0.0482963,0.560008,0.150367,-14.7741,0.514148,0.426927,nan,nan,0,0.123193,-0.269774,0.287626,1.68273,-0.148403,nan,3.81652,3.11453,1,-0.0124541,0.0535634,1.34149,-5.49789,-0.00622705,nan,-3.80595,-4.39327,1,0,0.96438,0.021468,0.012867,0.26333,-0.427194,0.214935,0.452936,1.00188,-1.27811,6.58732
1787645122426299589,-0.483803,0.875177,0.489328,0.238849,0.4,-0,-0.0858035,0.0439916,0.0149251,0.537946,-0.405249,0.15029,0.379727,-0.434099,0.595865,-0.0644426,-5.59219,0.182951,0.270337,nan,nan,0,-1.00667,0.0750704,-0.113543,0.610504,-0.453336,-0.114856,nan,nan,0,-0.291772,-0.368832,0.205604,1.19658,-0.455886,-0.335619,nan,nan,0,-0.490573,0.665087,-3.37251,-15.3602,0.244713,0.203061,nan,nan,0,-0.549331,-0.230706,-0.497305,-2.8051,-0.484666,nan,-8.14263,-4.93916,1,0.635064,0.0186395,2.59168,2.96472,0.317532,nan,5.07926,4.1234,1,-0.418621,-0.454737,0.046031,-0.21978,-0.60931,-0.446046,nan,nan,0,-0.811731,0.0332689,-1.13849,-15.6044,-0.455866,-0.534437,nan,nan,0,-0.140304,0.273724,-0.530887,-0.366302,0.239848,0.189313,nan,nan,0,0.122791,0.561542,0.150367,-13.895,0.551395,0.463116,nan,nan,0,0.0699184,-0.267361,0.394969,3.79278,-0.175041,nan,2.63874,3.26944,1,0.0255258,0.0666884,1.78834,-5.65152,0.0127629,nan,-4.30028,-4.08035,1,0,0.963827,0.01922,0.013037,0.265512,-0.405249,0.15029,0.379727,-0.234191,-0.908155,5.54568
1787645122436337369,-0.388679,0.921373,0.491209,0.242072,0.4,-0,-0.0858035,0.0392836,0.016468,0.541596,-0.534997,0.219727,0.370401,-0.533235,0.594139,-0.217878,-6.12943,0.133382,0.223112,nan,nan,0,-1.2335,0.0721941,-0.352901,-0.366302,-0.566749,-0.286694,nan,nan,0,-0.489272,-0.366915,0.125817,1.24542,-0.554636,-0.386083,nan,nan,0,-0.485154,0.629421,-3.63642,-13.4554,0.247423,0.2205,nan,nan,0,-0.621507,-0.236662,-0.674064,-8.38988,-0.520753,nan,-8.93211,-6.30808,1,0.738256,0.0486448,3.07292,5.60452,0.369128,nan,5.00511,4.17205,1,-0.643968,-0.453778,0.125817,-1.24542,-0.721984,-0.507976,nan,nan,0,-0.581881,0.0211887,-1.23669,-17.7045,-0.34094,-0.517598,nan,nan,0,-0.063915,0.270081,-0.193328,-2.51526,0.278042,0.209332,nan,nan,0,0.285659,0.563267,0.187191,-11.9414,0.63283,0.509426,nan,nan,0,0.0564014,-0.264763,0.0692905,4.85953,-0.181799,nan,2.79978,3.17073,1,0.0566105,0.0922951,2.47025,-4.6518,0.0283053,nan,-5.62507,-4.38726,1,0,0.963382,0.016722,0.013186,0.267284,-0.534997,0.219727,0.370401,-0.76609,-1.12164,5.02523
1787645122446324875,-0.289545,0.957165,0.493051,0.24523,0.4,-0,-0.142102,0.032078,0.0200027,0.544336,-0.915437,0.353157,0.150919,-0.71321,0.591838,-0.242428,-4.46886,0.0433952,0.175453,nan,nan,0,-1.11446,0.0677838,-0.506338,-10.6715,-0.507232,-0.447547,nan,nan,0,-0.59129,-0.369791,-0.340627,0.21978,-0.605645,-0.465075,nan,nan,0,-0.521792,0.603151,-2.47645,-44.9084,0.229104,0.237536,nan,nan,0,-0.530698,-0.230263,1.32385,-13.1716,-0.475349,nan,-10.5638,-8.03862,1,0.751308,0.0603269,0.0675873,8.08612,0.375654,nan,9.35843,4.73128,1,-0.853831,-0.451669,0.217878,-2.75946,-0.826916,-0.60998,nan,nan,0,-0.427954,0.0104504,-0.899132,-32.21,-0.263977,-0.445451,nan,nan,0,-0.104493,0.271998,0.5002,-6.61783,0.257754,0.24165,nan,nan,0,0.477494,0.56691,0.481788,-17.265,0.728747,0.568137,nan,nan,0,0.0577276,-0.264103,-0.172496,3.55696,-0.181136,nan,3.16259,3.00785,1,0.0523137,0.115879,2.29043,-4.08344,0.0261569,nan,-6.12729,-5.14141,1,0,0.963061,0.012759,0.013943,0.268618,-0.915437,0.353157,0.150919,-4.20868,-3.71152,9.34172
1787645122456546314,-0.187519,0.982261,0.494857,0.248326,0.4,-0,-0.142102,0.0280065,0.0169839,0.541203,0.578325,-0.438053,-1.22754,-0.373118,0.586853,-0.616811,-4.17583,0.213441,0.114199,nan,nan,0,-1.83014,0.0620313,-0.616811,-16.2882,-0.865069,-0.527009,nan,nan,0,-1.63282,-0.367298,0.444963,-7.25275,-1.12641,-0.546324,nan,nan,0,-0.680591,0.586277,-1.21214,-36.4103,0.149705,0.240418,nan,nan,0,-0.926708,-0.21383,2.12525,-8.28933,-0.673354,nan,-19.2712,-10.047,1,1.13529,0.0537071,-1.25959,5.07022,0.567647,nan,17.3076,7.17648,1,-0.694021,-0.44975,0.230153,-6.47131,-0.747011,-0.724056,nan,nan,0,-0.507657,0.00565672,-0.322214,-24.0049,-0.303828,-0.351349,nan,nan,0,-0.290541,0.290215,2.26778,-11.0134,0.164729,0.260662,nan,nan,0,0.592864,0.57343,0.696597,-3.05251,0.786432,0.645708,nan,nan,0,-0.158532,-0.265459,-0.0936597,2.04524,-0.289266,nan,-0.692779,3.01477,1,0.129763,0.131709,1.3005,-3.62583,0.0648814,nan,-3.95556,-5.72913,1,0,0.963512,0.011223,0.011925,0.267161,0.578325,-0.438053,-1.22754,8.66249,10.1232,41.1175
1787645122466420208,-0.0837356,0.996488,0.496626,0.251359,0.4,-0,-0.142102,0.0338697,0.0228509,0.528697,0.237028,1.43298,-0.757396,-1.49301,0.578224,-0.954369,-4.56654,-0.346504,0.118366,nan,nan,0,-2.85465,0.0541697,-0.850034,-17.2161,-1.37733,-0.65422,nan,nan,0,-1.61334,-0.36097,0.586123,-8.42491,-1.11667,-0.764815,nan,nan,0,-0.249033,0.575731,-1.05871,-21.1722,0.365484,0.2102,nan,nan,0,0.0346101,-0.197285,1.47637,-7.24759,-0.192695,nan,-2.0539,-13.8165,1,1.23135,0.0467098,-0.267394,5.58363,0.615673,nan,17.47,11.6543,1,-0.536882,-0.448216,0.09513,-4.61539,-0.668441,-0.776414,nan,nan,0,-0.581675,0.00450611,-0.0644426,-11.5507,-0.340838,-0.298368,nan,nan,0,-0.0945282,0.310156,1.53129,-4.85959,0.262736,0.233813,nan,nan,0,0.863094,0.578608,0.395864,5.15263,0.921547,0.724666,nan,nan,0,0.105274,-0.263379,0.135983,2.09858,-0.157363,nan,3.50657,1.76799,1,0.0795298,0.137665,-0.00917051,-4.02779,0.0397649,nan,-2.92323,-5.10852,1,0,0.965112,0.01336,0.015451,0.261039,0.237028,1.43298,-0.757396,7.26434,-4.16275,29.5926
1787645122476410292,0.02067,0.999786,0.49836,0.254332,0.4,-0,-0.142102,0.0333381,0.0352109,0.526419,-0.211131,0.657845,0.16273,-1.58219,0.566719,-1.19373,-6.66666,-0.391093,-0.015995,nan,nan,0,-2.89542,0.0440063,-1.05871,-24.2002,-1.39771,-0.956001,nan,nan,0,-1.07115,-0.364422,-0.85617,-10.5739,-0.845575,-0.992692,nan,nan,0,-0.104084,0.564801,-1.26738,-19.072,0.437958,0.243365,nan,nan,0,0.240568,-0.18886,0.441388,-10.9454,-0.0897161,nan,2.80796,-11.6756,1,1.16745,0.0556544,1.76962,9.22444,0.583723,nan,13.1876,15.1587,1,-0.921593,-0.4486,-0.0889931,-6.12943,-0.860796,-0.749526,nan,nan,0,-0.51002,0.00239706,-0.273115,-6.91087,-0.30501,-0.300126,nan,nan,0,0.339376,0.315142,0.193329,-2.22222,0.479688,0.225572,nan,nan,0,0.634878,0.583018,0.494062,9.64591,0.807439,0.818074,nan,nan,0,-0.0103921,-0.261606,0.30906,1.10444,-0.215196,nan,1.16075,1.50317,1,0.0523667,0.128769,-1.12684,-3.80647,0.0261833,nan,-1.3873,-3.61621,1,0,0.965352,0.011512,0.021332,0.259821,-0.211131,0.657845,0.16273,-19.0623,-11.1948,9.57209
1787645122486395533,0.124572,0.992211,0.50006,0.257245,0.4,-0,-0.142102,0.0278961,0.0398762,0.531392,-0.871408,0.161177,0.620613,-0.870562,0.553872,-1.32261,-14.0415,-0.0352808,-0.225531,nan,nan,0,-1.97798,0.0325017,-1.17532,-39.6337,-0.938992,-1.243,nan,nan,0,-0.472207,-0.379762,-1.63562,-16.7277,-0.546104,-1.02045,nan,nan,0,-0.221049,0.549461,-1.39013,-17.851,0.379476,0.335166,nan,nan,0,0.0823966,-0.186349,0.022745,-10.5137,-0.168802,nan,0.580022,-4.62407,1,0.997093,0.0831737,3.38532,13.6512,0.498547,nan,7.38321,15.0372,1,-1.27205,-0.450134,-0.14423,-9.15751,-1.03603,-0.765954,nan,nan,0,-0.215568,-0.00239658,-0.616811,-1.63614,-0.157784,-0.30865,nan,nan,0,0.279709,0.310924,-0.629086,0.170937,0.449854,0.312437,nan,nan,0,0.581138,0.589154,0.739559,13.602,0.780569,0.854696,nan,nan,0,-0.117339,-0.258099,0.423448,1.49222,-0.268669,nan,-1.00512,1.57121,1,-0.0288951,0.109392,-1.97356,-2.74725,-0.0144476,nan,-0.754849,-1.9705,1,0,0.964697,0.008221,0.022897,0.262235,-0.871408,0.161177,0.620613,-2.89242,-0.847621,-2.33954
1787645122496671108,0.226864,0.973926,0.501725,0.260101,0.4,-0,-0.205309,0.0227996,0.0392522,0.536646,-0.112846,-0.165418,0.49437,-0.380767,0.540832,-1.26738,-21.5629,0.209617,-0.24191,nan,nan,0,-2.37734,0.0219555,-0.935957,-56.1905,-1.13867,-1.24043,nan,nan,0,-0.254091,-0.387048,-0.113543,-24.4444,-0.437046,-0.84318,nan,nan,0,-0.255217,0.538148,-1.16918,-15.3114,0.362392,0.389183,nan,nan,0,-0.12743,-0.183599,0.653609,-7.22517,-0.273715,nan,-4.13445,0.0477272,1,1.05471,0.11809,2.81691,16.7901,0.527356,nan,8.05261,11.6563,1,-1.30482,-0.451093,-0.09513,-9.30403,-1.05241,-0.873828,nan,nan,0,-0.0599636,-0.0112171,-0.960506,-3.98046,-0.0799818,-0.26084,nan,nan,0,0.212651,0.300569,-1.09553,5.20146,0.416325,0.406356,nan,nan,0,0.764368,0.598933,1.08939,10.7204,0.872184,0.831752,nan,nan,0,-0.14513,-0.252594,0.549132,0.603027,-0.282565,nan,-1.87268,0.624579,1,0.0255189,0.0892432,-2.35977,-1.46709,0.0127595,nan,1.24514,-0.722858,1,0,0.964027,0.005787,0.021943,0.264831,-0.112846,-0.165418,0.49437,1.41718,4.09742,7.95659
1787645122506306304,0.32647,0.945208,0.503357,0.262899,0.4,-0,-0.205309,0.0237945,0.037998,0.539992,0.00344086,-0.178401,0.102313,0.0192279,0.528944,-1.13849,-21.0745,0.409614,-0.0637432,nan,nan,0,-2.81321,0.0154357,-0.524749,-54.0903,-1.3566,-1.15648,nan,nan,0,-0.629728,-0.373817,1.82588,-22.1001,-0.624864,-0.618334,nan,nan,0,-0.281083,0.528177,-0.794796,-11.2576,0.349459,0.39195,nan,nan,0,-0.294064,-0.172947,1.15935,-0.0134146,-0.357032,nan,-8.18199,-0.339023,1,1.19394,0.133342,0.961673,13.7549,0.596969,nan,12.4663,9.09401,1,-1.26793,-0.452244,-0.107405,-12.674,-1.03396,-0.98544,nan,nan,0,0.26608,-0.0219555,-1.09553,-4.17583,0.0830398,-0.172634,nan,nan,0,0.154708,0.294624,-0.279252,3.68742,0.387354,0.439711,nan,nan,0,0.956711,0.613698,1.43923,5.93407,0.968355,0.830937,nan,nan,0,-0.182936,-0.248894,0.651877,0.237751,-0.301468,nan,-2.81791,-0.746668,1,0.068726,0.0643358,-2.5091,-0.544254,0.034363,nan,2.86446,0.471478,1,0,0.963589,0.006397,0.021481,0.266443,0.00344086,-0.178401,0.102313,3.67041,7.56733,12.0187
1787645122516421393,0.422354,0.906431,0.504957,0.265641,0.4,-0,-0.205309,0.0217754,0.0355744,0.539153,-0.293708,0.0210779,-0.230848,-0.324831,0.518206,-1.04643,-14.1392,0.237585,0.179242,nan,nan,0,-2.81042,0.0119843,-0.316077,-45.3968,-1.35521,-1.19817,nan,nan,0,-0.705382,-0.351766,2.16958,-14.823,-0.662691,-0.535318,nan,nan,0,-0.180407,0.521082,-0.71501,-7.20391,0.399797,0.373941,nan,nan,0,0.089806,-0.162653,0.745272,1.78405,-0.165097,nan,-1.20346,-3.76293,1,1.20251,0.129428,-0.53939,10.6543,0.601257,nan,14.964,9.93587,1,-1.3327,-0.453969,-0.21174,-13.0159,-1.06635,-1.03974,nan,nan,0,0.419963,-0.0336523,-1.206,-0.170937,0.159981,-0.0522021,nan,nan,0,0.0663347,0.297692,0.438826,2.85714,0.343167,0.426756,nan,nan,0,0.990083,0.629229,1.59266,5.44566,0.985042,0.882432,nan,nan,0,-0.199698,-0.243013,0.673552,-0.581345,-0.309849,nan,-3.34959,-2.01342,1,-0.00133104,0.0392731,-2.46196,-0.2356,-0.000665518,nan,2.49478,1.86241,1,0,0.963725,0.005756,0.020042,0.266079,-0.293708,0.0210779,-0.230848,1.99491,-5.65954,14.3177
1787645122526510997,0.513528,0.858073,0.506525,0.268328,0.4,-0,-0.205309,0.0158955,0.0351964,0.536114,-0.683239,0.147473,-0.331643,-0.451422,0.508427,-0.942094,-7.39927,0.174289,0.295981,nan,nan,0,-2.16657,0.00757408,-0.549299,-39.1941,-1.03329,-1.28532,nan,nan,0,-0.651523,-0.33681,1.1569,-9.25519,-0.635761,-0.571561,nan,nan,0,-0.163981,0.513604,-0.776384,-5.93407,0.408009,0.373871,nan,nan,0,0.213294,-0.162929,0.0223952,-0.94001,-0.103353,nan,2.05156,-4.37646,1,1.10532,0.125541,-0.706765,9.67446,0.55266,nan,13.8737,12.5882,1,-1.22863,-0.457421,-0.426551,-10.6227,-1.01431,-1.06052,nan,nan,0,0.310332,-0.046308,-1.26124,4.32234,0.105166,0.068781,nan,nan,0,-0.0132138,0.303062,0.518612,2.36874,0.303393,0.389681,nan,nan,0,0.754849,0.646295,1.7461,8.18071,0.867425,0.942537,nan,nan,0,-0.162456,-0.236953,0.595216,-1.55503,-0.291228,nan,-2.79246,-2.94578,1,-0.0301338,0.0170145,-2.11348,1.20826,-0.0150669,nan,2.20778,2.68359,1,0,0.964144,0.003002,0.019073,0.264674,-0.683239,0.147473,-0.331643,1.96164,-1.87322,9.92054
1787645122536549029,0.599065,0.8007,0.508061,0.270961,0.4,-0,-0.205309,0.00836734,0.0357857,0.532282,-0.654059,0.0859512,-0.472879,-0.355047,0.499798,-0.825483,-6.71551,0.222476,0.275086,nan,nan,0,-1.48256,-0.00105476,-0.997331,-39.3407,-0.691278,-1.23548,nan,nan,0,-0.542148,-0.332208,0.230153,-8.71795,-0.581074,-0.616477,nan,nan,0,-0.173383,0.505167,-0.862308,-5.0061,0.403309,0.389313,nan,nan,0,0.143599,-0.167063,-0.674934,-2.08862,-0.1382,nan,2.02261,-1.64194,1,1.07713,0.12286,0.079813,11.4621,0.538563,nan,12.3514,14.0125,1,-1.0527,-0.463557,-0.696597,-10.525,-0.926352,-1.05132,nan,nan,0,0.134334,-0.0583882,-1.16918,5.88522,0.0171669,0.125207,nan,nan,0,-0.0256489,0.307664,0.469513,1.0989,0.297176,0.344739,nan,nan,0,0.518978,0.664895,1.93022,9.35287,0.749489,0.939602,nan,nan,0,-0.109693,-0.232831,0.382074,-2.17533,-0.264846,nan,-1.69365,-3.19014,1,-0.00726391,0.000286121,-1.47722,1.58711,-0.00363195,nan,2.09829,2.67328,1,0,0.964649,-0.00067,0.018362,0.262894,-0.654059,0.0859512,-0.472879,2.65974,1.56524,6.57871
1787645122546425645,0.678102,0.734968,0.509566,0.273542,0.4,-0,0.121261,0.00229387,0.036237,0.526916,-0.543389,-0.018145,-0.537602,-0.389052,0.492703,-0.659773,-7.54578,0.205474,0.235883,nan,nan,0,-1.17391,-0.0135183,-1.32261,-38.9499,-0.536953,-1.01189,nan,nan,0,-0.645545,-0.331824,0.0705805,-11.0134,-0.632772,-0.619255,nan,nan,0,-0.190266,0.496922,-0.76411,-9.45055,0.394867,0.400752,nan,nan,0,0.114166,-0.173021,-0.868204,-2.0525,-0.152917,nan,2.00595,1.05731,1,1.08749,0.124764,0.644901,13.8718,0.543746,nan,11.6021,13.5512,1,-0.878344,-0.472186,-0.917544,-11.16,-0.839172,-1.00199,nan,nan,0,0.0276025,-0.0687423,-0.960506,5.39683,-0.0361988,0.10029,nan,nan,0,-0.050729,0.311499,0.371314,0.170937,0.284635,0.311338,nan,nan,0,0.380404,0.685412,2.08365,6.27595,0.680202,0.864721,nan,nan,0,-0.100699,-0.23074,0.133363,-2.05828,-0.260349,nan,-1.23637,-2.64963,1,0.037442,-0.00935358,-0.765305,1.61077,0.018721,nan,1.9902,2.271,1,0,0.965341,-0.003611,0.017791,0.260358,-0.543389,-0.018145,-0.537602,2.10919,1.16976,6.00124
1787645122556296645,0.74985,0.661608,0.511042,0.276071,0.4,-0,0.121261,-0.00325216,0.0342942,0.522332,-0.439185,-0.169187,-0.434381,-0.226439,0.486951,-0.530887,-8.76679,0.28678,0.21438,nan,nan,0,-0.989545,-0.0265574,-1.2551,-37.4359,-0.444773,-0.748772,nan,nan,0,-0.589995,-0.327222,0.653635,-13.9927,-0.604998,-0.617841,nan,nan,0,-0.259077,0.490977,-0.5002,-10.232,0.360462,0.401971,nan,nan,0,-0.00653749,-0.179076,-0.416533,-1.043,-0.213269,nan,-0.571935,2.23462,1,1.07694,0.130962,0.394001,14.0903,0.538469,nan,11.6342,12.4577,1,-0.775992,-0.482541,-1.07712,-9.54823,-0.787996,-0.924156,nan,nan,0,-0.0682521,-0.0767965,-0.733422,4.17583,-0.084126,0.0357157,nan,nan,0,-0.081928,0.314375,0.23629,-0.708183,0.269036,0.2921,nan,nan,0,0.3191,0.704396,2.10207,1.3431,0.64955,0.766995,nan,nan,0,-0.0801319,-0.232819,-0.115635,-1.74582,-0.250066,nan,-0.430207,-1.82121,1,0.0753248,-0.0157216,-0.148503,1.65716,0.0376624,nan,1.82428,1.87844,1,0,0.965938,-0.005998,0.016145,0.258196,-0.439185,-0.169187,-0.434381,2.43222,0.343645,7.72363
1787645122566276281,0.813601,0.581424,0.512487,0.27855,0.4,-0,0.121261,-0.00747366,0.0319756,0.517968,-0.378853,-0.178909,-0.36438,-0.187999,0.482348,-0.4511,-7.83883,0.306001,0.231251,nan,nan,0,-0.944264,-0.0367203,-0.874582,-32.4054,-0.422132,-0.550117,nan,nan,0,-0.542236,-0.317251,1.04643,-14.6764,-0.581118,-0.615774,nan,nan,0,-0.271168,0.488101,-0.199466,-10.8181,0.354416,0.387552,nan,nan,0,0.00178692,-0.1812,0.0325259,1.64124,-0.209107,nan,-1.0255,1.46441,1,1.0811,0.133421,-0.156697,12.8403,0.540552,nan,12.449,11.8605,1,-0.715315,-0.493662,-1.12622,-9.20635,-0.757657,-0.846537,nan,nan,0,-0.117567,-0.0829325,-0.549299,2.85714,-0.108783,-0.0311544,nan,nan,0,-0.0945064,0.316101,0.0889931,-0.903542,0.262747,0.278642,nan,nan,0,0.353659,0.726638,1.93636,-7.74115,0.666829,0.69043,nan,nan,0,-0.0520789,-0.232812,-0.22962,-1.47464,-0.236039,nan,0.231477,-1.00545,1,0.0810226,-0.0115716,0.240721,1.34967,0.0405113,nan,1.20141,1.61173,1,0,0.966505,-0.007706,0.014497,0.256122,-0.378853,-0.178909,-0.36438,1.78739,-0.745975,9.82697
1787645122576437675,0.868733,0.495281,0.513904,0.280979,0.4,-0,0.121261,-0.0125489,0.0301864,0.515413,-0.523389,0.00689895,-0.182078,-0.302758,0.478513,-0.426551,-6.17827,0.248621,0.268889,nan,nan,0,-0.815394,-0.0418973,-0.469513,-25.7143,-0.357697,-0.442244,nan,nan,0,-0.439886,-0.309006,0.794796,-11.9414,-0.529943,-0.602062,nan,nan,0,-0.214963,0.487526,-0.046031,-11.7949,0.382518,0.368768,nan,nan,0,0.133103,-0.181281,-0.0673116,2.22544,-0.143449,nan,1.42511,0.0440861,1,1.05538,0.130295,-0.290526,11.8121,0.527688,nan,12.3576,12.0254,1,-0.701131,-0.503824,-1.12008,-5.93407,-0.750565,-0.788857,nan,nan,0,-0.197085,-0.0869589,-0.420414,1.73382,-0.148542,-0.0816957,nan,nan,0,-0.0436388,0.315334,-0.150367,-0.561661,0.288181,0.268637,nan,nan,0,0.3337,0.74428,1.62335,-13.8462,0.65685,0.657213,nan,nan,0,-0.0225263,-0.236984,-0.289773,-0.775245,-0.221263,nan,0.984881,-0.25176,1,0.0665881,-0.00948482,0.566994,1.06491,0.033294,nan,0.432876,1.28982,1,0,0.966823,-0.009913,0.012995,0.254921,-0.523389,0.00689895,-0.182078,0.509921,-3.24937,9.60099
1787645122586271642,0.914716,0.404097,0.515293,0.283359,0.4,-0,0.121261,-0.01828,0.0310083,0.514289,-0.580336,0.0431096,-0.0302269,-0.358337,0.474103,-0.4511,-4.0293,0.220832,0.277634,nan,nan,0,-0.632457,-0.0440063,-0.113543,-19.6581,-0.266228,-0.384879,nan,nan,0,-0.358631,-0.306513,-0.00920582,-8.96215,-0.489315,-0.571639,nan,nan,0,-0.187063,0.487334,0.00306892,-12.2833,0.396469,0.366288,nan,nan,0,0.149657,-0.181251,-0.335959,0.944766,-0.135171,nan,2.11673,0.0158271,1,1.04105,0.123846,-0.301309,11.7175,0.520525,nan,12.3523,12.326,1,-0.732292,-0.514946,-1.10167,-5.0061,-0.766146,-0.757145,nan,nan,0,-0.286325,-0.0906019,-0.33449,1.00122,-0.193163,-0.120411,nan,nan,0,4.14997e-05,0.311882,-0.4511,0.21978,0.310021,0.271621,nan,nan,0,0.247287,0.75636,1.32875,-14.9695,0.613643,0.650527,nan,nan,0,-0.0279587,-0.239065,-0.330316,-0.193484,-0.223979,nan,1.02348,0.453844,1,0.0717606,-0.00240589,0.715821,1.04124,0.0358803,nan,0.0748535,0.786288,1,0,0.966927,-0.012781,0.012669,0.254416,-0.580336,0.0431096,-0.0302269,-3.09557,-2.42614,8.36202
1787645122596412972,0.951115,0.308836,0.516654,0.285692,0.4,-0,0.0100971,-0.0236958,0.0310993,0.514809,-0.520111,-0.0348417,0.1227,-0.262584,0.468926,-0.463376,-4.0293,0.268708,0.25651,nan,nan,0,-0.646128,-0.043623,0.0828552,-15.1648,-0.273064,-0.32775,nan,nan,0,-0.214623,-0.310156,-0.414276,-6.91087,-0.417311,-0.530263,nan,nan,0,-0.184945,0.487334,0.00306892,-11.5995,0.397527,0.378238,nan,nan,0,0.150922,-0.189611,-0.676639,0.280714,-0.134539,nan,2.94249,1.09779,1,1.01029,0.126432,0.00883143,11.4944,0.505147,nan,11.3482,12.3686,1,-0.783486,-0.526643,-1.02802,-5.54334,-0.791743,-0.751308,nan,nan,0,-0.35976,-0.0938621,-0.266977,-0.610504,-0.22988,-0.158326,nan,nan,0,-0.0152716,0.306322,-0.432689,0.463982,0.302364,0.287611,nan,nan,0,0.261542,0.767098,0.960506,-13.5043,0.620771,0.637978,nan,nan,0,-0.0114936,-0.241134,-0.303016,0.193692,-0.215747,nan,1.34307,0.915319,1,0.0740256,0.00883213,0.867653,0.615132,0.0370128,nan,-0.456059,0.232712,1,0,0.966822,-0.015414,0.01202,0.254701,-0.520111,-0.0348417,0.1227,-2.14632,-0.64908,8.72147
1787645122606258472,0.977595,0.210495,0.517987,0.287978,0.4,-0,0.0100971,-0.0274616,0.0324779,0.516173,-0.283873,0.10466,0.129334,-0.259295,0.464132,-0.481788,-5.05495,0.270353,0.249339,nan,nan,0,-0.931509,-0.0424724,0.11968,-10.6715,-0.415754,-0.286032,nan,nan,0,-0.182616,-0.313992,-0.273115,-6.42247,-0.401308,-0.476512,nan,nan,0,-0.115877,0.487526,0.0153437,-11.5018,0.432061,0.390571,nan,nan,0,0.208159,-0.195629,-0.698315,0.565818,-0.105921,nan,4.18728,2.27598,1,1.012,0.128318,0.405837,11.7655,0.505999,nan,10.7217,11.9104,1,-0.786239,-0.536614,-0.960506,-3.63858,-0.793119,-0.765544,nan,nan,0,-0.331432,-0.0959711,-0.174916,-3.58974,-0.215716,-0.196666,nan,nan,0,0.00287195,0.303062,-0.309939,0.65934,0.311436,0.300095,nan,nan,0,0.276672,0.774576,0.549299,-12.9182,0.628336,0.625248,nan,nan,0,0.00457276,-0.243189,-0.246649,0.543,-0.207714,nan,1.61162,1.19749,1,0.0792794,0.0186913,0.896148,0.117926,0.0396397,nan,-0.71577,-0.247983,1,0,0.966604,-0.017418,0.012195,0.255389,-0.283873,0.10466,0.129334,-2.3921,0.555077,7.32444
1787645122616322781,0.993921,0.110096,0.519294,0.290219,0.4,-0,0.0100971,-0.0289495,0.033017,0.517995,-0.0961891,-0.140226,0.2175,0.0248765,0.459147,-0.506338,-4.46886,0.412438,0.258021,nan,nan,0,-1.27274,-0.0411305,0.14423,-10.4274,-0.586371,-0.316304,nan,nan,0,-0.186431,-0.313992,0.101268,-5.93407,-0.403216,-0.429002,nan,nan,0,-0.12461,0.487909,0.0767183,-11.3065,0.427695,0.408234,nan,nan,0,0.102692,-0.201738,-0.402251,1.49187,-0.158654,nan,2.11131,3.31712,1,1.04092,0.136877,0.632115,11.456,0.520458,nan,10.5593,11.1577,1,-0.780614,-0.54601,-0.917544,-4.61539,-0.790307,-0.782383,nan,nan,0,-0.255471,-0.0971217,-0.101268,-5.39683,-0.177736,-0.217696,nan,nan,0,0.0355066,0.302103,0.0644436,-0.122101,0.327753,0.307244,nan,nan,0,0.326824,0.777644,0.242428,-11.7949,0.653412,0.62246,nan,nan,0,0.00474454,-0.247269,-0.155689,1.0472,-0.207628,nan,1.62097,1.42557,1,0.100316,0.0239689,0.798526,-0.0956613,0.0501579,nan,-0.412117,-0.597722,1,0,0.966352,-0.018217,0.012249,0.256281,-0.0961891,-0.140226,0.2175,-3.88174,0.096604,6.36551
1787645122626254138,0.999962,0.00867433,0.520575,0.292414,0.4,-0,0.0100971,-0.0287265,0.0319822,0.519718,0.0566649,-0.166749,0.139224,0.273685,0.453969,-0.506338,-3.73627,0.536842,0.312745,nan,nan,0,-1.43881,-0.0395966,0.162642,-11.8926,-0.669404,-0.428476,nan,nan,0,-0.197634,-0.311307,0.316077,-5.49451,-0.408817,-0.404401,nan,nan,0,-0.131947,0.489443,0.181053,-9.79243,0.424027,0.422866,nan,nan,0,0.0238363,-0.201491,-0.0984215,2.55125,-0.198082,nan,0.266959,3.24899,1,1.02686,0.13884,0.367811,11.8175,0.51343,nan,10.686,10.6435,1,-0.757867,-0.555022,-0.892995,-4.0293,-0.778934,-0.79084,nan,nan,0,-0.136657,-0.0978885,-0.0398932,-5.39683,-0.118329,-0.209341,nan,nan,0,0.00434932,0.30402,0.193329,-0.512817,0.312175,0.316327,nan,nan,0,0.393572,0.777836,-0.09513,-9.89011,0.686786,0.632919,nan,nan,0,0.00531999,-0.247226,-0.0629256,0.892985,-0.20734,nan,1.49041,1.55204,1,0.0658916,0.0312959,0.59579,-0.237618,0.0329458,nan,-0.844188,-0.660325,1,0,0.966143,-0.017987,0.011762,0.257107,0.0566649,-0.166749,0.139224,-2.29604,-0.700379,7.52809
1787645122636459117,0.995691,-0.0927284,0.52183,0.294566,0.4,-0,0.0100971,-0.0277484,0.0311381,0.521434,0.104346,-0.0990102,0.196247,0.379126,0.448984,-0.487926,-2.36874,0.589563,0.415881,nan,nan,0,-1.52139,-0.0382543,0.107406,-15.1648,-0.710697,-0.560837,nan,nan,0,-0.119942,-0.306897,0.438826,-5.15263,-0.369971,-0.39956,nan,nan,0,-0.0818733,0.491745,0.26084,-9.93895,0.449063,0.427676,nan,nan,0,-0.000561517,-0.20364,-0.0228435,2.94401,-0.210281,nan,-0.198163,1.9988,1,0.992153,0.14209,-0.0976219,10.9485,0.496076,nan,10.766,10.6238,1,-0.725167,-0.564034,-0.892995,-4.46886,-0.762583,-0.788896,nan,nan,0,-0.03208,-0.0978885,0.00920582,-5.10378,-0.06604,-0.172253,nan,nan,0,0.0422827,0.30613,0.217878,-0.415138,0.331141,0.319153,nan,nan,0,0.384177,0.775152,-0.346765,-6.95971,0.682089,0.65643,nan,nan,0,0.0323466,-0.245142,0.0527514,1.28236,-0.193827,nan,1.71691,1.53463,1,0.0184751,0.0392451,0.380524,-0.333152,0.00923757,nan,-1.47101,-0.681971,1,0,0.965939,-0.017416,0.011465,0.257926,0.104346,-0.0990102,0.196247,-1.47895,0.080768,8.3227
1787645122646457266,0.981184,-0.193077,0.52306,0.296675,0.4,-0,-0.0665568,-0.0261992,0.0308479,0.523789,0.134263,-0.0546894,0.269911,0.343131,0.444573,-0.402001,-1.48962,0.571565,0.517809,nan,nan,0,-1.44049,-0.0382543,-0.0214806,-19.8535,-0.670245,-0.65999,nan,nan,0,0.00798897,-0.30287,0.432689,-5.20146,-0.306006,-0.390162,nan,nan,0,-0.0323841,0.494237,0.273115,-8.13187,0.473808,0.43525,nan,nan,0,0.0387764,-0.203634,-0.148227,2.18976,-0.190612,nan,0.678113,0.688437,1,0.933882,0.13875,-0.185962,10.69,0.466941,nan,10.1247,10.7768,1,-0.682717,-0.573046,-0.899132,-4.27351,-0.741358,-0.778136,nan,nan,0,-0.00162512,-0.0978885,0.0153437,-3.19902,-0.0508126,-0.119557,nan,nan,0,0.0826622,0.308431,0.248566,-0.415138,0.351331,0.322615,nan,nan,0,0.3045,0.770933,-0.494062,-5.39683,0.64225,0.675516,nan,nan,0,0.0738867,-0.245102,0.141117,1.55367,-0.173057,nan,2.3099,1.54123,1,-0.0343585,0.0390472,0.102055,-0.262686,-0.0171792,nan,-1.83988,-0.91855,1,0,0.965651,-0.016644,0.011505,0.259053,0.134263,-0.0546894,0.269911,-1.25922,0.284187,8.38975
1787645122656512320,0.956616,-0.291351,0.524266,0.298741,0.4,-0,-0.0665568,-0.0246651,0.0302332,0.52681,0.153223,-0.0788573,0.328803,0.244245,0.441505,-0.242428,-0.757019,0.522123,0.572068,nan,nan,0,-1.39988,-0.0392127,-0.107405,-24.2979,-0.64994,-0.695945,nan,nan,0,0.0841782,-0.298268,0.475651,-5.10378,-0.267911,-0.357005,nan,nan,0,-0.00121714,0.496922,0.273115,-7.74115,0.489391,0.452,nan,nan,0,0.0904467,-0.205747,-0.33096,1.7429,-0.164777,nan,1.93039,0.261456,1,0.89388,0.136102,-0.331512,11.1855,0.44694,nan,9.8224,10.6372,1,-0.611667,-0.581867,-0.892995,-3.19902,-0.705833,-0.76085,nan,nan,0,-0.0182797,-0.0975051,0.0276184,-1.24542,-0.0591398,-0.0753767,nan,nan,0,0.106796,0.31054,0.217878,-0.317459,0.363398,0.334264,nan,nan,0,0.197941,0.764606,-0.616811,-3.00366,0.588971,0.670319,nan,nan,0,0.107466,-0.243042,0.206374,1.47832,-0.156267,nan,2.72757,1.79614,1,-0.0720758,0.0392731,-0.094158,-0.688278,-0.0360379,nan,-2.11809,-1.27854,1,0,0.965276,-0.015841,0.011383,0.2605,0.153223,-0.0788573,0.328803,-0.219116,0.176172,8.21811
1787645122666373998,0.922266,-0.386556,0.525447,0.300766,0.4,-0,-0.0665568,-0.0231135,0.0294872,0.530006,0.136942,-0.0657135,0.276987,0.20796,0.440355,-0.0767183,0.610504,0.50398,0.568896,nan,nan,0,-1.21142,-0.040555,-0.150367,-24.9328,-0.555708,-0.685184,nan,nan,0,0.0446799,-0.293282,0.518612,-4.37119,-0.28766,-0.311409,nan,nan,0,-0.0584103,0.49999,0.297665,-7.59463,0.460795,0.471847,nan,nan,0,0.0216086,-0.212171,-0.601037,0.89273,-0.199196,nan,1.3557,0.8583,1,0.862078,0.132666,-0.684024,10.9528,0.431039,nan,9.97722,10.3594,1,-0.515328,-0.590688,-0.862308,-3.05251,-0.657664,-0.735349,nan,nan,0,-0.0598937,-0.0971217,0.0521679,-0.0732574,-0.0799468,-0.0552554,nan,nan,0,0.0390226,0.312841,0.26084,-0.170937,0.329511,0.349372,nan,nan,0,0.0664265,0.758086,-0.69046,-2.90598,0.523213,0.637708,nan,nan,0,0.0946536,-0.240981,0.300625,1.71278,-0.162673,nan,2.28983,2.21405,1,-0.0936508,0.0361361,-0.306095,-1.1144,-0.0468254,nan,-2.0297,-1.64104,1,0,0.964877,-0.015013,0.011201,0.262031,0.136942,-0.0657135,0.276987,0.263059,0.473422,8.55556
1787645122676559522,0.878506,-0.477731,0.526605,0.302751,0.4,-0,-0.0665568,-0.0215648,0.0289068,0.531819,0.145993,-0.084719,0.0939737,0.238128,0.440355,0.0521679,1.53846,0.519064,0.539167,nan,nan,0,-0.959801,-0.042089,-0.162642,-24.1514,-0.429901,-0.634211,nan,nan,0,-0.0394199,-0.287722,0.604536,-3.34554,-0.32971,-0.285363,nan,nan,0,-0.109958,0.503441,0.377452,-6.86203,0.435021,0.475973,nan,nan,0,-0.091693,-0.218582,-0.712558,0.946451,-0.255847,nan,-0.235414,1.45977,1,0.840681,0.123296,-0.967818,10.7974,0.420341,nan,10.363,10.239,1,-0.376732,-0.599316,-0.85617,-1.92918,-0.588366,-0.698736,nan,nan,0,-0.0726138,-0.0965462,0.0767183,0.854698,-0.0863069,-0.0590605,nan,nan,0,-0.00622968,0.315717,0.291528,0.0244217,0.306885,0.348894,nan,nan,0,-0.0803908,0.750799,-0.757972,-5.44566,0.449805,0.584144,nan,nan,0,0.0450082,-0.236877,0.416003,1.8683,-0.187496,nan,1.10434,2.36745,1,-0.114354,0.0322386,-0.571668,-1.16215,-0.0571772,nan,-1.82497,-1.83119,1,0,0.964655,-0.0142,0.011111,0.262895,0.145993,-0.084719,0.0939737,0.524239,0.907986,8.59077
1787645122686381760,0.825803,-0.563959,0.527739,0.304696,0.4,-0,-0.0665568,-0.0205326,0.0279593,0.532057,0.0956903,-0.0227794,-0.0566159,0.14211,0.441122,0.0889931,2.17339,0.471055,0.519357,nan,nan,0,-0.571048,-0.0434313,-0.113543,-23.5165,-0.235524,-0.541662,nan,nan,0,-0.0199705,-0.280818,0.71501,-2.71062,-0.319985,-0.293817,nan,nan,0,-0.164919,0.508043,0.494062,-8.03419,0.407541,0.461034,nan,nan,0,-0.131845,-0.225053,-0.686656,1.01109,-0.275923,nan,-0.750458,1.10143,1,0.760413,0.11192,-1.10565,10.0266,0.380207,nan,9.70708,10.3731,1,-0.234715,-0.607562,-0.819346,-1.48962,-0.517358,-0.646835,nan,nan,0,-0.0932949,-0.0959711,0.0705805,0.903542,-0.0966475,-0.0723906,nan,nan,0,-0.0349008,0.318977,0.309939,-0.122101,0.29255,0.331814,nan,nan,0,-0.222284,0.74217,-0.899132,-6.42247,0.378858,0.516976,nan,nan,0,0.00085615,-0.232767,0.558555,1.71267,-0.209572,nan,-0.0260039,1.9133,1,-0.156902,0.0230109,-0.894134,-1.44636,-0.0784509,nan,-1.70265,-1.75258,1,0,0.964639,-0.013579,0.010788,0.263001,0.0956903,-0.0227794,-0.0566159,1.30425,-0.436602,8.74057
1787645122696454045,0.764708,-0.644377,0.528851,0.306602,0.4,-0,-0.00385079,-0.0194642,0.0275264,0.530783,0.145749,-0.0423347,-0.192034,0.0232221,0.441889,0.0705805,2.8083,0.411611,0.49863,nan,nan,0,-0.182655,-0.0440063,-0.0153437,-20.9768,-0.0413273,-0.400264,nan,nan,0,0.0279518,-0.274299,0.592261,-2.8083,-0.296024,-0.310373,nan,nan,0,-0.211662,0.513604,0.586123,-11.9414,0.384169,0.43556,nan,nan,0,-0.119346,-0.231529,-0.682816,1.15219,-0.269673,nan,-0.310812,0.22332,1,0.672538,0.100902,-1.06641,10.1573,0.336269,nan,8.66063,10.31,1,-0.0430757,-0.615424,-0.770247,-0.512817,-0.421538,-0.58201,nan,nan,0,-0.0591459,-0.0952039,0.0644436,1.19658,-0.0795729,-0.0858298,nan,nan,0,0.0089279,0.32147,0.230153,-0.268623,0.314464,0.310737,nan,nan,0,-0.373068,0.732966,-1.08325,-9.35287,0.303466,0.444208,nan,nan,0,-0.0828896,-0.22658,0.722224,1.32313,-0.251445,nan,-1.95359,0.94438,1,-0.190756,0.00948679,-1.21927,-1.39961,-0.0953778,nan,-1.31704,-1.53354,1,0,0.964817,-0.013,0.010728,0.262379,0.145749,-0.0423347,-0.192034,0.852236,0.387772,8.42153
1787645122706393223,0.695857,-0.71818,0.529941,0.30847,0.4,-0,-0.00385079,-0.017967,0.027091,0.528051,0.186631,0.0133161,-0.341927,-0.104209,0.442081,-0.00306892,3.49207,0.347895,0.460482,nan,nan,0,0.254817,-0.0432396,0.125817,-16.8742,0.177408,-0.220825,nan,nan,0,0.00786506,-0.269506,0.444963,-3.44322,-0.306067,-0.311374,nan,nan,0,-0.311779,0.519932,0.659773,-17.0696,0.33411,0.407807,nan,nan,0,-0.0977434,-0.240089,-0.755171,0.638255,-0.258872,nan,0.475354,-0.27818,1,0.560756,0.0944724,-0.838492,9.50217,0.280378,nan,6.8349,9.70255,1,0.118404,-0.622518,-0.678185,0.708183,-0.340798,-0.502949,nan,nan,0,-0.00318274,-0.0950122,0.0153437,1.14774,-0.0515914,-0.0888198,nan,nan,0,-0.0190445,0.322045,-0.0214806,-0.0244217,0.300478,0.303727,nan,nan,0,-0.474349,0.718777,-1.4024,-12.6252,0.252825,0.369586,nan,nan,0,-0.23645,-0.218281,0.838761,0.856597,-0.328225,nan,-5.10619,-0.503182,1,-0.220684,-0.000418835,-1.41656,-1.40164,-0.110342,nan,-1.17286,-1.28659,1,0,0.965187,-0.012206,0.010731,0.261052,0.186631,0.0133161,-0.341927,-0.453445,0.019049,8.11375
1787645122716491931,0.619961,-0.784633,0.531009,0.310301,0.4,-0,-0.00385079,-0.0156027,0.0271945,0.524357,0.30557,-0.0383819,-0.367402,-0.162413,0.441697,-0.0767183,2.71062,0.318794,0.406271,nan,nan,0,0.508555,-0.040555,0.352901,-10.6227,0.304277,-0.0170704,nan,nan,0,0.0445134,-0.264712,0.518612,-3.7851,-0.287743,-0.307266,nan,nan,0,-0.394224,0.527027,0.751834,-18.1441,0.292888,0.372998,nan,nan,0,-0.0628697,-0.246287,-0.936015,0.398121,-0.241435,nan,1.57385,-0.0808649,1,0.451359,0.0875506,-0.122651,8.64863,0.225679,nan,4.32784,8.37701,1,0.276324,-0.628654,-0.561574,2.12454,-0.261838,-0.417061,nan,nan,0,0.0537845,-0.0950122,0.00306892,0.463982,-0.0231078,-0.0758116,nan,nan,0,0.0393248,0.320511,-0.168779,0.170937,0.329662,0.302838,nan,nan,0,-0.588494,0.704204,-1.72768,-14.0904,0.195753,0.302172,nan,nan,0,-0.427729,-0.209928,0.887328,-0.625555,-0.423864,nan,-8.81878,-2.69252,1,-0.23162,-0.0158005,-1.55927,-1.21399,-0.11581,nan,-0.661373,-1.03723,1,0,0.965681,-0.011058,0.01111,0.259256,0.30557,-0.0383819,-0.367402,-0.849553,0.185138,9.18147
1787645122726347339,0.537797,-0.843074,0.532055,0.312095,0.4,-0,-0.00385079,-0.01209,0.0267545,0.520676,0.406686,-0.0204598,-0.40405,-0.186287,0.440355,-0.156505,1.0989,0.306857,0.354762,nan,nan,0,0.623359,-0.0346107,0.696597,-6.52015,0.361679,0.169943,nan,nan,0,0.0921992,-0.259534,0.524749,-3.5409,-0.2639,-0.299656,nan,nan,0,-0.388299,0.534121,0.788659,-25.1282,0.295851,0.331922,nan,nan,0,0.058165,-0.256511,-1.03792,-0.0873073,-0.180918,nan,4.20264,0.729542,1,0.327328,0.0918376,0.411991,7.88335,0.163664,nan,1.5368,6.25703,1,0.381138,-0.633256,-0.420414,4.66422,-0.209431,-0.332694,nan,nan,0,0.185049,-0.0948205,0.00306892,0.903542,0.0425244,-0.051268,nan,nan,0,0.0824952,0.319169,-0.101268,-0.122101,0.351248,0.311003,nan,nan,0,-0.639872,0.681961,-2.18185,-16.6789,0.170064,0.242773,nan,nan,0,-0.602421,-0.201516,0.806581,-1.99593,-0.511211,nan,-12.0492,-5.69531,1,-0.263353,-0.0315179,-1.67227,-1.14485,-0.131676,nan,-0.49635,-0.718853,1,0,0.966177,-0.009284,0.01137,0.257458,0.406686,-0.0204598,-0.40405,-0.661632,-1.25258,9.97219
1787645122736486532,0.450206,-0.892925,0.533081,0.313853,0.4,-0,-0.00385079,-0.00782633,0.0270376,0.516421,0.46532,0.0432715,-0.419457,-0.248974,0.437862,-0.273115,0.757019,0.275513,0.320512,nan,nan,0,0.627883,-0.0254068,1.02802,-1.88034,0.363941,0.300459,nan,nan,0,0.173898,-0.254932,0.426551,-3.05251,-0.223051,-0.28407,nan,nan,0,-0.322738,0.542558,0.739559,-24.6398,0.328631,0.303696,nan,nan,0,0.186189,-0.264689,-0.902752,-0.0128211,-0.116906,nan,6.52654,2.29165,1,0.212563,0.0940681,0.198996,6.83816,0.106281,nan,0.0679066,3.75117,1,0.325534,-0.636132,-0.199466,6.12943,-0.237233,-0.260193,nan,nan,0,0.520497,-0.0948205,0.0153437,1.39194,0.210248,-0.00964588,nan,nan,0,0.184479,0.318785,0.00306892,-0.268623,0.40224,0.329344,nan,nan,0,-0.515144,0.657225,-2.5992,-14.0904,0.232428,0.19689,nan,nan,0,-0.7504,-0.195114,0.532858,-4.39186,-0.5852,nan,-14.4523,-9.02145,1,-0.379639,-0.0488031,-1.79472,-0.548527,-0.189819,nan,-1.5384,-0.382356,1,0,0.966738,-0.007235,0.012071,0.255377,0.46532,0.0432715,-0.419457,-1.28927,-0.985421,10.4426
1787645122746387319,0.358079,-0.933691,0.534086,0.315576,0.4,-0,0.123752,-0.00295154,0.0279235,0.512653,0.522397,0.099038,-0.329587,-0.172682,0.434219,-0.408138,0.268623,0.313659,0.295324,nan,nan,0,0.528237,-0.0133266,1.27965,1.97802,0.314118,0.363068,nan,nan,0,0.229945,-0.251481,0.322214,-2.12454,-0.195028,-0.256962,nan,nan,0,-0.0520299,0.548886,0.592261,-23.663,0.463985,0.303935,nan,nan,0,0.267227,-0.273092,-0.592521,1.57577,-0.0763867,nan,7.77347,4.37992,1,0.108172,0.0946986,-0.489482,4.55548,0.0540862,nan,-0.484151,1.67679,1,0.272221,-0.636516,0.0276184,7.25275,-0.26389,-0.226597,nan,nan,0,0.992696,-0.0944371,0.0521679,2.3199,0.446348,0.081365,nan,nan,0,0.424805,0.319169,0.0214815,0.268623,0.522402,0.361493,nan,nan,0,-0.507704,0.628271,-3.00427,-11.5018,0.236148,0.192781,nan,nan,0,-0.851821,-0.194926,0.0088887,-7.02747,-0.63591,nan,-15.4478,-12.013,1,-0.523251,-0.0695891,-1.76392,-0.283898,-0.261625,nan,-3.11521,-0.534592,1,0,0.967227,-0.004967,0.013131,0.253524,0.522397,0.099038,-0.329587,-1.56842,0.098123,9.07967
1787645122756477116,0.26235,-0.964973,0.535071,0.317264,0.4,-0,0.123752,0.00292032,0.029357,0.509636,0.61963,0.104229,-0.282547,0.113406,0.429425,-0.518612,0.21978,0.456703,0.292159,nan,nan,0,0.320284,0.00105476,1.51287,5.15263,0.210142,0.362284,nan,nan,0,0.115775,-0.248988,0.23629,-1.29426,-0.252112,-0.224638,nan,nan,0,0.253066,0.552913,0.402001,-24.5421,0.616533,0.360583,nan,nan,0,0.236122,-0.275312,-0.341608,3.25765,-0.0919392,nan,6.93045,6.29679,1,0.053013,0.0828334,-1.03092,2.0024,0.0265065,nan,-0.143433,0.448752,1,0.321583,-0.634982,0.230153,7.59463,-0.239208,-0.232286,nan,nan,0,1.50062,-0.0936699,0.125817,4.81075,0.700309,0.244557,nan,nan,0,0.600681,0.319744,0.107406,1.05006,0.610341,0.428738,nan,nan,0,-0.499624,0.596056,-3.305,-8.32722,0.240188,0.212572,nan,nan,0,-0.907086,-0.198767,-0.757533,-8.48353,-0.663543,nan,-15.1309,-14.0579,1,-0.652206,-0.0852458,-1.67786,-0.548273,-0.326103,nan,-4.70893,-1.5124,1,0,0.967609,-0.002287,0.014572,0.252021,0.61963,0.104229,-0.282547,-1.84409,1.22605,7.72052
1787645122766405452,0.163991,-0.986462,0.536036,0.318919,0.4,-0,0.123752,0.0102571,0.0313452,0.507079,0.799128,0.161421,-0.228415,0.413375,0.423481,-0.598398,-0.268623,0.606688,0.348897,nan,nan,0,0.0826349,0.0177374,1.72155,6.2271,0.0913174,0.304207,nan,nan,0,-0.0227754,-0.246687,0.26084,-0.561661,-0.321388,-0.22089,nan,nan,0,0.434471,0.555789,0.26084,-20.4396,0.707235,0.475264,nan,nan,0,0.136493,-0.277654,-0.129374,5.18247,-0.141754,nan,4.95058,7.17576,1,0.0444051,0.0717571,-1.17953,0.461554,0.0222025,nan,0.282654,-0.0175326,1,0.578624,-0.631339,0.426551,7.15507,-0.110688,-0.240941,nan,nan,0,1.59238,-0.0911775,0.322214,7.83883,0.746191,0.466635,nan,nan,0,0.646658,0.322812,0.530887,0.610504,0.633329,0.52001,nan,nan,0,-0.471456,0.562308,-3.33569,-19.8046,0.254272,0.230375,nan,nan,0,-0.831372,-0.210896,-1.12384,-17.8627,-0.625686,nan,-12.8319,-14.7945,1,-0.63268,-0.102262,-1.14359,-4.7776,-0.31634,nan,-4.70696,-2.98469,1,0,0.967919,0.001033,0.016457,0.25072,0.799128,0.161421,-0.228415,-2.80703,2.81717,7.10583
1787645122776375081,0.0639943,-0.99795,0.536982,0.32054,0.4,-0,0.123752,0.0195874,0.0337525,0.505419,0.889328,0.0944134,-0.113981,0.558026,0.417153,-0.629086,-0.317459,0.679013,0.464897,nan,nan,0,-0.0122482,0.0342274,1.56197,12.8205,0.0438759,0.204861,nan,nan,0,-0.128333,-0.243427,0.254703,0.561661,-0.374166,-0.258055,nan,nan,0,0.497868,0.559624,0.475651,-16.3858,0.738934,0.602502,nan,nan,0,0.0440318,-0.275783,0.23538,5.53583,-0.187984,nan,2.71989,6.56108,1,0.0512799,0.0583907,-1.2305,0.0648607,0.0256399,nan,0.863231,0.021439,1,0.700357,-0.625778,0.64136,1.48962,-0.0498213,-0.200231,nan,nan,0,1.44839,-0.0861921,0.579986,18.8767,0.674193,0.650802,nan,nan,0,0.676187,0.332783,1.12622,2.46642,0.648093,0.594331,nan,nan,0,-0.455605,0.539106,-2.2555,-34.0171,0.262198,0.244153,nan,nan,0,-0.73986,-0.209029,0.722669,-20.3226,-0.57993,nan,-14.0655,-14.5076,1,-0.646392,-0.0911589,1.90685,-6.41969,-0.323196,nan,-9.82139,-4.69174,1,0,0.968095,0.005262,0.018787,0.249821,0.889328,0.0944134,-0.113981,-2.7079,0.518274,9.37201
1787645122786369829,-0.0366292,-0.999329,0.537909,0.32213,0.4,-0,0.123752,0.0195851,0.0301374,0.509646,-0.548779,0.112242,1.10582,0.446029,0.411017,-0.610673,1.88034,0.623015,0.586529,nan,nan,0,0.142959,0.0470743,1.17532,8.96215,0.12148,0.109374,nan,nan,0,0.00883427,-0.251864,-1.16918,4.90842,-0.305583,-0.315379,nan,nan,0,0.406302,0.565568,0.635223,-1.88034,0.693151,0.69538,nan,nan,0,0.0866319,-0.271928,0.713685,4.68085,-0.166684,nan,2.61303,4.75927,1,-0.0801782,0.0475622,-1.27757,0.0290834,-0.0400891,nan,-0.713188,0.411754,1,0.914796,-0.616957,0.985056,4.27351,0.0573979,-0.126064,nan,nan,0,2.16147,-0.0789056,0.800934,23.1746,1.03074,0.72012,nan,nan,0,1.98893,0.342371,0.800934,7.10622,1.30446,0.638006,nan,nan,0,-0.484592,0.523575,-1.3042,-28.9377,0.247704,0.255047,nan,nan,0,-0.464166,-0.197125,1.8675,-16.8999,-0.442083,nan,-11.3748,-14.5334,1,-1.20541,-0.0633868,3.54368,-6.67759,-0.602707,nan,-21.4951,-7.68734,1,0,0.967588,0.005677,0.017049,0.251891,-0.548779,0.112242,1.10582,1.45658,-8.20393,33.6337
1787645122796424917,-0.136864,-0.99059,0.538817,0.323687,0.4,-0,-0.325546,0.0167356,0.0362443,0.520377,-0.0279604,0.947338,0.75415,0.682843,0.405073,-0.573849,5.10378,0.741422,0.643843,nan,nan,0,0.30062,0.0557036,0.751834,2.36874,0.20031,0.0792351,nan,nan,0,-0.167265,-0.265671,-1.32875,2.12454,-0.393632,-0.33624,nan,nan,0,0.409206,0.571704,0.567711,7.98535,0.694603,0.724593,nan,nan,0,-0.0497296,-0.263773,1.0717,3.25032,-0.234865,nan,-0.595775,3.09781,1,-0.0984495,0.0378342,-1.05354,0.109064,-0.0492248,nan,-1.03146,0.236649,1,1.99467,-0.605069,1.27965,5.34798,0.597337,-0.0342291,nan,nan,0,2.91134,-0.068934,1.09553,23.4188,1.40567,0.831212,nan,nan,0,2.27936,0.349274,0.708872,8.42491,1.44968,0.867534,nan,nan,0,-0.324768,0.51207,-1.03416,-17.0208,0.327616,0.256699,nan,nan,0,0.216805,-0.178724,1.62247,-12.4632,-0.101598,nan,0.26573,-13.7514,1,-1.35432,-0.0264037,3.21442,-6.90049,-0.677161,nan,-24.3443,-13.8249,1,0,0.966187,0.003423,0.019663,0.257065,-0.0279604,0.947338,0.75415,4.16561,5.35523,21.0437
1787645122806409413,-0.235701,-0.971826,0.539708,0.325213,0.4,-0,-0.325546,0.0191991,0.0450416,0.525656,0.480666,0.495312,0.327024,0.941801,0.400088,-0.444963,6.61783,0.870901,0.686343,nan,nan,0,0.135585,0.0629902,0.745697,-1.44078,0.117792,0.118211,nan,nan,0,-0.586221,-0.274491,-0.751834,0.610504,-0.60311,-0.355323,nan,nan,0,0.26184,0.578224,0.659773,7.83883,0.62092,0.716484,nan,nan,0,-0.293674,-0.253514,1.30236,2.20747,-0.356837,nan,-5.56986,1.20462,1,0.0328378,0.0306477,-0.924116,0.0906529,0.0164189,nan,0.959311,-0.362032,1,2.16725,-0.590496,1.52515,10.2808,0.683627,0.209249,nan,nan,0,2.28944,-0.0557036,1.42695,28.0098,1.09472,1.07802,nan,nan,0,1.69141,0.35982,1.31034,14.188,1.1557,1.18565,nan,nan,0,-0.294938,0.502482,-1.09553,-14.8718,0.342531,0.278698,nan,nan,0,0.286168,-0.166332,0.871355,-11.9217,-0.066916,nan,2.17254,-8.58618,1,-1.15741,-0.000780874,1.65009,-12.0106,-0.578705,nan,-19.8129,-20.0225,1,0,0.965425,0.003417,0.024238,0.259526,0.480666,0.495312,0.327024,-9.70825,9.60919,5.5085
1787645122816356524,-0.332143,-0.943229,0.54058,0.326709,0.4,-0,-0.325546,0.0286451,0.0505654,0.527251,0.87174,0.184599,-0.0671503,0.996793,0.396636,-0.303802,7.4481,0.898397,0.766072,nan,nan,0,0.153713,0.0720024,0.948232,-3.44322,0.126857,0.141395,nan,nan,0,-0.656059,-0.276025,0.205604,-4.85959,-0.63803,-0.447123,nan,nan,0,0.186661,0.58551,0.776384,3.58974,0.583331,0.679645,nan,nan,0,-0.219327,-0.239018,1.37357,1.28131,-0.319664,nan,-4.88294,-1.94489,1,-0.0283991,0.0188264,-0.937071,-0.0958291,-0.0141995,nan,0.41483,-0.138489,1,1.54122,-0.574197,1.67245,19.6093,0.370608,0.487437,nan,nan,0,1.10134,-0.0403633,1.53742,44.6154,0.500672,1.19727,nan,nan,0,0.935853,0.378612,2.03456,22.442,0.777926,1.29688,nan,nan,0,-0.386816,0.490786,-1.04029,-15.3602,0.296592,0.312947,nan,nan,0,0.032029,-0.160108,0.913238,-8.78361,-0.193986,nan,-2.55557,-2.26889,1,-0.967472,-0.00163098,-0.438265,-17.4375,-0.483736,nan,-13.8058,-21.704,1,0,0.965138,0.007236,0.028135,0.260123,0.87174,0.184599,-0.0671503,-6.67417,1.61261,0.20568
1787645122826267208,-0.425218,-0.905091,0.541435,0.328175,0.4,-0,-0.325546,0.034598,0.0497782,0.525029,0.376385,-0.409507,-0.265937,1.07409,0.394144,-0.205604,10.6715,0.937044,0.846263,nan,nan,0,0.00884099,0.0833158,1.206,-5.73871,0.0544205,0.138168,nan,nan,0,-0.666994,-0.274683,-0.107405,-5.44566,-0.643497,-0.557844,nan,nan,0,0.45777,0.59318,0.868444,0.610504,0.718885,0.629774,nan,nan,0,-0.0665735,-0.224507,1.23585,-0.700279,-0.243287,nan,-2.51106,-4.3824,1,-0.0619047,0.00507816,-0.936796,-0.308275,-0.0309524,nan,0.324278,0.369714,1,0.164112,-0.556748,1.77678,28.547,-0.317944,0.548537,nan,nan,0,1.15457,-0.0267491,1.24897,53.3578,0.527283,0.982434,nan,nan,0,0.514983,0.395869,1.31648,28.7912,0.567491,1.13085,nan,nan,0,-0.432145,0.482348,-0.733422,-17.1673,0.273927,0.320886,nan,nan,0,-0.613963,-0.143493,1.88994,-6.97962,-0.516982,nan,-15.907,-0.319686,1,-0.98697,-0.0155939,-2.15543,-20.3553,-0.493485,nan,-11.1036,-18.4852,1,0,0.965408,0.010243,0.028518,0.258975,0.376385,-0.409507,-0.265937,1.18107,-2.27535,5.64351
1787645122836458183,-0.513988,-0.857797,0.542273,0.329611,0.4,-0,-0.325546,0.0373622,0.0450498,0.523717,0.370784,-0.426882,-0.0328807,1.09231,0.392417,-0.14423,12.4298,0.946155,0.904114,nan,nan,0,-0.0932285,0.0950122,1.15077,-0.610504,0.00338576,0.108109,nan,nan,0,-0.53309,-0.280818,-0.837758,-5.73871,-0.576545,-0.626,nan,nan,0,0.838942,0.60296,0.911407,-2.8083,0.909471,0.639262,nan,nan,0,-0.0125665,-0.216203,0.95533,-3.15755,-0.216283,nan,-1.43579,-4.47076,1,-0.00752034,-0.00100026,-0.913973,0.28564,-0.00376017,nan,1.28816,0.537194,1,-0.346192,-0.539682,1.67859,30.6471,-0.573096,0.250931,nan,nan,0,1.80884,-0.0188875,0.549299,49.4994,0.854422,0.701748,nan,nan,0,0.685388,0.395102,-0.530887,26.9353,0.652694,0.847943,nan,nan,0,-0.424685,0.477171,-0.469513,-14.188,0.277658,0.30346,nan,nan,0,-0.54186,-0.120693,2.40989,2.75363,-0.48093,nan,-16.2231,-5.75259,1,-1.11871,-0.0341807,-1.12311,-22.1323,-0.559354,nan,-14.0705,-14.1184,1,0,0.965605,0.012209,0.026586,0.258359,0.370784,-0.426882,-0.0328807,5.49416,-0.95169,12.2445
1787645122846273133,-0.597558,-0.801826,0.543095,0.331019,0.4,-0,-0.00101524,0.0405679,0.0395395,0.523534,0.333841,-0.300845,0.0157306,1.33177,0.391842,-0.0337563,12.9182,1.06589,0.937694,nan,nan,0,-0.106353,0.10575,1.02802,0.170937,-0.00317643,0.0576684,nan,nan,0,-0.459151,-0.294624,-1.62335,-3.98046,-0.539575,-0.629355,nan,nan,0,1.00345,0.61178,0.868444,-2.5641,0.991726,0.743083,nan,nan,0,-0.0752373,-0.20996,0.531737,-2.73245,-0.247619,nan,-2.11564,-3.11738,1,0.0410728,-0.00938268,-0.818561,0.214352,0.0205364,nan,2.12541,0.811128,1,-0.0585397,-0.52415,1.51287,19.4628,-0.42927,-0.185016,nan,nan,0,2.10603,-0.0183125,-0.0828552,30.2076,1.00301,0.6541,nan,nan,0,0.55341,0.387048,-0.653635,14.3834,0.586705,0.668212,nan,nan,0,-0.340282,0.472569,-0.549299,-9.45055,0.319859,0.285952,nan,nan,0,-0.295451,-0.110418,0.52265,-0.598898,-0.357725,nan,-9.43974,-12.2119,1,-1.08633,-0.0319379,1.18847,-15.0014,-0.543167,nan,-17.1196,-12.9879,1,0,0.96565,0.014473,0.024339,0.258297,0.333841,-0.300845,0.0157306,1.82273,2.52477,18.75
1787645122856254811,-0.675085,-0.73774,0.543899,0.332399,0.4,-0,-0.00101524,0.0441346,0.0373536,0.522629,0.362741,-0.220656,-0.180949,1.37183,0.39261,0.138092,11.9414,1.08592,0.989051,nan,nan,0,-0.118633,0.115146,0.880719,-1.78266,-0.00931643,0.0164453,nan,nan,0,-0.400224,-0.315142,-2.16344,-1.63614,-0.510112,-0.592004,nan,nan,0,0.943382,0.620409,0.886857,5.73871,0.961691,0.877185,nan,nan,0,-0.161307,-0.207858,0.203355,-1.83571,-0.290653,nan,-3.20289,-2.08057,1,0.0365149,-0.0153175,-0.645133,0.523937,0.0182575,nan,1.97495,1.38878,1,0.0870632,-0.510152,1.34103,6.37363,-0.356468,-0.435729,nan,nan,0,1.92952,-0.0194631,-0.0521679,23.2234,0.914762,0.789534,nan,nan,0,0.380852,0.388199,0.414276,5.78754,0.500426,0.59513,nan,nan,0,-0.309067,0.464516,-0.831621,-6.32478,0.335466,0.291364,nan,nan,0,-0.200985,-0.112495,-0.924292,-7.45683,-0.310492,nan,-5.54347,-13.0542,1,-1.02935,-0.0173083,0.887564,-12.1961,-0.514673,nan,-16.2523,-14.7169,1,0,0.965753,0.016489,0.023737,0.257845,0.362741,-0.220656,-0.180949,-2.42657,1.94246,15.6553
1787645122866263777,-0.745787,-0.666185,0.544688,0.333751,0.4,-0,-0.00101524,0.0473698,0.0351416,0.521957,0.349589,-0.0804453,0.145305,1.20508,0.395678,0.402001,12.2344,1.00254,1.0458,nan,nan,0,-0.0358091,0.123008,0.745697,-2.5641,0.0320954,-0.00517619,nan,nan,0,-0.353905,-0.337577,-2.21254,-0.268623,-0.486953,-0.547391,nan,nan,0,0.7682,0.630764,1.11394,13.5531,0.8741,0.95639,nan,nan,0,-0.213675,-0.207833,-0.017278,-1.56247,-0.316837,nan,-3.78923,-2.12377,1,-0.00225146,-0.019447,-0.41541,0.881097,-0.00112573,nan,1.17275,1.83819,1,0.176679,-0.49788,1.1569,2.3199,-0.311661,-0.469772,nan,nan,0,1.59734,-0.0177369,0.279252,25.9585,0.748671,0.898777,nan,nan,0,0.544432,0.395486,0.696597,4.12698,0.582216,0.545299,nan,nan,0,-0.359696,0.455887,-1.00347,-5.88522,0.310152,0.311767,nan,nan,0,-0.121597,-0.131084,-1.94606,-10.6157,-0.270798,nan,-1.97091,-9.66278,1,-1.05577,-0.0183646,-0.487381,-13.2331,-0.527884,nan,-14.5545,-15.8515,1,0,0.965824,0.018345,0.02308,0.257512,0.349589,-0.0804453,0.145305,3.54108,-2.96371,9.44669
1787645122876371216,-0.808946,-0.587882,0.545461,0.335076,0.4,-0,-0.00101524,0.0505381,0.0334579,0.524643,0.441749,-0.0398047,0.305813,1.06098,0.40143,0.622948,14.2857,0.93049,1.05212,nan,nan,0,0.108058,0.129144,0.586123,-3.49207,0.104029,0.00116004,nan,nan,0,-0.262712,-0.358478,-1.96704,0.610504,-0.441356,-0.510487,nan,nan,0,0.683995,0.643994,1.43923,15.1648,0.831998,0.949686,nan,nan,0,-0.153082,-0.207836,-0.168821,-1.91398,-0.286541,nan,-2.50143,-2.79289,1,-0.0483479,-0.0231832,-0.0346084,1.1429,-0.0241739,nan,0.0221901,1.69106,1,0.123567,-0.488293,0.886857,3.73627,-0.338217,-0.407609,nan,nan,0,1.36147,-0.0123677,0.635223,29.4261,0.630736,0.878938,nan,nan,0,0.585097,0.400855,0.414276,4.22466,0.602548,0.53768,nan,nan,0,-0.421371,0.444957,-0.917544,-11.0134,0.279314,0.320123,nan,nan,0,-0.13647,-0.149646,-2.01304,-10.8063,-0.278235,nan,-1.48104,-5.24686,1,-1.01121,-0.0310323,-1.52716,-15.1506,-0.505604,nan,-11.9464,-15.2815,1,0,0.965456,0.020062,0.022702,0.258796,0.441749,-0.0398047,0.305813,2.95108,-0.658752,4.07794
1787645122886266583,-0.863925,-0.50362,0.546218,0.336374,0.4,-0,-0.00101524,0.0541591,0.0315583,0.527114,0.214833,-0.23556,0.333633,1.06288,0.408908,0.837758,12.1856,0.931441,1.00574,nan,nan,0,0.076559,0.133746,0.389727,-2.46642,0.0882795,0.0413433,nan,nan,0,-0.206277,-0.375735,-1.65403,1.0989,-0.413139,-0.474984,nan,nan,0,0.771671,0.660676,1.73382,9.69475,0.875835,0.897145,nan,nan,0,-0.078843,-0.209928,-0.305202,-2.10808,-0.249421,nan,-0.924473,-2.96937,1,-0.0547043,-0.0217769,0.302323,1.21368,-0.0273521,nan,-0.620742,0.910647,1,-0.207635,-0.480814,0.702735,3.24786,-0.503818,-0.354142,nan,nan,0,1.48,-0.00488949,0.782521,31.3309,0.690001,0.771567,nan,nan,0,0.384014,0.400088,-0.224015,6.76434,0.502007,0.564192,nan,nan,0,-0.391108,0.438821,-0.592261,-15.8486,0.294446,0.307236,nan,nan,0,-0.207127,-0.161946,-1.00698,-8.62392,-0.313564,nan,-3.79616,-2.36431,1,-0.990059,-0.0457731,-1.64403,-15.5266,-0.495029,nan,-11.0116,-13.6009,1,0,0.965106,0.022029,0.022281,0.259976,0.214833,-0.23556,0.333633,1.75326,-1.30679,8.37062
1787645122896344959,-0.910164,-0.414248,0.546961,0.337647,0.4,-0,-0.115327,0.0534111,0.0275279,0.532595,-0.176432,-0.366079,0.771651,0.887464,0.418687,1.04643,10.2808,0.843732,0.95741,nan,nan,0,0.00677156,0.136239,0.205604,-1.92918,0.0533858,0.0768619,nan,nan,0,-0.232302,-0.389542,-1.2551,1.92918,-0.426151,-0.440591,nan,nan,0,0.808552,0.677167,1.86271,7.30159,0.894276,0.866504,nan,nan,0,-0.0597713,-0.216175,-0.507507,-1.91016,-0.239886,nan,-0.068618,-2.17648,1,-0.0390244,-0.0134114,0.577051,0.570322,-0.0195122,nan,-1.0486,-0.0702272,1,-0.442826,-0.474295,0.653635,2.0757,-0.621413,-0.387426,nan,nan,0,1.71676,0.00258875,0.721148,28.4493,0.808379,0.695473,nan,nan,0,0.733702,0.395294,-0.647498,10.0366,0.676851,0.557271,nan,nan,0,-0.437514,0.435753,-0.187191,-17.8022,0.271243,0.295186,nan,nan,0,-0.375015,-0.165967,0.0600166,-5.0564,-0.397508,nan,-8.19394,-2.23218,1,-1.10219,-0.0610841,-1.10803,-13.9724,-0.551093,nan,-13.0382,-12.0513,1,0,0.964413,0.022138,0.0203,0.262688,-0.176432,-0.366079,0.771651,2.24419,-4.17123,10.8562
1787645122906250921,-0.947193,-0.320665,0.547688,0.338894,0.4,-0,-0.115327,0.0523844,0.0239013,0.540773,0.0417064,-0.0989279,0.788113,0.836755,0.430384,1.206,9.45055,0.818377,0.904227,nan,nan,0,0.0822747,0.137389,0.107406,-0.903542,0.0911373,0.0798772,nan,nan,0,-0.236467,-0.399704,-0.837758,1.5873,-0.428233,-0.422907,nan,nan,0,0.749258,0.695767,1.8443,3.58974,0.864629,0.869584,nan,nan,0,-0.0671806,-0.220353,-0.646471,-1.67489,-0.24359,nan,0.156398,-0.991863,1,-0.0438837,-0.0101879,0.609091,-0.0950894,-0.0219419,nan,-1.26625,-0.815729,1,-0.187659,-0.467775,0.653635,0.512817,-0.49383,-0.49095,nan,nan,0,1.64764,0.00929976,0.66591,26.2027,0.773822,0.712689,nan,nan,0,0.868455,0.386089,-0.942094,10.3297,0.744228,0.585356,nan,nan,0,-0.482866,0.435753,0.0583057,-16.1905,0.248567,0.284284,nan,nan,0,-0.274826,-0.161738,0.657128,-3.42847,-0.347413,nan,-7.48433,-4.69225,1,-1.08241,-0.072195,-0.902612,-12.0872,-0.541207,nan,-12.7164,-11.8566,1,0,0.963351,0.022045,0.018507,0.266692,0.0417064,-0.0989279,0.788113,0.645305,2.93629,10.1678
1787645122916331583,-0.974631,-0.223816,0.548401,0.340116,0.4,-0,-0.115327,0.0548364,0.0228495,0.545964,0.340475,-0.209621,0.256356,0.927189,0.443231,1.33489,6.71551,0.863595,0.853275,nan,nan,0,0.121134,0.137773,0.00306892,-1.05006,0.110567,0.0798635,nan,nan,0,-0.211703,-0.404114,-0.28539,0.366302,-0.415852,-0.420853,nan,nan,0,0.670479,0.715901,1.83202,2.12454,0.825239,0.872784,nan,nan,0,-0.09998,-0.226597,-0.712705,-1.24484,-0.25999,nan,-0.0996999,-0.095534,1,-0.0656509,-0.00455203,0.540126,-0.355754,-0.0328254,nan,-1.65839,-1.22616,1,-0.194988,-0.461256,0.66591,-1.29426,-0.497494,-0.539043,nan,nan,0,1.22949,0.0158191,0.635223,26.9841,0.564745,0.752384,nan,nan,0,0.433761,0.379378,-0.426551,8.18071,0.526881,0.658775,nan,nan,0,-0.485815,0.43652,0.0705805,-16.337,0.247093,0.267811,nan,nan,0,-0.2798,-0.155423,0.405021,-2.53141,-0.3499,nan,-7.41423,-6.94231,1,-0.924912,-0.0781378,-0.61959,-12.5945,-0.462456,nan,-10.6002,-12.2997,1,0,0.96263,0.023319,0.018388,0.269184,0.340475,-0.209621,0.256356,-1.58851,2.29871,6.54545
1787645122926253997,-0.992197,-0.124679,0.5491,0.341314,0.4,-0,-0.115327,0.0593936,0.0207674,0.546321,0.410089,-0.293372,-0.111709,0.951841,0.457229,1.40854,5.68987,0.875921,0.838388,nan,nan,0,0.103301,0.137389,-0.0337563,-1.48962,0.10165,0.0917269,nan,nan,0,-0.182246,-0.404689,0.0153437,-0.366302,-0.401123,-0.419933,nan,nan,0,0.655057,0.734308,1.83202,0.268623,0.817528,0.856702,nan,nan,0,-0.0770674,-0.23491,-0.715756,-0.193774,-0.248534,nan,0.596813,0.243579,1,-0.0512127,0.00192862,0.322397,-0.852539,-0.0256064,nan,-1.30965,-1.48599,1,-0.473394,-0.454928,0.604536,-2.36874,-0.636697,-0.529947,nan,nan,0,1.00945,0.0223389,0.678185,26.8376,0.454724,0.70434,nan,nan,0,0.0487354,0.379954,0.230153,8.47375,0.334368,0.647656,nan,nan,0,-0.388383,0.437095,0.0337563,-17.1184,0.295808,0.253936,nan,nan,0,-0.363848,-0.155361,-0.332228,-4.8306,-0.391924,nan,-7.78136,-7.61355,1,-0.878232,-0.0783316,-0.0748316,-13.0686,-0.439116,nan,-10.7113,-12.0271,1,0,0.962529,0.02579,0.018004,0.269346,0.410089,-0.293372,-0.111709,-2.28737,2.82784,7.77971
1787645122936397769,-0.999706,-0.0242547,0.549784,0.342487,0.4,-0,-0.115327,0.0629744,0.0191745,0.544317,0.23414,-0.208433,-0.246136,0.865635,0.471611,1.4515,6.03175,0.832818,0.851118,nan,nan,0,0.0943807,0.137006,-0.046031,-1.5873,0.0971904,0.101003,nan,nan,0,-0.158153,-0.404306,0.046031,-0.463982,-0.389076,-0.412874,nan,nan,0,0.671361,0.750416,1.78292,-1.53846,0.82568,0.834766,nan,nan,0,0.0151417,-0.239061,-0.650538,0.0782472,-0.202429,nan,2.25793,0.431664,1,-0.0182742,-0.000759329,0.00596062,-1.06521,-0.00913708,nan,-0.260273,-1.44801,1,-0.687186,-0.449367,0.537024,-2.46642,-0.743593,-0.557258,nan,nan,0,1.03376,0.0282831,0.629086,26.3004,0.466878,0.587964,nan,nan,0,-0.0999842,0.383597,0.322214,7.64347,0.260008,0.522514,nan,nan,0,-0.30266,0.436903,-0.0398932,-17.6557,0.33867,0.263132,nan,nan,0,-0.517622,-0.163677,-0.888411,-5.80292,-0.468811,nan,-9.34706,-7.53573,1,-0.86537,-0.0798628,0.070152,-11.9269,-0.432685,nan,-10.6899,-11.4086,1,0,0.962752,0.027746,0.017692,0.268375,0.23414,-0.208433,-0.246136,-3.38627,-1.08714,8.28441
1787645122946254864,-0.997074,0.0764399,0.550455,0.343638,0.4,-0,0.0372495,0.0649258,0.0180418,0.541287,0.151718,-0.2129,-0.328473,0.861989,0.486183,1.48219,6.81319,0.830994,0.85243,nan,nan,0,0.000411168,0.13643,-0.046031,-1.48962,0.0502056,0.10202,nan,nan,0,-0.162847,-0.404306,-0.0398932,-0.21978,-0.391423,-0.40144,nan,nan,0,0.728868,0.768824,1.6479,-2.5641,0.854434,0.823637,nan,nan,0,0.0349336,-0.245294,-0.568169,0.00038178,-0.192533,nan,2.6989,1.13078,1,0.0292552,-0.00182673,-0.332956,-1.11137,0.0146276,nan,0.993064,-0.917948,1,-0.851025,-0.444765,0.432689,-2.41758,-0.825513,-0.638094,nan,nan,0,1.30954,0.033844,0.457238,24.0049,0.604769,0.498141,nan,nan,0,-0.164004,0.383214,-0.217878,5.64103,0.227998,0.374907,nan,nan,0,-0.194735,0.43652,-0.046031,-17.6557,0.392633,0.295573,nan,nan,0,-0.537634,-0.17405,-1.16223,-7.71371,-0.478817,nan,-8.9235,-7.9201,1,-0.851099,-0.0754341,0.34293,-11.893,-0.425549,nan,-11.0179,-10.9795,1,0,0.96313,0.028864,0.017365,0.266918,0.151718,-0.2129,-0.328473,-2.71956,1.61952,7.44292
1787645122956328805,-0.984321,0.176385,0.551113,0.344765,0.4,-0,0.0372495,0.0671428,0.0168454,0.537844,0.195355,-0.171823,-0.312353,0.91693,0.50114,1.5006,5.34798,0.858465,0.842539,nan,nan,0,0.0206759,0.136047,-0.0398932,-1.8315,0.0603379,0.0846182,nan,nan,0,-0.123304,-0.404498,-0.0214806,0.21978,-0.371652,-0.393272,nan,nan,0,0.678555,0.784356,1.47605,-3.5409,0.829278,0.831235,nan,nan,0,0.0564986,-0.251517,-0.45065,1.62664,-0.181751,nan,3.11779,2.02768,1,0.00875687,-0.00468,-0.62166,-0.968214,0.00437843,nan,1.20424,0.0633277,1,-0.631839,-0.441122,0.33449,-5.93407,-0.715919,-0.736249,nan,nan,0,1.25258,0.036912,0.242428,19.6093,0.57629,0.505648,nan,nan,0,-0.237898,0.376694,-0.807072,3.05251,0.191051,0.271758,nan,nan,0,-0.182564,0.436712,0.0398932,-14.9695,0.398718,0.342317,nan,nan,0,-0.339944,-0.184489,-1.01168,-9.17683,-0.379972,nan,-5.32437,-8.44468,1,-0.814604,-0.0715504,0.707287,-11.5051,-0.407302,nan,-11.1335,-10.9472,1,0,0.963555,0.030121,0.017033,0.265261,0.195355,-0.171823,-0.312353,-1.69508,2.58198,8.06484
1787645122966259112,-0.961568,0.274567,0.551757,0.34587,0.4,-0,0.0372495,0.0689776,0.0160014,0.535482,0.0912272,-0.153526,-0.11866,0.783286,0.516288,1.50674,4.22466,0.791643,0.843216,nan,nan,0,0.0869828,0.135664,-0.0398932,-1.53846,0.0934914,0.0667695,nan,nan,0,-0.0846852,-0.404881,-0.0398932,0.610504,-0.352343,-0.383892,nan,nan,0,0.519255,0.796628,1.3042,-2.90598,0.749627,0.836165,nan,nan,0,0.0666242,-0.253579,-0.293649,1.16205,-0.176688,nan,3.13166,2.7105,1,-0.00634919,-0.0137596,-0.713481,-0.0229525,-0.00317459,nan,1.38777,0.938019,1,-0.436972,-0.438629,0.199466,-7.15507,-0.618486,-0.768316,nan,nan,0,1.08417,0.0386376,0.187191,17.4115,0.492086,0.546941,nan,nan,0,-0.108671,0.365189,-1.26124,1.78266,0.255664,0.213177,nan,nan,0,-0.193988,0.437671,0.14423,-11.9414,0.393006,0.380499,nan,nan,0,-0.257374,-0.192904,-0.734334,-9.05689,-0.338687,nan,-4.00089,-7.62564,1,-0.806206,-0.0648091,0.770701,-10.7937,-0.403103,nan,-11.3049,-11.131,1,0,0.963839,0.031137,0.016833,0.264122,0.0912272,-0.153526,-0.11866,-1.00204,2.16604,7.92079
1787645122976338550,-0.929036,0.369989,0.552389,0.346952,0.4,-0,0.0372495,0.0688409,0.0140484,0.535552,-0.127425,-0.226241,0.151246,0.535762,0.531628,1.54356,4.42002,0.667881,0.828876,nan,nan,0,0.107937,0.134705,-0.11968,-0.415138,0.103969,0.0700626,nan,nan,0,-0.0657975,-0.40584,-0.162642,1.44078,-0.342899,-0.369262,nan,nan,0,0.267866,0.809475,1.12622,-2.95483,0.623933,0.807754,nan,nan,0,0.0261025,-0.255625,-0.111763,2.05375,-0.196949,nan,2.22131,3.04171,1,0.0198024,-0.0188772,-0.504395,0.474091,0.00990118,nan,1.61994,1.39221,1,-0.442083,-0.437671,0.0767183,-7.74115,-0.621042,-0.718558,nan,nan,0,0.908527,0.0409389,0.248566,17.8022,0.404263,0.543876,nan,nan,0,0.0755291,0.350808,-1.4515,0.805862,0.347765,0.209236,nan,nan,0,-0.202875,0.43978,0.248566,-10.8181,0.388562,0.396917,nan,nan,0,-0.3256,-0.199207,-0.537242,-7.83764,-0.3728,nan,-5.2699,-5.89014,1,-0.75486,-0.0595323,0.288968,-10.3756,-0.37743,nan,-9.97039,-11.2393,1,0,0.96383,0.031329,0.015875,0.264191,-0.127425,-0.226241,0.151246,0.391787,-0.641807,7.70302
1787645122986267936,-0.887048,0.461678,0.553008,0.348013,0.4,-0,0.0372495,0.0668935,0.0121179,0.538131,-0.223849,-0.108835,0.387008,0.325248,0.547352,1.57425,3.44322,0.562624,0.766489,nan,nan,0,0.172595,0.132979,-0.199466,-0.21978,0.136297,0.085914,nan,nan,0,-0.0913955,-0.408141,-0.21174,2.41758,-0.355698,-0.354306,nan,nan,0,-0.0761952,0.819446,0.923681,-4.56654,0.451902,0.730844,nan,nan,0,-0.0598919,-0.255607,0.118191,2.40348,-0.239946,nan,0.370868,2.8052,1,0.0756715,-0.0206615,-0.146353,0.828844,0.0378357,nan,1.97445,1.51891,1,-0.258475,-0.437479,-0.00306892,-6.91087,-0.529238,-0.657665,nan,nan,0,0.659571,0.0445819,0.414276,14.6276,0.279785,0.488697,nan,nan,0,0.177886,0.337002,-1.31648,1.00122,0.398943,0.261283,nan,nan,0,-0.151743,0.44419,0.469513,-11.4042,0.414129,0.397597,nan,nan,0,-0.289763,-0.201241,-0.288813,-7.21336,-0.354881,nan,-4.9442,-4.97967,1,-0.645037,-0.0578346,-0.113018,-11.0888,-0.322518,nan,-7.77099,-10.7415,1,0,0.963516,0.030627,0.014727,0.265482,-0.223849,-0.108835,0.387008,-0.211227,2.34198,5.50105
1787645122996342383,-0.83602,0.548699,0.553614,0.349053,0.4,-0,-0.178073,0.065059,0.0108315,0.54276,-0.228473,-0.120107,0.511033,0.00379388,0.563076,1.5988,1.14774,0.401897,0.668003,nan,nan,0,0.201625,0.130486,-0.26084,-0.122101,0.150812,0.109238,nan,nan,0,-0.0894724,-0.4091,-0.0214806,1.78266,-0.354736,-0.349197,nan,nan,0,-0.431009,0.82654,0.622948,-10.232,0.274496,0.602957,nan,nan,0,-0.0693699,-0.251477,0.332405,2.01806,-0.244685,nan,-0.26089,1.75782,1,0.133707,-0.0225149,0.167229,1.01786,0.0668536,nan,2.43021,1.6274,1,-0.0794961,-0.437479,0.00306892,-6.91087,-0.439748,-0.594684,nan,nan,0,0.000934765,0.049376,0.512474,14.7253,-0.0495326,0.392315,nan,nan,0,0.109098,0.325305,-1.08939,2.27106,0.364549,0.333215,nan,nan,0,-0.170765,0.450134,0.647498,-12.0879,0.404617,0.401599,nan,nan,0,-0.250328,-0.203317,-0.0688537,-5.17677,-0.335164,nan,-4.51137,-4.86872,1,-0.470613,-0.061243,-0.122598,-11.0823,-0.235307,nan,-5.03801,-9.4124,1,0,0.962925,0.029882,0.013933,0.267746,-0.228473,-0.120107,0.511033,-0.535485,0.162781,6.49141
1787645123006253659,-0.776462,0.630164,0.554209,0.350072,0.4,-0,-0.178073,0.0619699,0.0104304,0.547168,-0.39384,0.0415252,0.332741,-0.186951,0.57899,1.58652,-1.39194,0.306525,0.53949,nan,nan,0,0.141323,0.127418,-0.309939,0.561661,0.120661,0.132926,nan,nan,0,-0.145655,-0.408716,0.0583057,1.92918,-0.382827,-0.350915,nan,nan,0,-0.775457,0.829608,0.156505,-18.0464,0.102272,0.439134,nan,nan,0,-0.195256,-0.249403,0.479228,1.2419,-0.307628,nan,-2.75671,0.525802,1,0.207813,-0.0150213,0.478045,0.969566,0.103907,nan,2.85077,1.84289,1,0.00792181,-0.437479,0.0214815,-4.85959,-0.396039,-0.517826,nan,nan,0,-0.609083,0.053978,0.432689,13.3577,-0.354541,0.205437,nan,nan,0,-0.211481,0.317443,-0.64136,3.15018,0.20426,0.371605,nan,nan,0,-0.018776,0.457037,0.794796,-15.3114,0.480612,0.405841,nan,nan,0,-0.0789495,-0.205436,-0.22608,-4.19692,-0.249475,nan,-1.20223,-4.76201,1,-0.201903,-0.0601329,0.406095,-9.95697,-0.100952,nan,-1.8337,-7.42523,1,0,0.962377,0.028419,0.013389,0.269895,-0.39384,0.0415252,0.332741,-3.58235,-0.657744,7.96106
1787645123016242211,-0.708972,0.705237,0.554791,0.35107,0.4,-0,-0.178073,0.0582031,0.0106705,0.550391,-0.383324,-0.0312894,0.322646,-0.140057,0.594139,1.47605,-3.98046,0.329972,0.409309,nan,nan,0,-0.111212,0.124158,-0.309939,0.757019,-0.00560612,0.137416,nan,nan,0,-0.0457038,-0.408141,0.0889931,1.5873,-0.332852,-0.362244,nan,nan,0,-0.810176,0.826732,-0.506338,-26.1538,0.0849122,0.261905,nan,nan,0,-0.461442,-0.243209,0.540678,0.505258,-0.440721,nan,-7.72395,-1.07435,1,0.292867,-0.00978433,0.826532,1.32467,0.146433,nan,3.44673,2.18616,1,-0.172949,-0.437287,0.0276184,-2.85714,-0.486474,-0.446564,nan,nan,0,-0.926059,0.0566626,0.168778,9.84127,-0.51303,-0.0655303,nan,nan,0,-0.289798,0.313608,-0.273115,2.5641,0.165101,0.325217,nan,nan,0,-0.041586,0.466625,0.923681,-15.1648,0.469207,0.430971,nan,nan,0,-0.034566,-0.209682,-0.62186,-2.94339,-0.227283,nan,0.316766,-3.44459,1,-0.0580025,-0.0518083,1.11259,-8.13985,-0.0290013,nan,-0.98468,-4.91314,1,0,0.961993,0.026553,0.013039,0.271467,-0.383324,-0.0312894,0.322646,-0.581504,1.5076,9.21749
1787645123026246631,-0.634228,0.773146,0.555362,0.352049,0.4,-0,-0.178073,0.054643,0.0108987,0.552848,-0.345981,0.107764,0.133581,-0.165835,0.607369,1.24283,-3.44322,0.317082,0.334484,nan,nan,0,-0.363022,0.121474,-0.266977,0.512817,-0.131511,0.0888579,nan,nan,0,-0.192417,-0.406799,0.131955,1.14774,-0.406208,-0.359071,nan,nan,0,-0.734251,0.815994,-1.35944,-31.5751,0.122875,0.134406,nan,nan,0,-0.625217,-0.239064,0.508051,-0.893773,-0.522608,nan,-10.6861,-3.98294,1,0.407906,0.00240638,1.18456,1.84615,0.203953,nan,4.26957,2.63061,1,-0.199302,-0.436903,0.0521679,-1.05006,-0.499651,-0.433735,nan,nan,0,-0.980418,0.0558953,-0.174916,0.366302,-0.540209,-0.325787,nan,nan,0,-0.332212,0.311882,-0.131955,0.854698,0.143894,0.241426,nan,nan,0,-0.00194789,0.475254,0.948232,-11.9902,0.489026,0.457927,nan,nan,0,0.0321793,-0.218154,-1.02414,-2.07715,-0.19391,nan,2.38472,-1.34638,1,0.000238797,-0.0305744,2.05535,-5.70347,0.000119398,nan,-2.16221,-2.87489,1,0,0.961704,0.024794,0.012696,0.272668,-0.345981,0.107764,0.133581,-0.579333,1.0664,9.30878
1787645123036221149,-0.552984,0.833192,0.555921,0.353008,0.4,-0,-0.178073,0.0514679,0.0124181,0.553747,-0.312046,0.142293,0.0721615,-0.274735,0.617724,0.935957,-5.68987,0.262632,0.309722,nan,nan,0,-0.6462,0.118981,-0.248566,-0.268623,-0.2731,-0.0108909,nan,nan,0,-0.413462,-0.405073,0.217878,0.757019,-0.516731,-0.369484,nan,nan,0,-0.668955,0.795477,-2.27391,-34.5543,0.155522,0.0913684,nan,nan,0,-0.749144,-0.234875,0.305937,-3.07293,-0.584572,nan,-12.6983,-7.52525,1,0.534518,0.0159652,1.57318,2.08637,0.267259,nan,5.17903,3.20863,1,-0.234857,-0.436137,0.0705805,-0.317459,-0.517429,-0.460976,nan,nan,0,-1.00075,0.0522523,-0.444963,-8.91331,-0.550374,-0.490432,nan,nan,0,-0.306649,0.310732,-0.125817,-1.48962,0.156675,0.176483,nan,nan,0,0.0379112,0.4858,0.948232,-8.32722,0.508956,0.476552,nan,nan,0,0.0430586,-0.228669,-1.08796,-1.40345,-0.188471,nan,3.03887,0.807698,1,0.0251577,-0.00832259,2.7983,-3.62804,0.0125788,nan,-3.5704,-2.22556,1,0,0.961621,0.023054,0.013004,0.2731,-0.312046,0.142293,0.0721615,-1.2465,-0.23617,7.29265
1787645123046331534,-0.46606,0.884753,0.55647,0.353948,0.4,-0,-0.0845533,0.0485518,0.0140321,0.554977,-0.294558,0.15742,0.164819,-0.431821,0.624628,0.616811,-5.64103,0.18409,0.289428,nan,nan,0,-0.989566,0.116488,-0.248566,-3.63858,-0.444783,-0.141185,nan,nan,0,-0.607991,-0.40143,0.438826,-0.268623,-0.613996,-0.426337,nan,nan,0,-0.60945,0.766906,-3.09633,-31.7704,0.185275,0.107138,nan,nan,0,-0.799986,-0.232645,-0.0876999,-5.9206,-0.609993,nan,-13.0756,-10.5347,1,0.599393,0.0323235,2.0805,2.68592,0.299696,nan,4.90044,3.90081,1,-0.372638,-0.435561,0.0644436,-0.952377,-0.586319,-0.492643,nan,nan,0,-0.893551,0.045157,-0.794796,-12.7717,-0.496775,-0.558262,nan,nan,0,-0.197776,0.308239,-0.316077,-3.19902,0.211112,0.148874,nan,nan,0,0.185603,0.495196,0.917544,-7.20391,0.582802,0.4939,nan,nan,0,0.10165,-0.236918,-0.875325,0.277687,-0.159175,nan,4.03401,2.37868,1,0.0581379,0.0243301,3.25817,-2.79408,0.029069,nan,-4.74509,-2.91286,1,0,0.961486,0.021423,0.013395,0.27369,-0.294558,0.15742,0.164819,-1.8528,-1.06234,5.9878
1787645123056350981,-0.374339,0.927292,0.557007,0.354869,0.4,-0,-0.0845533,0.0452828,0.0152135,0.557868,-0.373825,0.102238,0.414544,-0.383819,0.628462,0.26084,-4.37119,0.208091,0.245759,nan,nan,0,-1.26251,0.11342,-0.352901,-7.69231,-0.581253,-0.294201,nan,nan,0,-0.594984,-0.397019,0.408138,-2.5641,-0.607492,-0.516431,nan,nan,0,-0.599626,0.732008,-3.67325,-19.5116,0.190187,0.144554,nan,nan,0,-0.907962,-0.23858,-0.72517,-8.10947,-0.663981,nan,-13.8013,-12.2701,1,0.602793,0.0597809,2.68323,2.88483,0.301397,nan,3.22363,4.24183,1,-0.668541,-0.434986,0.0583057,-1.39194,-0.73427,-0.535347,nan,nan,0,-0.668987,0.0348029,-1.12008,-16.5324,-0.384494,-0.553176,nan,nan,0,-0.0842025,0.303445,-0.506338,-3.19902,0.267899,0.163851,nan,nan,0,0.315014,0.503824,0.880719,-8.03419,0.647507,0.529735,nan,nan,0,0.054419,-0.242778,-0.494932,1.07034,-0.18279,nan,2.84197,3.37356,1,0.0489632,0.0578723,3.43735,-3.17211,0.0244816,nan,-6.15774,-4.14649,1,0,0.961122,0.01967,0.013544,0.275087,-0.373825,0.102238,0.414544,0.963125,-0.101322,4.66236
1787645123066394072,-0.27875,0.960364,0.557533,0.355771,0.4,-0,-0.0845533,0.0416207,0.0170901,0.562401,-0.373828,0.424999,0.450657,-0.631889,0.628846,-0.0398932,-7.25275,0.0840553,0.212209,nan,nan,0,-1.63347,0.108243,-0.604536,-8.91331,-0.766735,-0.450617,nan,nan,0,-0.599951,-0.396636,-0.11968,-3.58974,-0.609976,-0.584412,nan,nan,0,-0.480624,0.692123,-4.09059,-14.0415,0.249688,0.175499,nan,nan,0,-0.715693,-0.25035,-1.55349,-9.15537,-0.567847,nan,-8.78216,-13.0023,1,0.707797,0.0916447,3.36971,3.42514,0.353898,nan,2.81305,3.673,1,-0.772102,-0.434794,0.0153437,-2.5641,-0.786051,-0.619167,nan,nan,0,-0.452656,0.0229144,-1.206,-18.7302,-0.276328,-0.487309,nan,nan,0,0.0494492,0.299611,-0.242428,-4.37119,0.334725,0.20946,nan,nan,0,0.436281,0.512645,0.868444,-4.42002,0.70814,0.585849,nan,nan,0,0.05587,-0.244181,-0.11697,1.9536,-0.182065,nan,2.34952,3.44674,1,0.0533244,0.0920754,3.34839,-3.88591,0.0266622,nan,-6.98498,-5.48447,1,0,0.960529,0.01762,0.013982,0.277268,-0.373828,0.424999,0.450657,-1.36312,-2.72457,3.03482
1787645123076384590,-0.180268,0.983618,0.558049,0.356656,0.4,-0,-0.0845533,0.0343743,0.0201725,0.56874,-1.02936,0.244253,0.710615,-0.546378,0.626928,-0.23629,-7.10622,0.126811,0.161748,nan,nan,0,-1.34326,0.0992308,-1.03416,-13.0647,-0.621632,-0.613194,nan,nan,0,-0.388915,-0.400663,-0.598398,-2.02686,-0.504458,-0.612914,nan,nan,0,-0.501461,0.653198,-4.34223,-11.7949,0.23927,0.209619,nan,nan,0,-0.609806,-0.269707,-2.26096,-15.6337,-0.514903,nan,-5.1904,-11.5297,1,0.636622,0.130781,3.80002,6.49898,0.318311,nan,-0.0741312,2.70634,1,-0.987901,-0.434986,-0.0337563,-3.2967,-0.89395,-0.713489,nan,nan,0,-0.258848,0.0117927,-1.23669,-14.823,-0.179424,-0.385101,nan,nan,0,0.0683609,0.299994,0.09513,-2.75946,0.34418,0.271176,nan,nan,0,0.453963,0.521082,0.985056,-5.93407,0.716981,0.649695,nan,nan,0,0.0513152,-0.241322,-0.0542857,2.96229,-0.184342,nan,2.0757,2.90035,1,0.0305356,0.12312,2.76515,-4.53291,0.0152678,nan,-7.38331,-6.56386,1,0,0.959696,0.013666,0.014501,0.280331,-1.02936,0.244253,0.710615,-4.21748,-7.84625,4.1441
1787645123086330949,-0.0798963,0.996803,0.558555,0.357523,0.4,-0,-0.0845533,0.0220187,0.0220053,0.575881,-1.3681,0.12062,0.728264,-0.206514,0.625394,-0.125817,-6.27595,0.296743,0.125422,nan,nan,0,-0.865673,0.0871506,-1.22441,-30.0611,-0.382837,-0.680787,nan,nan,0,0.0276415,-0.41025,-0.782521,-5.10378,-0.296179,-0.583581,nan,nan,0,-0.498181,0.618683,-2.32301,-64.1514,0.24091,0.234317,nan,nan,0,-0.450395,-0.271905,0.859965,-21.8013,-0.435197,nan,-7.00517,-8.89994,1,0.519832,0.129256,-2.12019,9.90357,0.259916,nan,7.10008,2.29706,1,-1.07798,-0.435945,-0.138092,-4.95727,-0.938992,-0.807482,nan,nan,0,-0.201428,0.00067091,-0.696597,-33.6752,-0.150714,-0.274929,nan,nan,0,-0.0178146,0.300377,0.205604,-3.5409,0.301093,0.320544,nan,nan,0,0.464827,0.535463,1.58039,-16.8254,0.722414,0.696975,nan,nan,0,0.0887363,-0.24261,0.0457157,3.5509,-0.165632,nan,2.62567,2.34794,1,0.033978,0.141887,1.78489,-5.53195,0.016989,nan,-6.42429,-7.08007,1,0,0.958748,0.007431,0.013675,0.283828,-1.3681,0.12062,0.728264,-1.07283,-2.33959,7.64746
1787645123096570030,0.0213387,0.999772,0.559051,0.358372,0.4,-0,-0.232285,0.0173793,0.0131443,0.5787,0.729607,-0.926438,-0.738241,0.339194,0.620217,-0.684322,-3.63858,0.569597,0.173197,nan,nan,0,-2.01175,0.0764122,-1.01574,-27.4725,-0.955877,-0.591671,nan,nan,0,-1.18322,-0.409483,0.457238,-9.35287,-0.90161,-0.47102,nan,nan,0,-0.737899,0.607562,-0.935957,-43.4921,0.121051,0.243028,nan,nan,0,-1.12226,-0.250817,2.9384,-13.6583,-0.771131,nan,-22.6186,-8.09135,1,1.04282,0.077772,-5.92562,5.55664,0.521409,nan,22.1975,5.38815,1,-0.912494,-0.437671,-0.162642,-12.8205,-0.856247,-0.887508,nan,nan,0,-0.162063,-0.00124645,-0.0828552,-13.7973,-0.131031,-0.19158,nan,nan,0,-0.22056,0.31936,2.53169,-10.0366,0.19972,0.329972,nan,nan,0,0.745097,0.555214,1.8443,2.90598,0.862549,0.720454,nan,nan,0,-0.167304,-0.242256,-0.100927,2.17132,-0.293652,nan,-1.64747,2.2659,1,0.0682718,0.154331,0.562153,-4.45968,0.0341359,nan,-4.44909,-6.8323,1,0,0.958388,0.006453,0.008778,0.285258,0.729607,-0.926438,-0.738241,6.44717,17.1228,54.5456
1787645123106418207,0.1224,0.992481,0.559536,0.359205,0.4,-0,-0.232285,0.0185005,0.0190869,0.564985,-0.516585,1.86759,-1.20796,-1.54609,0.610246,-1.11394,-3.98046,-0.373047,0.332402,nan,nan,0,-2.18,0.0654826,-1.12622,-20.4396,-1.04,-0.653552,nan,nan,0,-1.65262,-0.396061,1.60494,-8.91331,-1.13631,-0.554866,nan,nan,0,-0.455542,0.600083,-0.770247,-27.8633,0.262229,0.20543,nan,nan,0,0.0827925,-0.220346,2.66268,-6.46945,-0.168604,nan,-2.18304,-13.0372,1,1.09848,0.0154443,-5.2232,3.7307,0.549242,nan,23.8487,13.0516,1,-0.794734,-0.440739,-0.371314,-8.42491,-0.797367,-0.905339,nan,nan,0,-0.228407,-0.00124645,-0.00306892,-4.90842,-0.164204,-0.144792,nan,nan,0,-0.25857,0.337769,1.24283,-2.27106,0.180715,0.28498,nan,nan,0,0.941825,0.571129,1.54356,5.10378,0.960913,0.772964,nan,nan,0,-0.0963079,-0.244446,-0.0693974,1.98511,-0.258154,nan,-0.375687,1.07817,1,0.00461808,0.146432,-0.933218,-5.23787,0.00230904,nan,-2.92385,-5.4837,1,0,0.960303,0.006223,0.011743,0.278641,-0.516585,1.86759,-1.20796,11.2828,-3.35284,25.0834
1787645123116402430,0.222249,0.97499,0.560012,0.360021,0.4,-0,-0.232285,0.0107673,0.0312502,0.559088,-0.588749,0.564198,0.00240805,-1.55316,0.59759,-1.31034,-3.15018,-0.376578,0.181501,nan,nan,0,-2.09271,0.0535946,-1.24283,-21.514,-0.996357,-0.845124,nan,nan,0,-0.826884,-0.385131,0.71501,-8.91331,-0.723442,-0.821848,nan,nan,0,-0.251988,0.590496,-1.05871,-25.9585,0.364006,0.200802,nan,nan,0,0.295507,-0.199535,1.97189,-8.33923,-0.0622465,nan,1.84726,-12.4328,1,0.982701,-0.0219256,-2.74146,8.35099,0.49135,nan,19.5105,20.0084,1,-1.15335,-0.446107,-0.610673,-8.13187,-0.976676,-0.866704,nan,nan,0,-0.348278,-0.00297213,-0.291528,0.415138,-0.224139,-0.137544,nan,nan,0,0.20047,0.338152,-0.322214,0.0732574,0.410235,0.226292,nan,nan,0,0.569182,0.586661,1.59266,3.39439,0.774591,0.861541,nan,nan,0,-0.0593164,-0.245102,0.0787922,0.536329,-0.239658,nan,0.0723318,-0.165613,1,-0.00452933,0.127657,-2.20156,-3.99842,-0.00226466,nan,-0.595316,-3.56957,1,0,0.961073,0.000863,0.016503,0.275799,-0.588749,0.564198,0.00240805,-21.4689,-19.0969,8.99711
1787645123126335109,0.319859,0.947465,0.560479,0.360821,0.4,-0,-0.232285,0.00545017,0.0365902,0.560421,-0.719969,-0.0613149,0.132563,-0.614112,0.58436,-1.34716,-8.22955,0.0929438,-0.129029,nan,nan,0,-1.5034,0.0407467,-1.2551,-37.4847,-0.7017,-0.973064,nan,nan,0,-0.511588,-0.385898,-0.328352,-14.8718,-0.565794,-0.907351,nan,nan,0,-0.424543,0.577073,-1.27965,-21.6117,0.277729,0.262915,nan,nan,0,-0.186556,-0.19331,0.367684,-7.53475,-0.303278,nan,-4.4004,-5.63249,1,0.925174,-0.01535,1.96048,13.4542,0.462587,nan,11.3974,21.179,1,-1.15001,-0.452819,-0.69046,-8.57143,-0.975005,-0.881415,nan,nan,0,-0.397272,-0.00891638,-0.696597,3.44322,-0.248636,-0.1685,nan,nan,0,0.0495461,0.328372,-1.29193,2.5641,0.334773,0.264018,nan,nan,0,0.563756,0.602001,1.78906,6.56898,0.771878,0.87152,nan,nan,0,-0.0739238,-0.243921,0.143039,-1.05826,-0.246962,nan,-0.320979,-0.481067,1,0.0284404,0.0989969,-2.86287,-2.76207,0.0142202,nan,1.75101,-1.50978,1,0,0.960846,-0.002441,0.018334,0.276463,-0.719969,-0.0613149,0.132563,-5.1811,3.9422,-1.18186
1787645123136409623,0.414222,0.910176,0.560936,0.361604,0.4,-0,-0.232285,0.0029123,0.0336912,0.563748,0.0643819,-0.115659,0.413838,-0.183421,0.57017,-1.44536,-17.6557,0.30829,-0.173531,nan,nan,0,-2.13355,0.029242,-1.09553,-44.3223,-1.01678,-0.920558,nan,nan,0,-0.186921,-0.389733,-0.205604,-18.1929,-0.403461,-0.785703,nan,nan,0,-0.402067,0.562884,-1.44536,-17.851,0.288967,0.299887,nan,nan,0,-0.381509,-0.195277,-0.457681,-3.91458,-0.400754,nan,-6.5052,-1.88454,1,0.984674,0.0344883,6.35181,14.4944,0.492337,nan,4.20775,16.2592,1,-1.16267,-0.460105,-0.71501,-10.3297,-0.981333,-0.931491,nan,nan,0,-0.188059,-0.0175452,-0.892995,-0.366302,-0.14403,-0.211228,nan,nan,0,0.0938859,0.312841,-1.46991,3.19902,0.356943,0.320875,nan,nan,0,0.751804,0.623669,2.01614,6.27595,0.865902,0.825438,nan,nan,0,-0.10399,-0.242595,0.134452,-0.300006,-0.261995,nan,-0.880669,-0.429654,1,0.0558312,0.0717192,-3.30014,-1.34729,0.0279156,nan,3.6361,0.59854,1,0,0.960405,-0.003287,0.016585,0.278093,0.0643819,-0.115659,0.413838,2.80213,5.33154,8.67833
1787645123146269725,0.504362,0.863492,0.561384,0.362372,0.4,-0,-0.162899,0.00163858,0.0351907,0.567116,-0.40129,0.0518947,0.317448,0.0512106,0.555597,-1.44536,-20.1954,0.425605,0.0175241,nan,nan,0,-1.86489,0.0215721,-0.573849,-44.127,-0.882445,-0.901953,nan,nan,0,-0.171804,-0.385898,0.757972,-19.072,-0.395902,-0.594698,nan,nan,0,-0.399609,0.549461,-1.23055,-24.7375,0.290196,0.301608,nan,nan,0,-0.346606,-0.200011,-0.315199,-5.91138,-0.383303,nan,-5.94241,-2.69644,1,0.905981,0.125973,9.4561,16.5621,0.452991,nan,-4.37362,8.40781,1,-1.15317,-0.4672,-0.708872,-12.1367,-0.976584,-0.967208,nan,nan,0,0.124973,-0.0263658,-0.892995,-4.46886,0.0124866,-0.205691,nan,nan,0,-0.0366561,0.304213,-0.586123,2.12454,0.291672,0.348637,nan,nan,0,0.845753,0.644761,2.1082,1.14774,0.912876,0.818486,nan,nan,0,-0.0516676,-0.241,0.0779694,-0.232755,-0.235834,nan,0.0638558,-0.522457,1,0.0891111,0.0402906,-3.31237,-0.0706362,0.0445555,nan,5.0965,2.61663,1,0,0.959921,-0.004136,0.017121,0.279716,-0.40129,0.0518947,0.317448,-1.3793,2.73213,7.07314
1787645123156269268,0.589344,0.807882,0.561823,0.363125,0.4,-0,-0.162899,-0.000905337,0.0324243,0.569698,-0.221353,-0.337967,-0.040894,0.07317,0.543708,-1.22441,-14.2369,0.436585,0.24576,nan,nan,0,-1.83652,0.0198464,-0.0337563,-48.6203,-0.868262,-0.910361,nan,nan,0,-0.121197,-0.367106,2.50714,-19.0232,-0.370599,-0.451286,nan,nan,0,-0.411149,0.541791,-0.696597,-27.7656,0.284425,0.296173,nan,nan,0,-0.206305,-0.195965,0.43933,-2.99836,-0.313152,nan,-4.76054,-4.75666,1,0.875086,0.18786,5.25768,15.6054,0.437543,nan,-0.396037,1.11403,1,-1.32218,-0.474103,-0.788659,-10.7204,-1.06109,-0.981526,nan,nan,0,0.226516,-0.0346107,-0.862308,-8.66911,0.063258,-0.122857,nan,nan,0,-0.0851396,0.303254,0.0337563,1.14774,0.26743,0.338199,nan,nan,0,0.975496,0.664128,2.14503,1.5873,0.977748,0.855637,nan,nan,0,-0.0527366,-0.241136,0.0919909,-0.389056,-0.236368,nan,0.0288926,-0.387368,1,0.0402568,0.010613,-3.00541,1.53814,0.0201284,nan,4.79358,4.31168,1,0,0.959575,-0.00499,0.015431,0.280983,-0.221353,-0.337967,-0.040894,2.08992,-6.39651,12.2155
1787645123166349215,0.668284,0.743907,0.562253,0.363862,0.4,-0,-0.162899,-0.000620905,0.0301083,0.568701,0.314799,-0.12629,-0.0613755,0.152908,0.53182,-1.03416,-5.29915,0.476454,0.393758,nan,nan,0,-2.61384,0.0215721,0.11968,-30.696,-1.25692,-0.894918,nan,nan,0,-0.353231,-0.335468,2.85697,-12.6252,-0.486616,-0.381076,nan,nan,0,-0.369339,0.53623,-0.481788,-18.6325,0.305331,0.290071,nan,nan,0,-0.321449,-0.19095,0.064923,-2.54218,-0.370724,nan,-6.38947,-5.66981,1,1.07443,0.2062,0.439448,5.3652,0.537216,nan,9.27131,-0.660139,1,-1.21374,-0.483499,-0.90527,-9.79243,-1.00687,-1.00994,nan,nan,0,0.221354,-0.042089,-0.629086,-2.12454,0.0606771,-0.0193694,nan,nan,0,0.0150945,0.306513,0.537024,-0.805862,0.317547,0.30492,nan,nan,0,1.00231,0.687521,2.12662,2.36874,0.991153,0.914075,nan,nan,0,-0.099899,-0.243186,0.0580098,-0.146784,-0.25995,nan,-0.673743,-0.125269,1,0.038191,-0.0205031,-2.06646,3.23933,0.0190955,nan,4.28764,5.04004,1,0,0.959733,-0.004521,0.014362,0.280507,0.314799,-0.12629,-0.0613755,-0.578593,9.00504,22.1795
1787645123176364509,0.740357,0.672214,0.562674,0.364585,0.4,-0,-0.162899,-0.0024114,0.0310783,0.565926,-0.608223,0.378615,-0.454383,-0.461341,0.521657,-1.01574,-1.53846,0.169329,0.46318,nan,nan,0,-1.76467,0.0204215,-0.193328,-29.8168,-0.832335,-1.00348,nan,nan,0,-0.718297,-0.316484,1.42081,-6.03175,-0.669148,-0.396991,nan,nan,0,-0.32744,0.530095,-0.69046,-13.7973,0.32628,0.29265,nan,nan,0,-0.027084,-0.193326,-0.445649,-3.55546,-0.223542,nan,-0.389083,-5.84939,1,1.03888,0.194783,-1.21468,0.570659,0.519439,nan,11.5617,3.43523,1,-1.091,-0.493279,-1.02188,-9.64591,-0.945501,-1.02432,nan,nan,0,0.186667,-0.0480337,-0.586123,0.561661,0.0433337,0.0457278,nan,nan,0,-0.0784072,0.312649,0.475651,-1.3431,0.270796,0.294512,nan,nan,0,0.731316,0.706313,2.10207,4.56654,0.855658,0.963777,nan,nan,0,-0.116669,-0.238906,0.0187108,-0.141813,-0.268334,nan,-1.05804,-0.227618,1,0.00982653,-0.028125,-0.918076,3.43238,0.00491326,nan,2.36826,4.7187,1,0,0.96011,-0.005496,0.014584,0.279186,-0.608223,0.378615,-0.454383,1.402,-4.26296,12.6461
1787645123186365963,0.804809,0.593534,0.563088,0.365293,0.4,-0,-0.162899,-0.0100362,0.0344578,0.562774,-0.828097,0.359718,-0.198862,-0.800469,0.51207,-0.948232,-0.366302,-0.000234699,0.386299,nan,nan,0,-0.978914,0.0150523,-0.708872,-28.0586,-0.439457,-1.01594,nan,nan,0,-0.355027,-0.30939,0.622948,-4.0293,-0.487513,-0.504079,nan,nan,0,-0.250351,0.522425,-0.90527,-10.8181,0.364824,0.306444,nan,nan,0,0.327555,-0.202031,-0.914494,-5.09929,-0.0462224,nan,6.82503,-3.98296,1,0.848765,0.184716,-1.07243,2.79007,0.424382,nan,8.79863,8.49186,1,-1.12393,-0.504783,-1.18145,-8.91331,-0.961963,-0.999276,nan,nan,0,-0.130867,-0.054553,-0.69046,6.76434,-0.115434,0.0629391,nan,nan,0,-0.0825758,0.313992,-0.0276184,-0.366302,0.268712,0.288132,nan,nan,0,0.444661,0.729515,2.12048,7.88766,0.712331,0.944965,nan,nan,0,-0.0545194,-0.240992,-0.0329346,0.324622,-0.23726,nan,0.18005,-0.593855,1,0.0639345,-0.0331223,0.0761606,3.289,0.0319673,nan,1.83845,3.52003,1,0,0.960492,-0.009604,0.015157,0.277727,-0.828097,0.359718,-0.198862,0.689742,-1.16983,3.37818
1787645123196372872,0.860961,0.508671,0.563493,0.365987,0.4,-0,0.0224987,-0.0195311,0.0376645,0.560093,-0.948718,0.212244,-0.266862,-0.723098,0.502866,-0.899132,-1.53846,0.0384512,0.205396,nan,nan,0,-0.430755,0.00393105,-1.2551,-27.7167,-0.165378,-0.799858,nan,nan,0,-0.179639,-0.310732,-0.463376,-4.51771,-0.39982,-0.552322,nan,nan,0,-0.277196,0.511878,-1.12008,-7.4481,0.351402,0.332104,nan,nan,0,0.38448,-0.212343,-1.25857,-4.02686,-0.0177602,nan,8.69826,0.791132,1,0.745831,0.178637,-0.165053,7.1643,0.372916,nan,6.07594,10.3125,1,-0.94243,-0.517822,-1.35944,-7.05739,-0.871215,-0.971779,nan,nan,0,-0.37733,-0.0612645,-0.659773,5.44566,-0.238665,0.00550121,nan,nan,0,-0.114978,0.308431,-0.757972,2.27106,0.252511,0.277306,nan,nan,0,0.328652,0.751183,2.19413,2.46642,0.654326,0.849528,nan,nan,0,-0.00484519,-0.241038,-0.0996762,-0.457332,-0.212423,nan,1.15107,-0.478169,1,0.113828,-0.0248103,0.944144,2.43652,0.0569142,nan,1.03552,2.15141,1,0,0.960775,-0.014588,0.015398,0.276515,-0.948718,0.212244,-0.266862,-1.15375,2.99897,-0.130961
1787645123206402524,0.908219,0.418495,0.563889,0.366668,0.4,-0,0.0224987,-0.027432,0.0395292,0.558415,-0.707524,0.198931,-0.183458,-0.595318,0.493854,-0.862308,-8.37607,0.102341,0.0725934,nan,nan,0,-0.46786,-0.0102587,-1.45764,-26.1538,-0.18393,-0.480215,nan,nan,0,-0.0617785,-0.316868,-0.444963,-7.83883,-0.340889,-0.5034,nan,nan,0,-0.219672,0.498839,-1.10781,-12.4786,0.380164,0.350201,nan,nan,0,0.423678,-0.22256,-0.78742,-2.52142,0.00183896,nan,9.03509,5.64091,1,0.806424,0.182747,0.305522,10.7005,0.403212,nan,6.15568,8.89051,1,-0.828753,-0.532395,-1.49446,-6.42247,-0.814376,-0.930579,nan,nan,0,-0.410183,-0.0672083,-0.543161,2.36874,-0.255091,-0.108315,nan,nan,0,-0.0963809,0.301145,-0.592261,1.00122,0.26181,0.265178,nan,nan,0,0.22842,0.770741,2.12662,-5.93407,0.60421,0.739581,nan,nan,0,0.0072646,-0.243197,-0.136257,-0.462718,-0.206368,nan,1.49342,0.218206,1,0.104375,-0.0113966,1.48621,1.48976,0.0521876,nan,-0.32179,1.08398,1,0,0.960921,-0.018628,0.015217,0.275775,-0.707524,0.198931,-0.183458,-0.844915,0.848407,1.77107
1787645123216425175,0.94608,0.323933,0.564278,0.367334,0.4,-0,0.0224987,-0.0340114,0.0394139,0.555591,-0.519383,-0.369801,-0.322643,-0.0736516,0.485608,-0.831621,-10.1832,0.363174,0.0448116,nan,nan,0,-0.522989,-0.0229144,-1.09553,-26.105,-0.211495,-0.253098,nan,nan,0,-0.198137,-0.312649,0.807072,-11.5507,-0.409069,-0.421344,nan,nan,0,-0.33337,0.491361,-0.739559,-15.2137,0.323315,0.364426,nan,nan,0,0.123026,-0.220527,0.48951,1.41517,-0.148487,nan,1.78714,8.1996,1,0.87702,0.178102,-0.502302,10.0506,0.43851,nan,8.56569,7.21835,1,-0.659592,-0.547736,-1.51287,-6.27595,-0.729796,-0.872555,nan,nan,0,-0.360901,-0.0716186,-0.383589,-1.53846,-0.230451,-0.205651,nan,nan,0,-0.198385,0.298268,-0.193328,-0.268623,0.210807,0.25888,nan,nan,0,0.224414,0.790108,1.88726,-11.8437,0.602207,0.654422,nan,nan,0,-0.00937577,-0.243218,-0.117656,0.19379,-0.214688,nan,1.17503,0.967999,1,0.156829,0.0078051,1.76765,0.709647,0.0784146,nan,-0.53319,0.127851,1,0,0.961244,-0.021753,0.014285,0.274466,-0.519383,-0.369801,-0.322643,1.17851,1.13657,6.32822
1787645123226392700,0.974136,0.225961,0.564659,0.367988,0.4,-0,0.0224987,-0.0370976,0.0351236,0.551711,-0.125041,-0.0778233,-0.530701,-0.067362,0.476788,-0.892995,-8.91331,0.366319,0.151329,nan,nan,0,-0.763479,-0.0290504,-0.426551,-17.558,-0.331739,-0.172922,nan,nan,0,-0.376981,-0.296543,1.88112,-12.7228,-0.49849,-0.38405,nan,nan,0,-0.370184,0.485991,-0.377452,-13.5531,0.304908,0.357116,nan,nan,0,0.0325701,-0.210897,1.32288,5.91625,-0.193715,nan,-1.38295,6.45404,1,0.923318,0.16455,-1.7253,9.15988,0.461659,nan,11.5012,7.49681,1,-0.636165,-0.562884,-1.49446,-4.81075,-0.718082,-0.802163,nan,nan,0,-0.264842,-0.0743032,-0.26084,-4.90842,-0.182421,-0.245619,nan,nan,0,-0.272081,0.299035,0.150368,-1.73382,0.17396,0.242112,nan,nan,0,0.381457,0.807749,1.37785,-18.6813,0.680728,0.608439,nan,nan,0,-0.02268,-0.245227,-0.0429447,0.464723,-0.22134,nan,0.900474,1.30446,1,0.123031,0.0210326,1.75577,0.306978,0.0615153,nan,-1.41917,-0.551658,1,0,0.961789,-0.022626,0.011843,0.272595,-0.125041,-0.0778233,-0.530701,2.73978,1.67217,10.8435
1787645123236372446,0.992082,0.12559,0.565033,0.368628,0.4,-0,0.0224987,-0.0406278,0.0356158,0.5456,-0.455294,0.278382,-0.501039,-0.570307,0.467392,-0.954369,-4.56654,0.114847,0.282268,nan,nan,0,-0.597335,-0.0300088,0.0153437,-10.232,-0.248668,-0.211381,nan,nan,0,-0.406793,-0.280052,1.29806,-6.17827,-0.513396,-0.416454,nan,nan,0,-0.341534,0.483115,-0.291528,-9.89011,0.319233,0.332695,nan,nan,0,0.274738,-0.197391,1.55801,6.92546,-0.072631,nan,2.0296,2.37663,1,0.830578,0.140979,-2.5495,7.91815,0.415289,nan,12.0535,9.57837,1,-0.6483,-0.577457,-1.43923,-3.88278,-0.72415,-0.745509,nan,nan,0,-0.259604,-0.0769882,-0.26084,-5.83639,-0.179802,-0.232225,nan,nan,0,-0.221683,0.299418,-0.0276184,-1.5873,0.199159,0.210646,nan,nan,0,0.439372,0.81772,0.831621,-17.7045,0.709686,0.619788,nan,nan,0,0.000910223,-0.245092,0.0084983,1.00937,-0.209545,nan,1.23141,1.21874,1,0.0664332,0.0380573,1.65441,-0.0725865,0.0332166,nan,-2.62684,-1.10096,1,0,0.962571,-0.024355,0.011673,0.269679,-0.455294,0.278382,-0.501039,-0.397846,-5.54817,9.59408
1787645123246334968,0.999715,0.0238621,0.565399,0.369255,0.4,-0,0.0460537,-0.0454769,0.0386706,0.542173,-0.410404,0.27236,-0.263192,-0.76936,0.457805,-0.960506,-3.68742,0.01532,0.27357,nan,nan,0,-0.553259,-0.0290504,0.11968,-9.45055,-0.22663,-0.253073,nan,nan,0,-0.146017,-0.275066,0.242428,-4.81075,-0.383009,-0.469384,nan,nan,0,-0.28996,0.479472,-0.371314,-11.453,0.34502,0.317755,nan,nan,0,0.380219,-0.185755,1.10212,5.25992,-0.0198905,nan,4.15206,0.52856,1,0.8041,0.114087,-2.57978,9.26767,0.40205,nan,12.5086,11.6049,1,-0.794577,-0.591071,-1.31648,-2.02686,-0.797288,-0.720325,nan,nan,0,-0.416816,-0.0796723,-0.26084,-5.54334,-0.258408,-0.203711,nan,nan,0,-0.0660467,0.297501,-0.266977,-1.5873,0.276977,0.193258,nan,nan,0,0.320877,0.822514,0.438826,-15.409,0.650438,0.661917,nan,nan,0,0.00796765,-0.242869,0.147686,0.897119,-0.206016,nan,1.06833,1.10991,1,0.0548805,0.0560918,1.31256,-0.522456,0.0274403,nan,-2.82839,-1.84914,1,0,0.962933,-0.027078,0.012536,0.268083,-0.410404,0.27236,-0.263192,-2.97556,-2.80222,6.56564
1787645123256387843,0.99694,-0.078166,0.565758,0.36987,0.4,-0,0.0460537,-0.0474333,0.0410629,0.539268,-0.026326,0.0676189,-0.262673,-0.656001,0.448792,-0.874582,-3.98046,0.0719994,0.160848,nan,nan,0,-0.905964,-0.0275164,0.187191,-10.8181,-0.402982,-0.254286,nan,nan,0,-0.30055,-0.276025,-0.138092,-6.37363,-0.460275,-0.461746,nan,nan,0,-0.304346,0.475829,-0.438826,-9.74359,0.337827,0.323223,nan,nan,0,0.224529,-0.182098,0.305169,3.88194,-0.0977354,nan,2.49494,1.64302,1,0.915507,0.0951194,-1.7913,10.2579,0.457753,nan,13.566,12.5547,1,-0.754904,-0.603151,-1.16304,-2.85714,-0.777452,-0.739836,nan,nan,0,-0.446098,-0.0815902,-0.156505,-7.05739,-0.273049,-0.21058,nan,nan,0,-0.0411069,0.293858,-0.346765,-2.3199,0.289447,0.217289,nan,nan,0,0.28152,0.824239,0.046031,-11.5018,0.63076,0.676427,nan,nan,0,-0.0251573,-0.240638,0.233706,0.708917,-0.222579,nan,0.281503,1.05398,1,0.0624232,0.0660028,0.961344,-1.20855,0.0312116,nan,-2.48575,-2.45764,1,0,0.963264,-0.02832,0.013467,0.266717,-0.026326,0.0676189,-0.262673,-3.68181,3.22594,7.50727
1787645123266351317,0.983771,-0.179431,0.566109,0.370473,0.4,-0,0.0460537,-0.0452337,0.0428641,0.535997,0.30046,0.0899205,-0.406441,-0.526767,0.440355,-0.800934,-7.93651,0.136616,0.0801666,nan,nan,0,-1.46284,-0.0250235,0.28539,-12.3321,-0.681418,-0.298962,nan,nan,0,-0.659207,-0.276408,0.0276184,-6.76434,-0.639603,-0.446579,nan,nan,0,-0.322771,0.471227,-0.438826,-11.8437,0.328615,0.332951,nan,nan,0,0.0379505,-0.184323,-0.48039,4.41528,-0.191025,nan,0.486009,2.86461,1,1.03013,0.0832836,-0.480217,10.5875,0.515063,nan,13.6737,12.9282,1,-0.651303,-0.613698,-1.03416,-2.95483,-0.725651,-0.76637,nan,nan,0,-0.306115,-0.0821652,-0.00306892,-7.54578,-0.203058,-0.240463,nan,nan,0,-0.0307817,0.291749,-0.174916,-1.88034,0.294609,0.256672,nan,nan,0,0.311429,0.823089,-0.199466,-9.79243,0.645715,0.660762,nan,nan,0,-0.0677487,-0.238436,0.312972,0.907508,-0.243874,nan,-0.659792,0.745816,1,0.0519323,0.0707664,0.41705,-1.65924,0.0259661,nan,-1.96958,-2.5714,1,0,0.963706,-0.027476,0.014673,0.265141,0.30046,0.0899205,-0.406441,-4.58752,-1.26436,7.02604
1787645123276405884,0.960327,-0.278875,0.566454,0.371063,0.4,-0,0.0460537,-0.0419782,0.0436345,0.532758,0.29737,-0.0426091,-0.237861,-0.395315,0.432685,-0.76411,-9.25519,0.202342,0.0776757,nan,nan,0,-1.68478,-0.020997,0.463376,-17.851,-0.792392,-0.452045,nan,nan,0,-0.616057,-0.273532,0.346765,-7.93651,-0.618029,-0.507951,nan,nan,0,-0.375387,0.467009,-0.316077,-14.2369,0.302306,0.334667,nan,nan,0,-0.0272886,-0.192501,-0.95672,4.07547,-0.223644,nan,0.345057,2.59319,1,1.00248,0.0908751,1.07182,10.6083,0.501242,nan,10.7033,12.9328,1,-0.628032,-0.623669,-0.978919,-1.73382,-0.714016,-0.761416,nan,nan,0,-0.190218,-0.0817819,0.0276184,-6.2271,-0.145109,-0.240912,nan,nan,0,-0.0193918,0.290981,-0.046031,-1.0989,0.300304,0.28413,nan,nan,0,0.379303,0.819829,-0.420414,-8.76679,0.679651,0.647084,nan,nan,0,-0.0420021,-0.234308,0.334242,0.440959,-0.231001,nan,-0.385615,0.0882602,1,0.0331042,0.0725775,-0.18443,-1.84845,0.0165521,nan,-1.40412,-2.22168,1,0,0.964167,-0.025984,0.015518,0.263561,0.29737,-0.0426091,-0.237861,-2.83727,-1.88966,9.2422
1787645123286350162,0.92684,-0.375456,0.566791,0.371642,0.4,-0,0.0460537,-0.0393416,0.0433244,0.531212,0.269236,0.0165858,-0.0149105,-0.411245,0.425207,-0.727284,-8.86447,0.194377,0.127533,nan,nan,0,-1.75955,-0.0160112,0.506338,-19.4139,-0.829777,-0.638731,nan,nan,0,-0.268058,-0.269314,0.414276,-10.4274,-0.444029,-0.580452,nan,nan,0,-0.36047,0.464899,-0.187191,-11.6484,0.309765,0.323554,nan,nan,0,0.100497,-0.202309,-1.36808,4.39467,-0.159752,nan,3.54162,1.66439,1,0.933863,0.110753,2.58978,11.0785,0.466932,nan,6.8007,11.7081,1,-0.689301,-0.633256,-0.954369,-1.5873,-0.74465,-0.738841,nan,nan,0,-0.150483,-0.0817819,-0.00920582,-5.59219,-0.125242,-0.203433,nan,nan,0,0.0540105,0.290406,-0.046031,-0.317459,0.337005,0.297925,nan,nan,0,0.453372,0.81331,-0.684322,-7.88766,0.716686,0.654208,nan,nan,0,0.0223274,-0.232297,0.319948,0.399142,-0.198836,nan,0.691194,-0.3751,1,-0.0173892,0.0654832,-0.65606,-1.73048,-0.00869461,nan,-1.24124,-1.62023,1,0,0.964408,-0.02466,0.015735,0.262793,0.269236,0.0165858,-0.0149105,-0.348332,-2.14664,12.1392
1787645123296362130,0.883644,-0.46816,0.567122,0.372209,0.4,-0,-0.0642612,-0.0368581,0.0434947,0.532356,0.278942,0.128182,0.236736,-0.489804,0.418303,-0.659773,-9.64591,0.155098,0.173914,nan,nan,0,-1.82684,-0.0117927,0.371314,-26.0562,-0.86342,-0.772267,nan,nan,0,0.089533,-0.267396,0.138092,-11.3065,-0.265234,-0.559613,nan,nan,0,-0.279587,0.463365,-0.11968,-14.8718,0.350207,0.312881,nan,nan,0,0.282225,-0.217995,-1.5776,0.723844,-0.0688876,nan,7.58516,2.0825,1,0.857038,0.142218,2.68405,13.051,0.428519,nan,4.56295,9.05854,1,-0.72662,-0.642652,-0.911407,-1.00122,-0.76331,-0.731103,nan,nan,0,-0.164957,-0.0819736,-0.00920582,-4.42002,-0.132479,-0.159071,nan,nan,0,0.166375,0.29079,0.0644436,-0.0244217,0.393187,0.31453,nan,nan,0,0.390248,0.804873,-0.929819,-3.63858,0.685124,0.680479,nan,nan,0,0.0757162,-0.230338,0.300662,-0.150855,-0.172142,nan,1.58588,-0.160893,1,-0.0592188,0.055036,-0.95348,-1.16125,-0.0296094,nan,-1.10914,-1.11576,1,0,0.964285,-0.023494,0.01613,0.263326,0.278942,0.128182,0.236736,0.841945,-0.351301,11.611
1787645123306464019,0.831175,-0.556011,0.567446,0.372765,0.4,-0,-0.0642612,-0.0339007,0.0448074,0.535809,0.328695,0.0329693,0.4193,-0.326522,0.412743,-0.512475,-7.98535,0.236739,0.182714,nan,nan,0,-1.73793,-0.00891638,0.279252,-32.0146,-0.818965,-0.844004,nan,nan,0,0.1505,-0.266054,0.205604,-11.0134,-0.23475,-0.439234,nan,nan,0,-0.23351,0.463173,0.00920582,-16.8742,0.373245,0.321958,nan,nan,0,0.250916,-0.227527,-0.92594,-0.740456,-0.0845418,nan,6.39339,4.28199,1,0.819446,0.159475,1.4165,10.4749,0.409723,nan,5.38269,6.53814,1,-0.7235,-0.651281,-0.837758,-1.48962,-0.76175,-0.741975,nan,nan,0,-0.128224,-0.0819736,0.00306892,-3.2967,-0.114112,-0.133886,nan,nan,0,0.149476,0.291173,0.0644436,0.415138,0.384738,0.347928,nan,nan,0,0.225048,0.79471,-1.03416,-2.90598,0.602524,0.694284,nan,nan,0,0.0765593,-0.226359,0.266167,-0.19187,-0.17172,nan,1.51309,0.581362,1,-0.0733353,0.0469852,-1.13651,-0.948603,-0.0366676,nan,-0.804827,-0.863857,1,0,0.963846,-0.02227,0.017114,0.264973,0.328695,0.0329693,0.4193,-0.03164,1.70727,10.4031
1787645123316421496,0.76997,-0.638081,0.567764,0.37331,0.4,-0,-0.0642612,-0.0298777,0.0438688,0.539518,0.355585,-0.05895,0.281993,-0.184677,0.408333,-0.414276,-6.08059,0.307662,0.197954,nan,nan,0,-1.69708,-0.00680685,0.168778,-30.8913,-0.798541,-0.856536,nan,nan,0,0.080896,-0.260684,0.71501,-9.05983,-0.269552,-0.314202,nan,nan,0,-0.209959,0.463557,0.0276184,-12.967,0.385021,0.345636,nan,nan,0,0.213997,-0.229316,-0.104441,1.84473,-0.103001,nan,4.57767,5.85435,1,0.814649,0.16135,0.010956,7.83139,0.407325,nan,7.36281,5.62265,1,-0.613914,-0.658759,-0.708872,-3.39439,-0.706957,-0.754518,nan,nan,0,-0.124156,-0.0821652,-0.0337563,-1.68498,-0.112078,-0.12108,nan,nan,0,0.0543877,0.292899,0.21174,0.854698,0.337194,0.375539,nan,nan,0,0.113432,0.783972,-1.08939,-1.05006,0.546716,0.666115,nan,nan,0,0.0726623,-0.226437,0.278343,0.351834,-0.173669,nan,1.42937,1.22867,1,-0.0802801,0.0302115,-1.25684,-0.854184,-0.0401401,nan,-0.225285,-0.684858,1,0,0.963408,-0.020239,0.017157,0.266721,0.355585,-0.05895,0.281993,4.59654,0.535723,11.4582
1787645123326389210,0.700656,-0.713499,0.568075,0.373843,0.4,-0,-0.0642612,-0.0280677,0.0436306,0.541441,0.0942967,0.191696,0.126909,-0.478358,0.404498,-0.389727,-4.71307,0.160821,0.243545,nan,nan,0,-1.33702,-0.00623178,0.00920582,-30.989,-0.618509,-0.833975,nan,nan,0,0.143215,-0.250906,1.08939,-6.76434,-0.238393,-0.2558,nan,nan,0,-0.182069,0.463557,-0.00920582,-10.8669,0.398965,0.368892,nan,nan,0,0.394084,-0.229797,0.447013,4.51695,-0.0129579,nan,6.91885,5.69201,1,0.701111,0.160955,-0.747333,6.3649,0.350555,nan,6.80901,6.29318,1,-0.471999,-0.664895,-0.567711,-3.49207,-0.636,-0.743146,nan,nan,0,-0.161079,-0.0831242,-0.11968,0.610504,-0.130539,-0.113904,nan,nan,0,-0.0709595,0.2952,0.217878,2.12454,0.27452,0.371184,nan,nan,0,0.0068157,0.773042,-1.08939,-1.68498,0.493408,0.609584,nan,nan,0,0.108352,-0.222386,0.32677,1.12988,-0.155824,nan,1.83952,1.45738,1,-0.125146,0.0194214,-1.30978,-0.759983,-0.062573,nan,-0.495161,-0.422094,1,0,0.963172,-0.019352,0.017265,0.267631,0.0942967,0.191696,0.126909,2.80018,-0.376242,8.87489
1787645123336432018,0.623951,-0.781463,0.568381,0.374367,0.4,-0,-0.0642612,-0.0285406,0.0454272,0.542259,-0.125559,0.126838,0.0388541,-0.57684,0.40028,-0.420414,-2.51526,0.11158,0.238397,nan,nan,0,-0.710262,-0.00680685,-0.101268,-30.1099,-0.305131,-0.75168,nan,nan,0,0.375661,-0.239593,1.13235,-4.37119,-0.12217,-0.237963,nan,nan,0,-0.183751,0.463365,-0.00920582,-9.35287,0.398125,0.38705,nan,nan,0,0.519176,-0.223884,0.520698,6.2602,0.0495878,nan,8.79047,5.72819,1,0.530801,0.148821,-1.10999,6.94325,0.265401,nan,5.16238,7.02572,1,-0.324702,-0.670073,-0.506338,-0.952377,-0.562351,-0.699253,nan,nan,0,-0.229653,-0.0854249,-0.279252,1.78266,-0.164827,-0.117343,nan,nan,0,-0.098616,0.295008,-0.193328,3.93163,0.260692,0.332919,nan,nan,0,-0.197147,0.762112,-1.10167,-7.69231,0.391427,0.547206,nan,nan,0,0.125126,-0.218277,0.413498,1.16894,-0.147437,nan,1.85915,1.56604,1,-0.141203,0.00746489,-1.2869,-0.546438,-0.0706015,nan,-0.411642,-0.275832,1,0,0.963035,-0.019827,0.018059,0.268036,-0.125559,0.126838,0.0388541,-1.16236,0.480896,6.23037
1787645123346405774,0.540648,-0.841249,0.56868,0.374879,0.4,-0,-0.0371729,-0.0290943,0.0462925,0.542115,-0.0274851,-0.00923775,-0.0634379,-0.531896,0.395678,-0.457238,-2.61295,0.134052,0.182879,nan,nan,0,-0.210667,-0.00853252,-0.162642,-29.4261,-0.0553335,-0.563357,nan,nan,0,0.461855,-0.229046,1.03416,-3.83395,-0.0790723,-0.195915,nan,nan,0,-0.218321,0.463557,0.0153437,-8.62027,0.38084,0.397038,nan,nan,0,0.491227,-0.222372,0.222193,7.12873,0.0356137,nan,8.6962,6.9157,1,0.40936,0.137284,-1.40774,6.99349,0.20468,nan,4.13349,6.77031,1,-0.098617,-0.674866,-0.457238,-0.366302,-0.449308,-0.633117,nan,nan,0,-0.257038,-0.0886846,-0.328352,0.610504,-0.178519,-0.135883,nan,nan,0,-0.0919558,0.292515,-0.14423,1.3431,0.264022,0.290286,nan,nan,0,-0.384013,0.750416,-1.23055,-8.62027,0.297994,0.472064,nan,nan,0,0.0617755,-0.214123,0.557525,1.05262,-0.179112,nan,0.389086,1.65448,1,-0.171031,-0.00604863,-1.20105,-0.522899,-0.0855155,nan,-0.582423,-0.25215,1,0,0.963037,-0.020208,0.018403,0.267975,-0.0274851,-0.00923775,-0.0634379,-0.982241,0.811292,6.87426
1787645123356383240,0.451614,-0.892213,0.568973,0.375382,0.4,-0,-0.0371729,-0.0279699,0.046675,0.541083,0.226203,-0.0513599,-0.137535,-0.494841,0.390883,-0.512475,-3.58974,0.152579,0.141525,nan,nan,0,-0.00646161,-0.00910807,0.0521679,-25.3236,0.0467692,-0.308527,nan,nan,0,0.372765,-0.217925,1.18145,-4.27351,-0.123618,-0.135357,nan,nan,0,-0.232747,0.464132,0.09513,-9.54823,0.373627,0.394364,nan,nan,0,0.384358,-0.222748,-0.103006,7.5588,-0.0178209,nan,7.32695,8.17471,1,0.377944,0.123279,-1.17954,6.16581,0.188972,nan,3.7401,5.72241,1,0.164242,-0.678893,-0.377452,0.21978,-0.317879,-0.544997,nan,nan,0,-0.18315,-0.0915608,-0.279252,-0.952377,-0.141575,-0.159053,nan,nan,0,-0.0183322,0.292899,0.046031,0.170937,0.300834,0.266469,nan,nan,0,-0.512873,0.73661,-1.46991,-12.3321,0.233563,0.383416,nan,nan,0,-0.0752608,-0.205764,0.633168,1.36726,-0.24763,nan,-2.41508,1.20037,1,-0.246132,-0.0139367,-1.21145,-0.523798,-0.123066,nan,-1.4567,-0.330157,1,0,0.963182,-0.019708,0.018748,0.267469,0.226203,-0.0513599,-0.137535,-1.24651,1.11625,7.24192
1787645123366369064,0.357779,-0.933806,0.56926,0.375874,0.4,-0,-0.0371729,-0.025172,0.0454322,0.539601,0.312603,-0.146744,-0.168488,-0.456375,0.384939,-0.622948,-2.8083,0.171813,0.133844,nan,nan,0,0.274527,-0.00642347,0.389727,-16.9719,0.187263,-0.0879635,nan,nan,0,0.33276,-0.20431,1.42695,-3.34554,-0.14362,-0.107374,nan,nan,0,-0.260251,0.46605,0.230153,-10.525,0.359874,0.384658,nan,nan,0,0.365651,-0.222945,-0.178311,8.03011,-0.0271745,nan,7.11943,8.3558,1,0.262626,0.112626,-0.787988,5.21852,0.131313,nan,1.7426,4.556,1,0.416465,-0.681961,-0.279252,2.02686,-0.191767,-0.433252,nan,nan,0,-0.0171489,-0.0942454,-0.230153,-2.12454,-0.0585744,-0.162087,nan,nan,0,0.118002,0.292707,-0.0337563,-0.463982,0.369001,0.271601,nan,nan,0,-0.602988,0.719544,-1.81975,-15.2625,0.188506,0.2986,nan,nan,0,-0.238774,-0.199467,0.7334,0.900149,-0.329387,nan,-5.64731,-0.311078,1,-0.336879,-0.0267511,-1.20011,-0.333911,-0.168439,nan,-2.45049,-0.680018,1,0,0.963422,-0.018181,0.018537,0.266725,0.312603,-0.146744,-0.168488,-0.693661,-1.22886,10.81
1787645123376379274,0.260123,-0.965575,0.569541,0.376357,0.4,-0,-0.0371729,-0.0219979,0.0445758,0.537021,0.377263,0.0375156,-0.36946,-0.610553,0.377653,-0.770247,-2.12454,0.0947235,0.147302,nan,nan,0,0.604034,0.000287533,0.782521,-10.1343,0.352017,0.0783322,nan,nan,0,0.222401,-0.189929,1.4024,-2.12454,-0.1988,-0.115218,nan,nan,0,-0.305835,0.469118,0.328352,-11.16,0.337082,0.372322,nan,nan,0,0.484446,-0.225145,-0.203939,8.03194,0.0322232,nan,9.31379,7.85617,1,0.018174,0.107776,-0.327185,3.8402,0.00908701,nan,-2.46988,3.12373,1,0.687729,-0.683687,-0.101268,4.17583,-0.0561353,-0.307748,nan,nan,0,0.368071,-0.0961628,-0.193328,-2.71062,0.134036,-0.125243,nan,nan,0,0.268373,0.293474,0.113543,-0.952377,0.444187,0.309637,nan,nan,0,-0.472341,0.698259,-2.28005,-15.4579,0.25383,0.231342,nan,nan,0,-0.380987,-0.193154,0.760206,-0.274206,-0.400494,nan,-8.39721,-2.8522,1,-0.509894,-0.040702,-1.251,-0.47776,-0.254947,nan,-4.55084,-1.38874,1,0,0.963804,-0.016514,0.018569,0.26545,0.377263,0.0375156,-0.36946,-0.836853,-2.5128,10.5057
1787645123386375715,0.159674,-0.98717,0.569817,0.376829,0.4,-0,-0.0371729,-0.018683,0.0451419,0.532715,0.329003,0.0262592,-0.447491,-0.165797,0.368832,-0.923681,-1.88034,0.317101,0.13811,nan,nan,0,0.740752,0.0104504,1.12008,-5.25031,0.420376,0.226351,nan,nan,0,0.187482,-0.179766,0.850033,-0.708183,-0.216259,-0.149144,nan,nan,0,0.0531802,0.472761,0.322214,-11.1111,0.51659,0.356176,nan,nan,0,0.314957,-0.227199,-0.333288,8.54549,-0.0525213,nan,6.61365,8.12741,1,-0.0934007,0.106474,-0.0188297,2.62618,-0.0467003,nan,-4.56699,0.580933,1,0.815826,-0.683495,0.101268,7.74115,0.007913,-0.175664,nan,nan,0,1.33273,-0.0978885,-0.156505,-1.44078,0.616363,-0.0195671,nan,nan,0,0.704674,0.293858,-0.0153437,0.415138,0.662337,0.373173,nan,nan,0,-0.498401,0.67525,-2.68512,-15.5556,0.2408,0.215051,nan,nan,0,-0.525407,-0.186808,0.668033,-2.27712,-0.472704,nan,-11.0084,-5.81154,1,-0.795787,-0.0569538,-1.33271,-1.31417,-0.397894,nan,-8.22913,-2.68613,1,0,0.964392,-0.01495,0.019314,0.263344,0.329003,0.0262592,-0.447491,-1.92987,-1.51146,9.22594
1787645123396434697,0.0574862,-0.998346,0.570087,0.377293,0.4,-0,0.116802,-0.0151901,0.0456514,0.527851,0.451865,0.0663478,-0.536329,0.521171,0.358861,-1.03416,-1.5873,0.660585,0.187617,nan,nan,0,0.429817,0.0231061,1.32261,0.170937,0.264909,0.346295,nan,nan,0,-0.00683212,-0.174973,0.33449,-0.366302,-0.313416,-0.187821,nan,nan,0,0.622182,0.475062,0.23629,-11.2576,0.801091,0.401895,nan,nan,0,0.12309,-0.231335,-0.454928,8.75334,-0.148455,nan,3.5832,7.97419,1,-0.0585895,0.105644,-0.181867,0.463485,-0.0292948,nan,-3.77537,-2.28636,1,1.00064,-0.68081,0.33449,10.9646,0.100321,-0.0634539,nan,nan,0,2.29094,-0.0990391,-0.0767183,1.24542,1.09547,0.240043,nan,nan,0,0.975646,0.294433,0.125817,2.02686,0.797823,0.494994,nan,nan,0,-0.472818,0.642077,-3.13929,-11.5507,0.253591,0.226018,nan,nan,0,-0.558372,-0.182487,0.368856,-4.40246,-0.489186,nan,-11.2878,-8.65467,1,-0.943752,-0.0701019,-1.60045,-2.50923,-0.471876,nan,-9.65254,-4.99832,1,0,0.965048,-0.013284,0.020052,0.260964,0.451865,0.0663478,-0.536329,-2.15193,-0.78783,8.15823
1787645123406370910,-0.0453604,-0.998971,0.570352,0.377747,0.4,-0,0.116802,-0.00951939,0.0467867,0.522356,0.655952,0.0390522,-0.534971,0.981754,0.348123,-1.08325,-0.952377,0.890877,0.37589,nan,nan,0,-0.193909,0.0376787,1.50674,4.81075,-0.0469546,0.360744,nan,nan,0,-0.287037,-0.17248,0.273115,-1.3431,-0.453519,-0.243214,nan,nan,0,0.832562,0.476788,0.125817,-4.95727,0.906281,0.562461,nan,nan,0,-0.10346,-0.237735,-0.542279,8.21604,-0.26173,nan,-0.0264051,6.36001,1,0.0781231,0.103303,-0.652432,-1.71466,0.0390616,nan,-0.948597,-3.74138,1,0.973222,-0.675825,0.586123,12.5763,0.0866112,0.0291253,nan,nan,0,2.33287,-0.098464,0.11968,9.98779,1.11644,0.644947,nan,nan,0,0.813578,0.299418,0.721148,3.98046,0.716789,0.65115,nan,nan,0,-0.328372,0.612356,-3.39706,-9.15751,0.325814,0.240315,nan,nan,0,-0.555597,-0.18213,-0.216668,-6.96439,-0.487799,nan,-10.3734,-10.4952,1,-0.796078,-0.0904284,-2.31303,-4.20372,-0.398039,nan,-5.75877,-7.37531,1,0,0.965782,-0.010637,0.021369,0.258253,0.655952,0.0390522,-0.534971,-1.89886,1.98993,7.51237
1787645123416402580,-0.147778,-0.989021,0.570612,0.378192,0.4,-0,0.116802,-0.00238432,0.0468606,0.518145,0.765142,0.0101028,-0.309932,1.10838,0.337577,-1.04029,1.53846,0.954189,0.637336,nan,nan,0,-0.386649,0.0535946,1.66017,2.95483,-0.143325,0.21525,nan,nan,0,-0.352813,-0.170371,0.162642,-3.19902,-0.486406,-0.337017,nan,nan,0,0.766339,0.47813,0.181053,0.463982,0.87317,0.753492,nan,nan,0,-0.150842,-0.244181,-0.724583,7.01056,-0.285421,nan,-0.356517,3.51916,1,0.12348,0.0936222,-1.12806,-3.1512,0.0617402,nan,0.735632,-2.96984,1,1.00525,-0.668155,0.85617,13.0159,0.102624,0.0823806,nan,nan,0,2.03345,-0.0944371,0.567711,21.0745,0.966725,0.972372,nan,nan,0,0.729668,0.31169,1.5006,5.54334,0.674834,0.735097,nan,nan,0,-0.268809,0.574005,-3.5505,-3.44322,0.355596,0.273919,nan,nan,0,-0.454022,-0.187785,-0.865944,-7.36603,-0.437011,nan,-7.42399,-10.8419,1,-0.744362,-0.119474,-3.22933,-5.34365,-0.372181,nan,-2.73723,-7.43594,1,0,0.966354,-0.007154,0.022341,0.256141,0.765142,0.0101028,-0.309932,-0.552689,0.005138,6.35208
1787645123426323161,-0.248681,-0.968585,0.570866,0.378628,0.4,-0,0.116802,0.00564192,0.0476219,0.515503,0.84928,0.0692617,-0.188146,1.22707,0.328372,-0.843896,5.88522,1.01353,0.846871,nan,nan,0,-0.325016,0.0708518,1.73996,-0.805862,-0.112508,0.0191155,nan,nan,0,-0.41326,-0.171137,-0.205604,-5.0061,-0.51663,-0.42813,nan,nan,0,0.717224,0.482732,0.616811,15.116,0.848612,0.864581,nan,nan,0,-0.124756,-0.252708,-1.02143,4.58529,-0.272378,nan,0.843697,1.11092,1,0.116247,0.0812031,-1.12393,-2.99639,0.0581236,nan,0.993515,-1.02476,1,1.06801,-0.657417,1.16304,17.558,0.134006,0.102715,nan,nan,0,1.95898,-0.0840826,1.24283,27.6679,0.929492,1.07438,nan,nan,0,0.703271,0.333934,2.47031,3.2967,0.661636,0.73281,nan,nan,0,-0.191344,0.541599,-3.54436,-7.35043,0.394328,0.317496,nan,nan,0,-0.227767,-0.196855,-1.03067,-16.5264,-0.323884,nan,-2.89999,-9.43128,1,-0.80333,-0.159028,-3.82927,-10.4872,-0.401665,nan,-1.53519,-5.04057,1,0,0.966704,-0.003342,0.023741,0.254769,0.84928,0.0692617,-0.188146,-1.70554,0.894488,7.01116
1787645123436255396,-0.346997,-0.937866,0.571116,0.379056,0.4,-0,0.116802,0.0151424,0.0482534,0.515232,0.894203,-0.157246,0.0519537,1.17002,0.322045,-0.487926,8.32722,0.98501,0.970093,nan,nan,0,-0.191295,0.0858083,1.28579,5.29915,-0.0456476,-0.0986279,nan,nan,0,-0.37642,-0.176315,-0.751834,-3.63858,-0.49821,-0.488867,nan,nan,0,0.674379,0.492128,1.2551,11.3065,0.82719,0.887819,nan,nan,0,-0.0861537,-0.265267,-1.49401,3.21049,-0.253077,nan,2.66766,0.384936,1,0.0747609,0.0718338,-0.444187,-2.11547,0.0373804,nan,-0.367322,0.421947,1,0.701471,-0.645337,1.27965,14.0415,-0.0492646,0.117404,nan,nan,0,1.67047,-0.0698929,1.42081,46.9597,0.785236,1.03362,nan,nan,0,0.53448,0.354067,1.55584,10.4274,0.57724,0.699143,nan,nan,0,-0.272529,0.516097,-2.09593,-28.4982,0.353735,0.35942,nan,nan,0,-0.276609,-0.190417,1.61644,-16.3481,-0.348304,nan,-7.9507,-6.97816,1,-0.767289,-0.169831,0.21769,-9.45344,-0.383644,nan,-6.74094,-3.28454,1,0,0.966737,0.001173,0.025256,0.254518,0.894203,-0.157246,0.0519537,-0.440123,2.18896,7.71795
1787645123446234432,-0.441677,-0.897174,0.57136,0.379475,0.4,-0,-0.125441,0.0114402,0.0397548,0.520004,-1.32785,-0.742674,1.24953,0.701565,0.320127,-0.0767183,14.0415,0.750783,1.0117,nan,nan,0,-0.0895203,0.0950122,0.807072,-0.512817,0.00523985,-0.112265,nan,nan,0,-0.262633,-0.196065,-2.46418,-0.0732574,-0.441316,-0.511229,nan,nan,0,0.618966,0.511302,1.89339,12.6252,0.799483,0.867086,nan,nan,0,0.0899293,-0.279709,-1.62386,0.349441,-0.165035,nan,6.44939,1.2609,1,-0.0741546,0.072007,-0.0989192,-0.0493872,-0.0370773,nan,-3.12415,0.431445,1,-0.0489859,-0.63038,1.60494,11.0134,-0.424493,0.0686654,nan,nan,0,2.47464,-0.057621,1.1569,42.8571,1.18732,0.926291,nan,nan,0,1.779,0.355218,-0.377452,15.3602,1.1995,0.646421,nan,nan,0,-0.346371,0.503057,-0.85617,-17.9976,0.316815,0.373561,nan,nan,0,-0.405074,-0.164327,3.06628,-11.0014,-0.412537,nan,-13.2868,-6.82661,1,-1.16909,-0.144524,3.10904,-6.60834,-0.584546,nan,-17.8642,-4.8635,1,0,0.966211,0.000417,0.020678,0.256918,-1.32785,-0.742674,1.24953,0.123959,-3.69979,34.8397
1787645123456395672,-0.531709,-0.846927,0.5716,0.379885,0.4,-0,-0.125441,0.00317558,0.0384057,0.534643,-0.043469,0.431455,1.20481,0.86206,0.321278,0.199466,12.5763,0.83103,0.932625,nan,nan,0,0.232724,0.101148,0.604536,-9.25519,0.166362,-0.0657654,nan,nan,0,-0.178962,-0.223485,-2.70967,0.268623,-0.399481,-0.491635,nan,nan,0,0.57327,0.529327,1.99773,16.8742,0.776635,0.833276,nan,nan,0,0.00816691,-0.296229,-1.49562,0.774146,-0.205917,nan,5.40438,3.52903,1,-0.0993244,0.075772,-0.00388886,-0.0297029,-0.0496622,nan,-3.75719,-0.960277,1,1.24286,-0.612356,1.88112,9.40171,0.22143,-0.122006,nan,nan,0,2.7722,-0.0468831,1.09553,31.2821,1.3361,0.96172,nan,nan,0,2.26704,0.346972,-0.71501,11.4042,1.44352,0.802487,nan,nan,0,-0.379378,0.497113,-0.579986,-7.25275,0.300311,0.355164,nan,nan,0,0.127223,-0.136443,2.97838,-5.3167,-0.146389,nan,-4.81568,-9.54512,1,-1.29607,-0.106184,3.93023,-4.72291,-0.648033,nan,-22.1508,-10.7249,1,0,0.96431,-0.003541,0.018939,0.264071,-0.043469,0.431455,1.20481,9.42516,3.49155,18.502
1787645123466348238,-0.616129,-0.787645,0.571834,0.380287,0.4,-0,-0.125441,0.00882253,0.0441936,0.543206,0.603611,0.492823,0.785402,1.05739,0.325496,0.537024,9.40171,0.928695,0.849952,nan,nan,0,0.400969,0.108435,0.788659,-13.7485,0.250484,0.0332279,nan,nan,0,-0.593186,-0.243427,-1.39013,-6.32478,-0.606593,-0.448896,nan,nan,0,0.381313,0.552721,2.20027,4.81075,0.680657,0.800707,nan,nan,0,-0.239818,-0.308569,-1.36503,3.02809,-0.329909,nan,1.30065,5.24446,1,0.020982,0.0742383,-0.0686818,-0.520779,0.010491,nan,-1.8094,-2.57379,1,2.07326,-0.59203,2.0591,4.22466,0.63663,-0.106587,nan,nan,0,1.95975,-0.0340357,1.41468,29.0843,0.929875,1.12917,nan,nan,0,1.78951,0.351766,1.18759,9.89011,1.20476,1.1153,nan,nan,0,-0.340505,0.490402,-0.708872,-6.08059,0.319748,0.326431,nan,nan,0,0.629673,-0.112187,2.36825,-6.81268,0.104837,nan,4.04344,-9.39272,1,-1.23162,-0.0732274,2.79893,-8.43691,-0.615809,nan,-20.4759,-17.3692,1,0,0.963123,-0.001679,0.022468,0.268114,0.603611,0.492823,0.785402,-8.84977,9.96671,2.92842
1787645123476310691,-0.694029,-0.719947,0.572064,0.380682,0.4,-0,-0.125441,0.0149667,0.0431651,0.550032,0.568076,-0.669055,0.455902,1.08433,0.332783,0.776384,11.0623,0.942165,0.8523,nan,nan,0,0.233657,0.11879,1.14463,-8.08303,0.166828,0.150221,nan,nan,0,-0.682932,-0.247646,-0.303802,-5.59219,-0.651466,-0.481598,nan,nan,0,0.307449,0.573622,2.36598,2.95483,0.643725,0.74958,nan,nan,0,-0.215232,-0.316803,-0.896517,3.79891,-0.317616,nan,1.31631,4.41265,1,-0.0616623,0.0660383,-0.761879,-1.91655,-0.0308312,nan,-1.76327,-2.77092,1,0.775752,-0.570937,2.10207,10.1343,-0.0121241,0.19268,nan,nan,0,1.01034,-0.0169702,1.78906,38.0708,0.45517,1.13879,nan,nan,0,1.04941,0.378228,3.10247,14.6764,0.834705,1.27491,nan,nan,0,-0.462092,0.482156,-0.892995,-4.7619,0.258954,0.312726,nan,nan,0,-0.0140787,-0.0958623,1.44559,-5.0949,-0.217039,nan,-6.40958,-4.14968,1,-1.16499,-0.0616081,0.52619,-15.277,-0.582497,nan,-16.416,-20.4102,1,0,0.962213,0.00134,0.022801,0.271336,0.568076,-0.669055,0.455902,-0.175045,-4.46858,-1.61308
1787645123486261577,-0.764569,-0.644542,0.57229,0.381068,0.4,-0,-0.125441,0.0172858,0.0379918,0.554535,-0.0499655,-0.258629,0.401978,1.01257,0.34007,0.708872,16.9231,0.906285,0.894882,nan,nan,0,-0.150065,0.129911,1.07098,-1.39194,-0.0250323,0.200524,nan,nan,0,-0.735088,-0.253015,-0.71501,-4.61539,-0.677544,-0.565922,nan,nan,0,0.497278,0.599892,2.38439,-3.49207,0.738639,0.691316,nan,nan,0,-0.0996161,-0.323216,-0.512725,3.05433,-0.259808,nan,2.98837,2.61745,1,0.0152911,0.0562024,-1.24183,-1.83554,0.00764554,nan,0.406047,-2.09081,1,-0.228055,-0.551187,1.90567,23.37,-0.514028,0.272402,nan,nan,0,1.46031,9.58443e-05,1.5988,48.9622,0.680157,0.88406,nan,nan,0,0.798175,0.41025,3.05337,19.5604,0.709087,1.15842,nan,nan,0,-0.177163,0.472952,-1.07098,-4.32234,0.401419,0.293406,nan,nan,0,-0.222318,-0.0896943,0.131222,1.69497,-0.321159,nan,-8.2981,-2.00186,1,-1.20591,-0.0639712,-0.157431,-21.4883,-0.602953,nan,-15.9333,-19.2959,1,0,0.961642,0.003112,0.020634,0.273511,-0.0499655,-0.258629,0.401978,4.39327,-6.4561,3.72947
1787645123496374656,-0.826985,-0.562223,0.572511,0.381447,0.4,-0,-0.0899448,0.0157006,0.0338456,0.556103,-0.0231957,-0.568743,0.106057,0.981803,0.346206,0.579986,18.5836,0.890901,0.916877,nan,nan,0,-0.415058,0.13854,0.757972,6.17827,-0.157529,0.133395,nan,nan,0,-0.602435,-0.267205,-1.75837,-2.3199,-0.611217,-0.637006,nan,nan,0,0.853591,0.623285,2.31688,-7.78999,0.916795,0.684941,nan,nan,0,-0.0302454,-0.327623,-0.226214,1.80047,-0.225123,nan,3.92684,2.0097,1,0.0969823,0.0433452,-1.6496,-1.49172,0.0484911,nan,2.62878,-0.819299,1,-0.853299,-0.534504,1.56811,25.6654,-0.826649,-0.0126907,nan,nan,0,2.20895,0.010067,0.69046,51.5018,1.05448,0.684423,nan,nan,0,0.534361,0.429617,1.24283,22.3443,0.577181,0.929088,nan,nan,0,-0.053601,0.460489,-1.10781,-12.1856,0.4632,0.318198,nan,nan,0,-0.281865,-0.0938409,-0.658046,-0.0402929,-0.350933,nan,-8.01114,-3.9673,1,-1.0961,-0.0556443,1.42751,-22.002,-0.548049,nan,-16.9134,-17.4481,1,0,0.961461,0.002903,0.018426,0.274307,-0.0231957,-0.568743,0.106057,-4.88843,-2.36811,7.59845
1787645123506323123,-0.8806,-0.473861,0.572727,0.381818,0.4,-0,-0.0899448,0.0169347,0.0259694,0.559549,0.131267,-1.00533,0.664817,0.945511,0.351766,0.567711,14.0415,0.872755,0.911954,nan,nan,0,-0.520668,0.144484,0.543161,1.05006,-0.210334,-0.0043868,nan,nan,0,-0.4541,-0.290981,-2.55624,-1.73382,-0.53705,-0.652564,nan,nan,0,0.978069,0.643803,2.26164,-8.81563,0.979035,0.768013,nan,nan,0,-0.0640916,-0.329898,-0.00297807,1.12639,-0.242046,nan,3.07929,2.57796,1,0.093976,0.0258785,-1.78984,-0.849876,0.046988,nan,3.31805,1.06236,1,-1.03627,-0.520699,1.32261,11.4042,-0.918136,-0.431501,nan,nan,0,1.90702,0.0108337,-0.101268,31.6239,0.903509,0.755175,nan,nan,0,0.641858,0.430576,-0.0276184,15.0672,0.630929,0.721869,nan,nan,0,-0.242277,0.450709,-0.911407,-8.62027,0.368861,0.385197,nan,nan,0,-0.292538,-0.104237,-1.27256,-2.63035,-0.356269,nan,-6.91227,-6.18185,1,-1.1616,-0.0260333,3.32131,-19.0866,-0.580801,nan,-21.625,-17.2964,1,0,0.961032,0.004552,0.014817,0.276,0.131267,-1.00533,0.664817,0.621117,3.19517,17.316
1787645123516318502,-0.924826,-0.380391,0.572939,0.382181,0.4,-0,-0.0899448,0.0196041,0.0181449,0.567464,0.443152,-0.230666,0.768311,0.989246,0.358094,0.672048,11.2576,0.894623,0.89451,nan,nan,0,-0.253827,0.149278,0.444963,-2.85714,-0.0769134,-0.130392,nan,nan,0,-0.425198,-0.318018,-2.66671,-0.903542,-0.522599,-0.611773,nan,nan,0,0.698632,0.666812,1.99773,-2.51526,0.839316,0.881604,nan,nan,0,-0.173367,-0.32792,0.14344,2.19326,-0.296684,nan,0.878103,3.02633,1,0.0336758,0.00774094,-1.76018,0.795757,0.0168379,nan,2.91318,2.70372,1,-0.349455,-0.508618,1.19987,0.512817,-0.574728,-0.757471,nan,nan,0,1.35096,0.00968313,-0.0521679,25.6166,0.62548,0.87037,nan,nan,0,0.766935,0.430576,0.0705805,8.03419,0.693467,0.617643,nan,nan,0,-0.282843,0.443423,-0.653635,-5.83639,0.348579,0.409265,nan,nan,0,0.00953208,-0.118711,-1.59118,-5.8375,-0.205234,nan,-0.64153,-6.97875,1,-1.23069,0.00740302,2.9861,-15.462,-0.615345,nan,-23.1616,-19.2079,1,0,0.959956,0.00687,0.011453,0.27983,0.443152,-0.230666,0.768311,4.0027,5.60111,19.4887
1787645123526297674,-0.959177,-0.282806,0.573147,0.382538,0.4,-0,-0.0899448,0.024896,0.0166673,0.573877,0.505872,-0.169254,0.506296,0.874965,0.366148,0.874582,9.59707,0.837482,0.886507,nan,nan,0,0.0334952,0.152538,0.297665,-9.79243,0.0667476,-0.156776,nan,nan,0,-0.408499,-0.34122,-2.10207,-1.68498,-0.514249,-0.560237,nan,nan,0,0.325249,0.684262,1.93636,4.0293,0.652624,0.91145,nan,nan,0,-0.188372,-0.32381,0.405309,2.74069,-0.304186,nan,0.0788835,2.34906,1,-0.0316977,-0.0098421,-1.2857,1.74141,-0.0158489,nan,1.74835,3.35141,1,-0.080716,-0.497497,1.05871,-5.20146,-0.440358,-0.804068,nan,nan,0,0.87314,0.0119843,0.365176,24.4444,0.38657,0.823742,nan,nan,0,0.725662,0.43326,0.359039,4.32234,0.672831,0.619133,nan,nan,0,-0.320332,0.439205,-0.383589,-5.64103,0.329834,0.388535,nan,nan,0,-0.018534,-0.135211,-1.59669,-7.41135,-0.219267,nan,-0.546928,-4.90089,1,-1.15057,0.0225353,0.99325,-16.4246,-0.575286,nan,-19.4245,-21.2128,1,0,0.959036,0.00958,0.011515,0.282886,0.505872,-0.169254,0.506296,-2.88704,0.223516,9.60923
1787645123536311856,-0.983271,-0.182146,0.573351,0.382887,0.4,-0,-0.0899448,0.0302971,0.0151513,0.577588,0.447434,-0.28176,0.308657,0.899788,0.376119,1.05871,7.74115,0.849894,0.870001,nan,nan,0,0.186329,0.154647,0.150368,-10.4762,0.143164,-0.0768501,nan,nan,0,-0.383534,-0.35867,-1.63562,-0.708183,-0.501767,-0.526367,nan,nan,0,0.25001,0.703629,1.96091,5.49451,0.615005,0.82227,nan,nan,0,-0.128587,-0.31966,0.594156,1.5523,-0.274293,nan,0.696612,1.10087,1,-0.052491,-0.0164886,-0.640762,2.1411,-0.0262455,nan,0.668436,2.84547,1,-0.150025,-0.488677,0.813209,-5.59219,-0.475012,-0.658557,nan,nan,0,0.814329,0.0179291,0.696597,24.5421,0.357164,0.636714,nan,nan,0,0.50778,0.437479,0.432689,5.15263,0.56389,0.649221,nan,nan,0,-0.236298,0.437479,-0.09513,-9.35287,0.371851,0.357764,nan,nan,0,-0.0289943,-0.147647,-1.17074,-6.6451,-0.224497,nan,-0.933639,-2.20518,1,-1.10481,0.0187219,-1.05523,-18.2366,-0.552407,nan,-15.551,-20.8242,1,0,0.958482,0.012363,0.011575,0.284646,0.447434,-0.28176,0.308657,-2.90893,-1.74631,6.05914
1787645123546342956,-0.996836,-0.079487,0.57355,0.383229,0.4,-0,-0.174328,0.0321947,0.0109114,0.58029,-0.000222844,-0.47608,0.251432,0.699789,0.387815,1.21214,8.86447,0.749894,0.853737,nan,nan,0,0.0709801,0.154455,-0.0644426,-4.85959,0.0854901,0.0382206,nan,nan,0,-0.29413,-0.372667,-1.34716,-0.21978,-0.457065,-0.507975,nan,nan,0,0.407685,0.725104,1.92408,-2.46642,0.693842,0.704762,nan,nan,0,-0.0748107,-0.313485,0.643395,0.819444,-0.247405,nan,1.3477,0.40451,1,0.00490519,-0.0193972,-0.00991269,1.78785,0.00245259,nan,0.670363,1.67581,1,-0.658348,-0.481965,0.610673,-3.34554,-0.729174,-0.527296,nan,nan,0,0.916619,0.0250235,0.659773,24.3468,0.40831,0.458261,nan,nan,0,0.27931,0.43978,0.0705805,8.22955,0.449655,0.632485,nan,nan,0,-0.269268,0.438629,0.187191,-14.6764,0.355366,0.35012,nan,nan,0,-0.345831,-0.153885,-0.355432,-5.15351,-0.382916,nan,-7.4829,-0.992586,1,-1.00715,-0.00170234,-2.21728,-20.1777,-0.503573,nan,-11.7302,-18.0962,1,0,0.958088,0.013863,0.009832,0.285966,-0.000222844,-0.47608,0.251432,0.076928,-2.51127,5.78879
1787645123556323126,-0.99971,0.0240731,0.573746,0.383565,0.4,-0,-0.174328,0.0311293,0.0057353,0.582821,-0.11747,-0.500341,0.328053,0.451188,0.400663,1.32875,8.13187,0.625594,0.815052,nan,nan,0,-0.119804,0.153113,-0.162642,-2.66178,-0.00990213,0.0990444,nan,nan,0,-0.177893,-0.385706,-1.24897,0.21978,-0.398946,-0.485753,nan,nan,0,0.455178,0.742554,1.64176,-9.05983,0.717589,0.657561,nan,nan,0,-0.0648384,-0.307333,0.644562,0.6217,-0.242419,nan,1.30513,0.523313,1,0.0790255,-0.016138,0.453196,1.15279,0.0395128,nan,0.98973,0.696669,1,-1.11861,-0.476979,0.481788,-2.22222,-0.959306,-0.552776,nan,nan,0,0.925038,0.0300088,0.402001,21.9536,0.412519,0.381572,nan,nan,0,0.22102,0.436328,-0.518612,9.15751,0.42051,0.557311,nan,nan,0,-0.258504,0.441889,0.432689,-16.2393,0.360748,0.353635,nan,nan,0,-0.506919,-0.151766,0.351104,-2.44019,-0.463459,nan,-11.4359,-3.06752,1,-0.853123,-0.0219928,-1.90194,-18.8077,-0.426561,nan,-9.28414,-14.5885,1,0,0.957732,0.014084,0.007218,0.287225,-0.11747,-0.500341,0.328053,1.35141,0.410429,9.06865
1787645123566244064,-0.991849,0.127422,0.573938,0.383893,0.4,-0,-0.174328,0.0296433,0.000700636,0.586558,-0.175523,-0.355304,0.355504,0.367668,0.414469,1.39626,6.61783,0.583834,0.732928,nan,nan,0,-0.193981,0.151196,-0.199466,-0.952377,-0.0469907,0.0760318,nan,nan,0,-0.152917,-0.397978,-1.17532,1.0989,-0.386459,-0.447242,nan,nan,0,0.24083,0.754826,1.26124,-10.232,0.610415,0.671459,nan,nan,0,-0.150099,-0.301181,0.590127,0.579409,-0.285049,nan,-0.320573,0.908072,1,0.105515,-0.0106888,0.715786,0.423719,0.0527573,nan,0.829705,0.379369,1,-1.13005,-0.472377,0.4511,-2.90598,-0.965024,-0.720952,nan,nan,0,0.788714,0.0313511,0.0276184,18.1441,0.344357,0.377315,nan,nan,0,0.204478,0.42885,-0.76411,7.00854,0.412239,0.476367,nan,nan,0,-0.107061,0.448216,0.610673,-15.7998,0.43647,0.357273,nan,nan,0,-0.42431,-0.149647,0.271554,-2.02112,-0.422155,nan,-9.9451,-7.20315,1,-0.721768,-0.0374182,-1.02049,-15.6281,-0.360884,nan,-8.17325,-11.5629,1,0,0.957197,0.014087,0.00462,0.289056,-0.175523,-0.355304,0.355504,-0.858036,0.695059,11.4893
1787645123576258340,-0.973321,0.229449,0.574126,0.384215,0.4,-0,-0.174328,0.0291626,-0.00127863,0.588219,-0.0226848,-0.295539,0.0394409,0.301929,0.428467,1.42695,4.71307,0.550965,0.646289,nan,nan,0,-0.108184,0.148894,-0.248566,-0.757019,-0.00409182,0.0160418,nan,nan,0,-0.200408,-0.407566,-0.899132,1.92918,-0.410204,-0.410019,nan,nan,0,-0.203283,0.76518,0.807072,-9.84127,0.388358,0.662222,nan,nan,0,-0.270039,-0.295003,0.574942,0.887442,-0.34502,nan,-2.61299,0.633976,1,0.151197,-0.00404643,0.831446,0.141086,0.0755984,nan,1.14218,0.445193,1,-0.932686,-0.46835,0.365176,-6.2271,-0.866343,-0.881178,nan,nan,0,0.358627,0.030776,-0.0337563,12.9182,0.129314,0.370976,nan,nan,0,-0.0465908,0.421371,-0.702735,3.68742,0.286705,0.426108,nan,nan,0,0.0410444,0.454928,0.672048,-12.5275,0.510522,0.384686,nan,nan,0,-0.416399,-0.149608,-0.396694,-4.77553,-0.4182,nan,-8.80568,-9.74824,1,-0.549589,-0.0385788,-0.191228,-11.9661,-0.274794,nan,-6.79963,-9.59307,1,0,0.956955,0.01414,0.003615,0.289866,-0.0226848,-0.295539,0.0394409,-3.76985,3.06735,9.82535
1787645123586230432,-0.944311,0.329054,0.57431,0.384531,0.4,-0,-0.174328,0.0297056,-0.00345164,0.588769,-0.00865078,-0.30708,0.102521,0.228985,0.442656,1.40854,2.95483,0.514493,0.58359,nan,nan,0,-0.061648,0.145826,-0.328352,-2.12454,0.019176,-0.015662,nan,nan,0,-0.0749473,-0.414277,-0.573849,2.12454,-0.347474,-0.396909,nan,nan,0,-0.603736,0.770933,0.487926,-11.746,0.188132,0.561677,nan,nan,0,-0.431417,-0.290864,0.589397,0.539226,-0.425708,nan,-5.60364,-0.689956,1,0.164189,0.00720988,0.912585,0.352356,0.0820945,nan,0.87766,0.646914,1,-0.725463,-0.46605,0.174916,-9.84127,-0.762731,-0.929216,nan,nan,0,-0.345521,0.030776,0.0153437,12.4786,-0.222761,0.285499,nan,nan,0,-0.179408,0.415236,-0.512475,1.53846,0.220296,0.366025,nan,nan,0,0.00123185,0.460489,0.604536,-10.9646,0.490616,0.440971,nan,nan,0,-0.436217,-0.159979,-1.17567,-6.92508,-0.428109,nan,-7.62102,-9.8387,1,-0.342856,-0.0400733,-0.0364898,-9.07985,-0.171428,nan,-3.88591,-8.1404,1,0,0.956866,0.014714,0.002658,0.290143,-0.00865078,-0.30708,0.102521,-3.16066,0.146192,8.81247
1787645123596220337,-0.905119,0.425159,0.57449,0.384841,0.4,-0,-0.130824,0.0300452,-0.00591456,0.5897,-0.00171334,-0.327224,0.127235,0.215632,0.456271,1.34716,1.88034,0.507816,0.54034,nan,nan,0,-0.0887328,0.141799,-0.420414,-3.24786,0.00563358,-0.0101277,nan,nan,0,0.0974633,-0.418112,-0.303802,1.88034,-0.261268,-0.379668,nan,nan,0,-0.748412,0.773234,0.138092,-16.8742,0.115794,0.386326,nan,nan,0,-0.483505,-0.284619,0.566534,-0.542995,-0.451752,nan,-6.69948,-2.97845,1,0.257057,0.0154368,0.989562,0.495341,0.128529,nan,1.90841,0.764554,1,-0.42335,-0.465858,-0.0337563,-10.6227,-0.611675,-0.875806,nan,nan,0,-0.716854,0.0311594,0.0583057,7.54578,-0.408427,0.0725984,nan,nan,0,-0.215949,0.411784,-0.291528,-0.317459,0.202025,0.290594,nan,nan,0,-0.154433,0.467392,0.64136,-6.86203,0.412784,0.482345,nan,nan,0,-0.385011,-0.174468,-1.79876,-7.70177,-0.402506,nan,-5.28317,-8.65259,1,-0.230382,-0.0424783,-0.227144,-7.74671,-0.115191,nan,-1.84067,-6.14241,1,0,0.95672,0.015233,0.001536,0.290605,-0.00171334,-0.327224,0.127235,-3.03083,1.49623,6.66662
1787645123606230957,-0.856152,0.516725,0.574667,0.385144,0.4,-0,-0.130824,0.0303404,-0.0085522,0.591842,-0.0138573,-0.254612,0.346263,0.294834,0.469501,1.28579,-0.757019,0.547417,0.514973,nan,nan,0,-0.173148,0.136814,-0.530887,-1.92918,-0.0365738,0.00117972,nan,nan,0,0.226776,-0.419071,-0.0337563,1.39194,-0.196612,-0.331378,nan,nan,0,-0.816312,0.770741,-0.438826,-26.4957,0.0818438,0.222191,nan,nan,0,-0.694653,-0.280415,0.439416,-2.36148,-0.557326,nan,-10.351,-5.2237,1,0.248188,0.0286704,1.08544,0.712629,0.124094,nan,1.23456,1.08938,1,-0.263785,-0.4672,-0.162642,-9.10867,-0.531892,-0.757649,nan,nan,0,-0.796754,0.0315428,0.0276184,2.41758,-0.448377,-0.185531,nan,nan,0,-0.126574,0.408333,-0.475651,-1.53846,0.246713,0.23169,nan,nan,0,-0.162986,0.47487,0.788659,-8.57143,0.408507,0.471163,nan,nan,0,-0.269998,-0.195231,-2.12182,-7.79762,-0.344999,nan,-2.05913,-6.791,1,-0.124874,-0.044881,0.058391,-6.30201,-0.0624369,nan,-0.614263,-3.86496,1,0,0.956395,0.015757,0.000334,0.291647,-0.0138573,-0.254612,0.346263,-0.382143,-0.408276,5.58323
1787645123616291123,-0.797926,0.602756,0.57484,0.385441,0.4,-0,-0.130824,0.0293895,-0.0101217,0.595352,-0.195255,-0.155105,0.356118,0.330948,0.481773,1.21828,-0.512817,0.565474,0.518194,nan,nan,0,-0.202793,0.13087,-0.653635,-1.29426,-0.0513967,-0.00763801,nan,nan,0,0.210489,-0.41792,0.14423,2.90598,-0.204756,-0.263995,nan,nan,0,-0.865194,0.761154,-1.18759,-30.4518,0.0574028,0.118614,nan,nan,0,-0.871942,-0.278214,0.111154,-4.41641,-0.645971,nan,-13.0382,-7.66223,1,0.172951,0.038962,1.26111,0.981467,0.0864753,nan,-0.466261,1.24339,1,-0.210545,-0.469118,-0.193328,-7.05739,-0.505272,-0.630808,nan,nan,0,-0.733152,0.0311594,-0.0767183,-4.51771,-0.416576,-0.371316,nan,nan,0,-0.118522,0.400088,-0.892995,-2.51526,0.250739,0.21726,nan,nan,0,-0.0595117,0.484075,0.991194,-13.8462,0.460244,0.438352,nan,nan,0,-0.0989536,-0.213964,-2.00149,-7.81349,-0.259477,nan,1.4093,-4.34219,1,-0.0271785,-0.0379522,0.876417,-5.11684,-0.0135893,nan,-0.583736,-2.09522,1,0,0.955883,0.015532,-0.000528,0.293335,-0.195255,-0.155105,0.356118,-1.97576,-0.151085,6.04878
1787645123626334633,-0.731057,0.682316,0.57501,0.385732,0.4,-0,-0.130824,0.0269497,-0.0109584,0.599178,-0.306609,-0.0523079,0.424911,0.317007,0.492703,1.10781,-0.512817,0.558503,0.539263,nan,nan,0,-0.331547,0.123775,-0.751834,-0.708183,-0.115773,-0.0290413,nan,nan,0,0.143136,-0.415427,0.346765,3.98046,-0.238432,-0.217059,nan,nan,0,-0.840454,0.741404,-2.12662,-31.7704,0.0697731,0.0673273,nan,nan,0,-1.01618,-0.280121,-0.334487,-5.81247,-0.718091,nan,-14.8272,-10.3557,1,0.130395,0.0527247,1.38035,0.94577,0.0651976,nan,-1.69633,0.606119,1,-0.250787,-0.470652,-0.131955,-6.37363,-0.525394,-0.54249,nan,nan,0,-0.699625,0.0290504,-0.279252,-10.9646,-0.399813,-0.444191,nan,nan,0,-0.161472,0.390883,-0.917544,-2.5641,0.229264,0.229547,nan,nan,0,-0.014963,0.495004,1.14463,-15.7021,0.482519,0.43252,nan,nan,0,0.0126375,-0.230697,-1.65924,-5.29537,-0.203681,nan,3.4344,-1.43939,1,0.0130742,-0.0231836,1.86621,-3.53558,0.0065371,nan,-1.9077,-1.31201,1,0,0.955334,0.014491,-0.001258,0.295167,-0.306609,-0.0523079,0.424911,-0.396672,0.028358,7.03819
1787645123636326407,-0.656258,0.754536,0.575177,0.386017,0.4,-0,-0.130824,0.0232274,-0.0112202,0.603795,-0.402008,0.086136,0.509524,0.272501,0.503249,1.00347,0.21978,0.536251,0.55501,nan,nan,0,-0.51355,0.115146,-0.85617,-1.48962,-0.206775,-0.0664464,nan,nan,0,0.111468,-0.408908,0.794796,3.19902,-0.254266,-0.210556,nan,nan,0,-0.742424,0.717051,-2.88766,-28.3517,0.118788,0.0540841,nan,nan,0,-1.06959,-0.288134,-1.04266,-8.16903,-0.744796,nan,-14.4192,-12.7167,1,0.164114,0.0686243,1.40852,0.477577,0.082057,nan,-1.7098,-0.623952,1,-0.306029,-0.471035,0.00306892,-4.46886,-0.553015,-0.509233,nan,nan,0,-0.635036,0.0248318,-0.457238,-15.4579,-0.367518,-0.442767,nan,nan,0,-0.140439,0.382446,-0.770247,-2.66178,0.239781,0.236035,nan,nan,0,-0.0190428,0.506509,1.12008,-14.5299,0.480479,0.452029,nan,nan,0,0.0287331,-0.243218,-1.29258,-2.83196,-0.195633,nan,3.60433,1.3264,1,0.01886,0.00265868,2.61722,-2.08156,0.00943,nan,-3.72269,-1.66074,1,0,0.954674,0.012756,-0.001903,0.29737,-0.402008,0.086136,0.509524,0.785225,-0.371444,6.47785
1787645123646308718,-0.574327,0.818626,0.57534,0.386297,0.4,-0,-0.276699,0.0193113,-0.00943957,0.608735,-0.404449,0.212696,0.429336,0.117314,0.512645,0.90527,0.0244217,0.458657,0.553146,nan,nan,0,-0.649954,0.10575,-0.978919,-2.02686,-0.274977,-0.129671,nan,nan,0,0.00119563,-0.398553,1.10781,1.88034,-0.309402,-0.228015,nan,nan,0,-0.711779,0.679085,-3.6487,-24.2491,0.134111,0.0745902,nan,nan,0,-1.06177,-0.300003,-1.83236,-9.59148,-0.740887,nan,-12.6824,-13.9017,1,0.130019,0.0796405,1.38872,-0.497039,0.0650093,nan,-2.52202,-1.59945,1,-0.451067,-0.47046,0.09513,-3.49207,-0.625533,-0.518272,nan,nan,0,-0.510091,0.0198464,-0.494062,-16.5812,-0.305046,-0.410563,nan,nan,0,-0.1719,0.377269,-0.371314,-4.17583,0.22405,0.237657,nan,nan,0,0.11327,0.517439,1.06484,-12.4298,0.546635,0.471319,nan,nan,0,0.0678713,-0.25346,-0.921501,-0.223997,-0.176064,nan,4.09108,3.07263,1,0.033442,0.031399,2.98511,-1.95978,0.016721,nan,-4.91801,-2.86316,1,0,0.953967,0.010626,-0.001609,0.299716,-0.404449,0.212696,0.429336,-2.47285,-1.4601,4.55741
1787645123656549412,-0.486143,0.873879,0.5755,0.386571,0.4,-0,-0.276699,0.0140404,-0.00719382,0.612758,-0.621315,0.213185,0.373947,0.015618,0.520699,0.782521,1.0989,0.407809,0.518985,nan,nan,0,-0.706959,0.0948205,-1.14463,-3.88278,-0.30348,-0.205381,nan,nan,0,-0.0774325,-0.388007,0.874582,3.88278,-0.348716,-0.263255,nan,nan,0,-0.684887,0.638817,-4.09673,-30.1099,0.147557,0.106416,nan,nan,0,-1.01011,-0.322188,-2.39766,-18.9046,-0.715055,nan,-10.1538,-13.4465,1,0.156143,0.0920055,0.75602,1.82908,0.0780716,nan,-1.55205,-2.22699,1,-0.568141,-0.468926,0.150368,-2.51526,-0.68407,-0.561356,nan,nan,0,-0.427867,0.0146689,-0.537024,-14.0904,-0.263934,-0.361052,nan,nan,0,-0.172086,0.376119,0.00306892,-5.20146,0.223957,0.233982,nan,nan,0,0.187533,0.52741,0.960506,-11.9414,0.583766,0.502149,nan,nan,0,0.0884359,-0.259247,-0.36404,1.30951,-0.165782,nan,3.81735,3.83085,1,0.0563483,0.059855,3.01014,-3.02508,0.0281741,nan,-5.46563,-4.26198,1,0,0.953394,0.007778,-0.001312,0.301623,-0.621315,0.213185,0.373947,-2.82254,-3.72386,3.49738
1787645123666267663,-0.392653,0.919687,0.575656,0.38684,0.4,-0,-0.276699,0.00703155,-0.00535093,0.61683,-0.73625,0.0426501,0.48649,0.20718,0.527985,0.647498,7.69231,0.50359,0.464567,nan,nan,0,-0.59524,0.0833158,-1.10167,-15.2137,-0.24762,-0.267309,nan,nan,0,0.0574198,-0.382255,0.567711,1.48962,-0.28129,-0.307249,nan,nan,0,-0.733467,0.61063,-2.6483,-62.8816,0.123266,0.132153,nan,nan,0,-1.09457,-0.326822,0.717897,-26.0056,-0.757286,nan,-16.1431,-12.265,1,0.0132655,0.0755665,-2.91824,1.42576,0.00663273,nan,2.30935,-1.63121,1,-0.8475,-0.467009,0.205604,-2.3199,-0.82375,-0.622896,nan,nan,0,-0.357803,0.0110254,-0.168779,-26.5934,-0.228902,-0.307894,nan,nan,0,-0.162891,0.379187,0.616811,-9.54823,0.228554,0.228165,nan,nan,0,0.317585,0.536038,0.991194,-16.2393,0.648793,0.543847,nan,nan,0,0.112708,-0.256474,0.414918,0.182884,-0.153646,nan,2.97658,3.85007,1,0.100475,0.0911876,3.0535,-4.53313,0.0502375,nan,-5.80875,-5.32609,1,0,0.952803,0.004162,-0.001482,0.303555,-0.73625,0.0426501,0.48649,-2.93617,-2.0547,3.39122
1787645123676384727,-0.294865,0.955539,0.57581,0.387103,0.4,-0,-0.276699,0.00872072,-0.01105,0.614995,1.49655,-0.375427,-1.28412,0.414911,0.529902,0.00920582,7.25275,0.607455,0.454712,nan,nan,0,-1.63024,0.0746865,-0.813209,-13.4554,-0.765121,-0.283267,nan,nan,0,-1.31187,-0.367682,1.91181,-7.64347,-0.965937,-0.318081,nan,nan,0,-0.752474,0.595673,-1.08325,-60.5861,0.113763,0.138095,nan,nan,0,-1.30443,-0.305017,3.34062,-18.7139,-0.862216,nan,-24.5129,-13.8222,1,0.686187,0.0413235,-3.91822,-0.326905,0.343094,nan,14.9304,0.729466,1,-0.618916,-0.465666,0.125817,-5.44566,-0.709458,-0.713258,nan,nan,0,-0.411791,0.0133266,0.352901,-18.0464,-0.255896,-0.261919,nan,nan,0,-0.542932,0.397212,2.26164,-15.5556,0.0385342,0.225725,nan,nan,0,0.452408,0.548119,1.00961,-2.41758,0.716204,0.595019,nan,nan,0,-0.392018,-0.245387,1.37373,1.51797,-0.406009,nan,-7.68236,3.18092,1,0.234653,0.121134,2.92861,-4.49997,0.117326,nan,-4.50714,-6.00496,1,0,0.953063,0.005828,-0.003946,0.30269,1.49655,-0.375427,-1.28412,4.48107,8.9285,22.7107
1787645123686232774,-0.193835,0.981034,0.57596,0.387361,0.4,-0,-0.276699,0.0206062,-0.00664075,0.602069,0.281054,1.15748,-0.875324,-0.622696,0.526451,-0.481788,5.20146,0.0886522,0.50903,nan,nan,0,-2.46172,0.0662498,-0.886857,-7.93651,-1.18086,-0.438916,nan,nan,0,-1.67078,-0.34448,2.35984,-9.20635,-1.14539,-0.525756,nan,nan,0,-0.517888,0.589921,-0.4511,-41.9292,0.231056,0.129402,nan,nan,0,-0.60821,-0.270177,3.79373,-12.3299,-0.514105,nan,-14.2281,-18.8622,1,0.900607,0.00540508,-3.02933,-0.651583,0.450303,nan,17.8909,6.54361,1,-0.228799,-0.465091,-0.0153437,-4.0293,-0.514399,-0.752151,nan,nan,0,-0.488412,0.0169697,0.297665,-7.10622,-0.294206,-0.243302,nan,nan,0,-0.439312,0.412743,0.850033,-6.12943,0.0903442,0.164817,nan,nan,0,0.747717,0.555406,0.684322,-0.268623,0.863858,0.656298,nan,nan,0,0.00234933,-0.228356,1.59848,2.91876,-0.208825,nan,-1.71413,-0.872574,1,0.0899934,0.144219,1.62643,-3.8987,0.0449967,nan,-5.41632,-5.64033,1,0,0.954963,0.010824,-0.000116,0.296524,0.281054,1.15748,-0.875324,6.96685,-4.65411,26.862
1787645123696385622,-0.090657,0.995882,0.576108,0.387614,0.4,-0,-0.0501698,0.0189116,0.00372918,0.600574,-0.154661,0.752848,0.718599,-1.00796,0.520699,-0.586123,2.61295,-0.103982,0.401573,nan,nan,0,-2.61873,0.0557036,-1.12008,-14.2369,-1.25936,-0.773291,nan,nan,0,-0.367246,-0.324729,1.63562,-14.2857,-0.493623,-0.85047,nan,nan,0,-0.212157,0.585127,-0.518612,-35.873,0.383922,0.158089,nan,nan,0,-0.0959076,-0.241107,2.96902,-15.2446,-0.257954,nan,-5.04318,-19.767,1,0.78659,-0.0119981,-1.49843,4.06282,0.393295,nan,14.4064,12.8859,1,-0.735188,-0.466241,-0.156505,-6.32478,-0.767594,-0.677662,nan,nan,0,-0.465651,0.0185041,0.0767183,-6.03175,-0.282825,-0.257427,nan,nan,0,0.19897,0.406415,-1.16918,-2.02686,0.409485,0.105256,nan,nan,0,0.479217,0.56135,0.647498,2.75946,0.729608,0.748519,nan,nan,0,0.0276673,-0.213583,1.58015,-0.883465,-0.196166,nan,-1.76063,-3.45272,1,0.00261794,0.148441,0.258137,-4.2295,0.00130897,nan,-4.80117,-4.9064,1,0,0.955212,0.008481,0.004578,0.295764,-0.154661,0.752848,0.718599,-11.8182,-13.8403,6.86939
1787645123706244152,0.0135491,0.999908,0.576252,0.387861,0.4,-0,-0.0501698,0.0178208,0.00888691,0.613948,-0.287962,0.2634,1.49777,-0.312159,0.515329,-0.518612,-0.805862,0.243921,0.159076,nan,nan,0,-2.33053,0.0428562,-1.3042,-32.2589,-1.11526,-1.08108,nan,nan,0,0.244291,-0.323004,-0.432689,-15.409,-0.187854,-0.862297,nan,nan,0,-0.262046,0.578224,-0.770247,-30.1099,0.358977,0.250774,nan,nan,0,-0.235588,-0.222434,1.20679,-12.8473,-0.327794,nan,-5.49778,-14.0727,1,0.679443,-0.00778458,1.74875,7.47738,0.339721,nan,7.80206,15.0788,1,-1.16054,-0.46835,-0.193328,-5.83639,-0.980271,-0.661822,nan,nan,0,-0.288351,0.0175447,-0.168779,-4.32234,-0.194176,-0.275111,nan,nan,0,0.245192,0.38724,-2.13275,-1.19658,0.432596,0.187298,nan,nan,0,0.645737,0.568636,0.776384,7.59463,0.812869,0.784411,nan,nan,0,-0.0102963,-0.201379,1.27948,-1.97766,-0.215148,nan,-2.40114,-3.335,1,0.0261223,0.14123,-0.855188,-3.12376,0.0130612,nan,-2.56229,-4.38139,1,0,0.953216,0.007151,0.006928,0.302123,-0.287962,0.2634,1.49777,-9.82449,4.57637,1.43312
1787645123716346674,0.11765,0.993055,0.576394,0.388104,0.4,-0,-0.0501698,0.0171948,0.0112213,0.627231,-0.0372289,-0.114531,1.16366,0.138192,0.50996,-0.518612,-11.6972,0.469096,0.0839265,nan,nan,0,-2.38043,0.0313511,-1.05257,-50.525,-1.14021,-1.19717,nan,nan,0,0.119257,-0.332592,-0.770247,-16.0928,-0.250371,-0.583835,nan,nan,0,-0.38605,0.569787,-0.819346,-26.0073,0.296975,0.330799,nan,nan,0,-0.475912,-0.222317,-0.32287,-9.84067,-0.447956,nan,-7.41308,-7.88381,1,0.830802,0.0330473,4.87706,10.9032,0.415401,nan,4.15502,11.8717,1,-1.24328,-0.469309,-0.0398932,-8.03419,-1.02164,-0.77948,nan,nan,0,-0.0555721,0.0133266,-0.5002,-5.49451,-0.0777861,-0.254106,nan,nan,0,0.120504,0.367298,-1.94863,0.757019,0.370252,0.324322,nan,nan,0,0.847468,0.579758,1.08325,8.27839,0.913734,0.793423,nan,nan,0,-0.0817444,-0.191629,0.730028,-0.684118,-0.250872,nan,-3.16856,-2.73882,1,0.0574762,0.128756,-1.69948,-3.39346,0.0287381,nan,-0.451317,-3.36047,1,0,0.951188,0.006447,0.007989,0.308438,-0.0372289,-0.114531,1.16366,-5.80155,2.42618,10.0154
1787645123726223289,0.220512,0.975384,0.576533,0.388342,0.4,-0,-0.0501698,0.0174962,0.0125197,0.638552,-0.181274,0.186434,0.980631,0.189256,0.505359,-0.4511,-11.3065,0.494628,0.217944,nan,nan,0,-2.4469,0.0231061,-0.721148,-52.1856,-1.17345,-1.19319,nan,nan,0,0.0155154,-0.326264,1.27351,-15.1648,-0.302242,-0.341049,nan,nan,0,-0.354794,0.563459,-0.543161,-25.177,0.312603,0.344049,nan,nan,0,-0.433447,-0.229483,-1.01231,-8.52799,-0.426723,nan,-5.38494,-5.37446,1,0.851603,0.101023,7.4866,9.67175,0.425802,nan,-1.48654,6.47336,1,-1.30773,-0.469884,-0.0767183,-8.22955,-1.05386,-0.920772,nan,nan,0,0.193504,0.0071907,-0.653635,-6.91087,0.0467518,-0.181247,nan,nan,0,-0.0734966,0.34774,-1.80747,5.68987,0.273252,0.39061,nan,nan,0,0.95451,0.592222,1.34716,8.13187,0.967255,0.838161,nan,nan,0,-0.0511233,-0.190024,0.25227,-1.62789,-0.235562,nan,-1.97223,-2.55292,1,0.101603,0.105445,-2.23861,-2.48939,0.0508013,nan,1.71859,-1.67049,1,0,0.949425,0.006341,0.008689,0.313809,-0.181274,0.186434,0.980631,1.37389,3.67816,10.7108
1787645123736358492,0.321012,0.947075,0.576669,0.388575,0.4,-0,-0.0501698,0.0155491,0.0121507,0.644292,-0.268917,-0.19378,0.122169,0.0947268,0.501332,-0.371314,-8.13187,0.447363,0.38274,nan,nan,0,-2.06582,0.0177374,-0.524749,-46.2271,-0.982912,-1.17644,nan,nan,0,-0.328524,-0.301336,2.99813,-14.8718,-0.474262,-0.254471,nan,nan,0,-0.433622,0.56135,-0.0583057,-30.5983,0.273189,0.32903,nan,nan,0,-0.400828,-0.231287,0.256769,-8.79983,-0.410414,nan,-6.65461,-5.11329,1,0.737662,0.168557,5.17408,11.7715,0.368831,nan,-1.7529,1.36275,1,-1.41393,-0.471418,-0.187191,-9.35287,-1.10696,-1.01556,nan,nan,0,0.351082,9.58443e-05,-0.71501,-3.19902,0.125541,-0.0717327,nan,nan,0,-0.198145,0.338727,-0.5002,2.0757,0.210928,0.364987,nan,nan,0,1.00848,0.605452,1.5006,8.86447,0.99424,0.903835,nan,nan,0,-0.0661883,-0.190558,0.0451503,-1.81399,-0.243094,nan,-1.90648,-2.31833,1,0.0607983,0.0780431,-2.71725,-1.26949,0.0303991,nan,2.64655,0.385818,1,0,0.948526,0.005451,0.008224,0.316543,-0.268917,-0.19378,0.122169,-1.16202,-4.5157,16.4052
1787645123746294795,0.41805,0.908424,0.576802,0.388804,0.4,-0,-0.0993531,0.00991459,0.00932042,0.641887,-0.372535,0.0581499,-0.526033,-0.206447,0.49788,-0.33449,-2.02686,0.296776,0.462354,nan,nan,0,-1.53025,0.0125594,-0.5002,-43.8828,-0.715123,-1.10827,nan,nan,0,-0.650303,-0.26893,3.08405,-11.0134,-0.635151,-0.313328,nan,nan,0,-0.498915,0.562308,0.0644436,-20.6838,0.240542,0.304364,nan,nan,0,-0.323499,-0.226053,0.289044,-3.89174,-0.371749,nan,-5.53293,-5.83041,1,0.715037,0.193814,1.79576,4.83226,0.357519,nan,2.21751,-0.863799,1,-1.28306,-0.47487,-0.414276,-10.6227,-1.04153,-1.07467,nan,nan,0,0.29094,-0.00699854,-0.684322,-1.14774,0.09547,0.0389795,nan,nan,0,-0.298482,0.338919,0.138092,0.366302,0.160759,0.293069,nan,nan,0,0.865894,0.621176,1.60494,14.3346,0.922947,0.959741,nan,nan,0,-0.0929215,-0.190962,-0.116188,-1.29582,-0.256461,nan,-2.11816,-2.0276,1,0.027308,0.0516119,-2.71729,-0.00101756,0.013654,nan,2.9372,2.09354,1,0,0.948923,0.003234,0.005986,0.315433,-0.372535,0.0581499,-0.526033,9.99045,-1.18969,19.2024
1787645123756348655,0.510563,0.85984,0.576933,0.389028,0.4,-0,-0.0993531,0.00747491,0.0113762,0.635558,-0.246673,0.282105,-0.831829,-0.459556,0.494429,-0.371314,-0.0732574,0.170222,0.425038,nan,nan,0,-1.44727,0.0060401,-0.76411,-33.0403,-0.673634,-0.942557,nan,nan,0,-0.903074,-0.244195,2.13889,-9.79243,-0.761537,-0.459744,nan,nan,0,-0.496894,0.561733,-0.113543,-21.1722,0.241553,0.27235,nan,nan,0,-0.363835,-0.228174,-0.26274,-3.24475,-0.391918,nan,-5.3369,-6.0084,1,0.917718,0.196488,-0.593738,1.81943,0.458859,nan,8.76173,0.390504,1,-0.908621,-0.481198,-0.71501,-10.3297,-0.854311,-1.08327,nan,nan,0,0.0813322,-0.0135183,-0.64136,1.24542,-0.0093339,0.0986284,nan,nan,0,-0.227792,0.341028,0.131955,-1.44078,0.196104,0.218774,nan,nan,0,0.564202,0.640543,1.85657,14.2369,0.772101,0.966829,nan,nan,0,-0.0753299,-0.191178,-0.245393,-1.84201,-0.247665,nan,-1.60894,-1.93398,1,0.0426825,0.0298745,-2.40102,1.24222,0.0213412,nan,3.34553,2.98479,1,0,0.949916,0.001773,0.006571,0.31243,-0.246673,0.282105,-0.831829,2.17579,1.31148,10.0945
1787645123766286451,0.597534,0.801844,0.577061,0.389247,0.4,-0,-0.0993531,0.00212482,0.0136063,0.625411,-0.698386,0.368366,-0.98947,-0.809224,0.490402,-0.420414,0.21978,-0.00461206,0.311053,nan,nan,0,-0.852208,-0.00373888,-1.04029,-29.5726,-0.376104,-0.77576,nan,nan,0,-1.0605,-0.233073,0.672048,-9.64591,-0.840248,-0.623279,nan,nan,0,-0.573883,0.559049,-0.352901,-21.9536,0.203058,0.249096,nan,nan,0,-0.184569,-0.23273,-0.788334,-3.82032,-0.302284,nan,-1.25189,-5.54839,1,0.848601,0.180113,-1.54484,1.28199,0.424301,nan,9.64289,4.4267,1,-0.813837,-0.490402,-1.01574,-9.05983,-0.806919,-1.00373,nan,nan,0,-0.116695,-0.0202298,-0.69046,6.17827,-0.108347,0.0772549,nan,nan,0,-0.252602,0.338727,-0.4511,-1.29426,0.183699,0.183524,nan,nan,0,0.539897,0.660676,2.04683,10.4274,0.759949,0.89778,nan,nan,0,-0.0894192,-0.195407,-0.418669,-1.29155,-0.25471,nan,-1.44758,-1.7675,1,0.0963684,0.00865148,-1.8261,1.8147,0.0481842,nan,3.92513,3.33454,1,0,0.951484,-0.001082,0.0068,0.30762,-0.698386,0.368366,-0.98947,2.26648,-3.11303,6.33404
1787645123776320553,0.678004,0.735058,0.577186,0.389462,0.4,-0,-0.0993531,-0.00649455,0.0161832,0.618282,-0.80581,0.242742,-0.507772,-0.705738,0.485608,-0.487926,-2.95483,0.047131,0.157019,nan,nan,0,-0.507167,-0.0150528,-1.16918,-22.8327,-0.203584,-0.58753,nan,nan,0,-0.518582,-0.234799,-0.475651,-11.4042,-0.569291,-0.756315,nan,nan,0,-0.474541,0.553488,-0.64136,-21.4164,0.252729,0.227302,nan,nan,0,-0.0263247,-0.245872,-1.27277,-4.79017,-0.223162,nan,2.704,-3.7542,1,0.721243,0.166238,-1.77883,4.71477,0.360622,nan,8.49974,8.18826,1,-0.804352,-0.502482,-1.27351,-5.88522,-0.802176,-0.895177,nan,nan,0,-0.325657,-0.0273247,-0.71501,6.86203,-0.212828,-0.00315284,nan,nan,0,-0.124013,0.327797,-1.32875,0.317459,0.247994,0.177267,nan,nan,0,0.361045,0.679852,2.1573,3.83395,0.670522,0.81477,nan,nan,0,-0.0129373,-0.201651,-0.614996,-1.09416,-0.216469,nan,0.40386,-1.48725,1,0.1093,-0.00539921,-0.923738,2.21743,0.05465,nan,3.18708,3.50265,1,0,0.95255,-0.005555,0.00672,0.304254,-0.80581,0.242742,-0.507772,1.32363,-1.4157,1.23315
1787645123786221830,0.751087,0.660203,0.577309,0.389673,0.4,-0,-0.0993531,-0.0149081,0.0180262,0.614372,-0.831084,0.237222,-0.243605,-0.539226,0.480431,-0.530887,-8.08303,0.130387,0.0567703,nan,nan,0,-0.324467,-0.0265574,-1.08325,-22.8327,-0.112233,-0.380996,nan,nan,0,-0.158132,-0.245345,-1.12622,-13.9438,-0.389066,-0.741541,nan,nan,0,-0.428051,0.546585,-0.776384,-27.6679,0.275975,0.226246,nan,nan,0,0.0823094,-0.259021,-1.16948,-5.42962,-0.168845,nan,4.91035,-0.581466,1,0.655494,0.146907,-2.15739,8.67652,0.327747,nan,8.6613,9.67213,1,-0.766121,-0.516288,-1.4024,-4.17583,-0.78306,-0.8236,nan,nan,0,-0.440858,-0.0342274,-0.653635,2.12454,-0.270429,-0.108784,nan,nan,0,-0.119008,0.31169,-1.58652,1.05006,0.250496,0.199846,nan,nan,0,0.373385,0.701519,2.13889,-1.39194,0.676692,0.738419,nan,nan,0,0.0439018,-0.207881,-0.667779,-1.01404,-0.188049,nan,1.6958,-0.716114,1,0.115153,-0.00965687,-0.141286,2.49988,0.0575764,nan,2.22893,3.30953,1,0,0.953102,-0.00983,0.006337,0.302421,-0.831084,0.237222,-0.243605,0.269684,-0.924975,1.9316
1787645123796240744,0.815973,0.57809,0.57743,0.389879,0.4,-0,-0.108888,-0.0225721,0.0200737,0.613188,-0.605824,0.131592,0.00609087,-0.371982,0.474679,-0.586123,-10.9157,0.214009,0.0548966,nan,nan,0,-0.445795,-0.0342274,-0.592261,-22.442,-0.172897,-0.213564,nan,nan,0,0.0455264,-0.252823,-0.426551,-16.5324,-0.287237,-0.594034,nan,nan,0,-0.37758,0.538915,-0.610673,-32.6984,0.30121,0.246685,nan,nan,0,0.0828096,-0.263851,-0.328694,-4.72069,-0.168595,nan,3.82699,2.50079,1,0.686024,0.12106,-2.39448,9.80258,0.343012,nan,10.2503,9.75451,1,-0.845042,-0.53067,-1.43923,-4.61539,-0.822521,-0.789474,nan,nan,0,-0.453115,-0.0397882,-0.512475,-2.85714,-0.276557,-0.204613,nan,nan,0,-0.116296,0.298651,-1.21214,0.903542,0.251852,0.229927,nan,nan,0,0.417034,0.723187,1.88726,-6.81319,0.698517,0.688377,nan,nan,0,0.0547427,-0.214123,-0.709201,-0.817867,-0.182629,nan,2.1661,0.498985,1,0.116869,-0.0052612,0.580263,1.9972,0.0584346,nan,1.04048,2.63204,1,0,0.953224,-0.013788,0.006162,0.301887,-0.605824,0.131592,0.00609087,3.78516,1.61729,6.60289
1787645123806231445,0.871941,0.489612,0.577548,0.390082,0.4,-0,-0.108888,-0.0271283,0.0189689,0.613652,-0.220523,-0.0346452,0.0190257,-0.131968,0.468543,-0.604536,-8.91331,0.334016,0.119195,nan,nan,0,-0.88294,-0.035378,0.0828552,-16.5812,-0.39147,-0.143038,nan,nan,0,0.0325668,-0.247454,0.899132,-15.2625,-0.293717,-0.423831,nan,nan,0,-0.366887,0.534696,-0.359039,-28.4005,0.306556,0.274342,nan,nan,0,-0.0149609,-0.260471,0.820925,-0.191356,-0.21748,nan,0.273295,3.74767,1,0.775284,0.100692,-1.93583,8.30215,0.387642,nan,11.5122,9.88578,1,-0.930137,-0.544476,-1.34716,-5.44566,-0.865068,-0.790941,nan,nan,0,-0.385384,-0.0438147,-0.352901,-8.03419,-0.242692,-0.262343,nan,nan,0,-0.166299,0.291365,-0.402001,-0.561661,0.22685,0.247785,nan,nan,0,0.540048,0.73987,1.56811,-11.453,0.760024,0.677673,nan,nan,0,0.0180056,-0.220357,-0.692685,0.428574,-0.200997,nan,1.71663,1.58177,1,0.140041,0.00565323,1.1518,1.94739,0.0700206,nan,0.203321,1.58422,1,0,0.953127,-0.015794,0.004944,0.302116,-0.220523,-0.0346452,0.0190257,1.99025,-2.08013,10.1391
1787645123816377779,0.918367,0.395731,0.577663,0.39028,0.4,-0,-0.108888,-0.0289304,0.020902,0.61201,-0.112019,0.499051,-0.313377,-0.535432,0.462215,-0.66591,-7.30159,0.132284,0.220229,nan,nan,0,-1.22827,-0.0313511,0.518612,-9.79243,-0.564135,-0.212136,nan,nan,0,-0.332532,-0.234991,1.24897,-9.89011,-0.476266,-0.317508,nan,nan,0,-0.296936,0.532204,-0.187191,-26.0073,0.341532,0.296158,nan,nan,0,0.167632,-0.248242,1.22872,3.51912,-0.126184,nan,2.42893,2.58337,1,0.827267,0.0899937,-0.205142,7.44996,0.413633,nan,10.0169,10.2901,1,-0.978397,-0.556748,-1.17532,-6.12943,-0.889198,-0.820788,nan,nan,0,-0.217772,-0.046308,-0.217878,-9.20635,-0.158886,-0.272197,nan,nan,0,-0.225108,0.291556,0.00306892,-1.29426,0.197446,0.245936,nan,nan,0,0.649708,0.752333,1.31648,-11.9414,0.814854,0.705499,nan,nan,0,-0.0257527,-0.22655,-0.59259,1.0103,-0.222876,nan,1.01745,2.01403,1,0.0937673,0.0209353,1.4115,1.25678,0.0468837,nan,-1.33881,0.537458,1,0,0.953347,-0.01694,0.005607,0.301348,-0.112019,0.499051,-0.313377,-1.4008,-3.48771,10.9827
1787645123826293136,0.954731,0.297472,0.577777,0.390475,0.4,-0,-0.108888,-0.0303059,0.0246822,0.609894,-0.0547288,0.418534,-0.157219,-0.736655,0.45512,-0.721148,-3.10134,0.0316723,0.235114,nan,nan,0,-1.5811,-0.0254068,0.610673,-9.10867,-0.740549,-0.374076,nan,nan,0,-0.372492,-0.22291,1.12622,-6.95971,-0.496246,-0.339332,nan,nan,0,-0.255396,0.53067,-0.174916,-20.0977,0.362302,0.318031,nan,nan,0,0.235296,-0.239873,0.776765,5.50387,-0.0923518,nan,3.99811,1.74041,1,0.861823,0.0994191,1.01356,9.55419,0.430912,nan,8.42444,9.97634,1,-1.08549,-0.567869,-1.06484,-5.49451,-0.942744,-0.857888,nan,nan,0,-0.180795,-0.0482254,-0.187191,-8.86447,-0.140397,-0.232717,nan,nan,0,-0.0822657,0.291365,-0.046031,-1.24542,0.268867,0.226663,nan,nan,0,0.628161,0.763838,1.04643,-9.30403,0.804081,0.757004,nan,nan,0,-0.0478966,-0.230609,-0.416545,1.12662,-0.233948,nan,0.507944,1.74134,1,0.0694291,0.0364731,1.49747,0.567754,0.0347146,nan,-2.29897,-0.539974,1,0,0.953624,-0.018157,0.007221,0.300364,-0.0547288,0.418534,-0.157219,-2.98611,-7.59717,11.2838
1787645123836329602,0.980622,0.19591,0.577888,0.390665,0.4,-0,-0.108888,-0.0292105,0.0304093,0.607577,0.219342,0.475531,-0.189537,-0.923865,0.44745,-0.76411,-2.71062,-0.0619324,0.15502,nan,nan,0,-2.00788,-0.0200381,0.463376,-12.7228,-0.953939,-0.565215,nan,nan,0,-0.448551,-0.216774,0.371314,-5.10378,-0.534275,-0.418829,nan,nan,0,-0.226166,0.528177,-0.291528,-16.7277,0.376917,0.341748,nan,nan,0,0.294014,-0.237485,-0.167621,4.83984,-0.062993,nan,6.35865,2.53392,1,0.903464,0.10983,1.07154,9.72545,0.451732,nan,8.64975,9.10153,1,-1.15669,-0.578416,-1.05871,-5.29915,-0.978346,-0.899881,nan,nan,0,-0.186776,-0.0499511,-0.150367,-6.91087,-0.143388,-0.180653,nan,nan,0,0.00575704,0.290215,-0.156505,-1.48962,0.312879,0.230892,nan,nan,0,0.653185,0.773426,0.800934,-5.0061,0.816592,0.794621,nan,nan,0,-0.0765242,-0.234588,-0.315713,1.08994,-0.248262,nan,-0.00502216,1.13511,1,0.0588517,0.0474856,1.42873,-0.214844,0.0294258,nan,-2.68488,-1.6063,1,0,0.953931,-0.018482,0.010138,0.299283,0.219342,0.475531,-0.189537,-7.00269,1.69367,9.14113
1787645123846309566,0.995744,0.092159,0.577997,0.390852,0.4,-0,-0.115085,-0.0246955,0.0356054,0.60668,0.478152,0.175049,-0.023672,-0.636913,0.439396,-0.825483,-5.83639,0.0815436,0.0445112,nan,nan,0,-2.48025,-0.0175452,0.156505,-18.0952,-1.19012,-0.768277,nan,nan,0,-0.500728,-0.217349,-0.187191,-6.2271,-0.560364,-0.488831,nan,nan,0,-0.213365,0.524534,-0.359039,-15.409,0.383317,0.362438,nan,nan,0,0.19082,-0.24331,-0.788402,3.84356,-0.11459,nan,5.6878,4.50116,1,0.975346,0.121735,1.18562,8.88759,0.487673,nan,9.19972,8.507,1,-1.09012,-0.589345,-1.08325,-5.54334,-0.945061,-0.942768,nan,nan,0,-0.0759692,-0.0512934,-0.107405,-5.83639,-0.0879846,-0.148952,nan,nan,0,0.123825,0.288872,-0.113543,-1.63614,0.371913,0.265126,nan,nan,0,0.642247,0.78052,0.672048,-2.51526,0.811123,0.812505,nan,nan,0,-0.0955397,-0.23447,-0.186351,0.861007,-0.25777,nan,-0.535977,0.476443,1,0.0514802,0.0632925,1.08416,-0.783408,0.0257401,nan,-2.75281,-2.38181,1,0,0.954054,-0.017099,0.0133,0.298849,0.478152,0.175049,-0.023672,-6.30933,1.52305,6.87826
1787645123856269103,0.99992,-0.0126429,0.578104,0.391035,0.4,-0,-0.115085,-0.0183655,0.0374047,0.606431,0.522749,0.0881711,-0.00259054,-0.319413,0.430959,-0.843896,-10.525,0.240294,0.0121246,nan,nan,0,-2.62232,-0.0175452,-0.0521679,-30.7448,-1.26116,-0.986372,nan,nan,0,-0.501047,-0.220801,-0.279252,-9.54823,-0.560523,-0.536792,nan,nan,0,-0.198915,0.520699,-0.328352,-15.409,0.390542,0.376721,nan,nan,0,0.106106,-0.251191,-0.864462,3.74194,-0.156947,nan,4.59524,5.87143,1,0.997852,0.131942,0.715151,9.93309,0.498926,nan,9.93679,8.53334,1,-0.990871,-0.600467,-1.13235,-5.93407,-0.895436,-0.959824,nan,nan,0,0.0402184,-0.0518684,-0.0583057,-4.46886,-0.0298908,-0.120326,nan,nan,0,0.149778,0.288681,0.0153437,-0.854698,0.384889,0.316271,nan,nan,0,0.624781,0.786465,0.561574,-0.903542,0.802391,0.817076,nan,nan,0,-0.0820789,-0.236398,-0.0948778,0.0116333,-0.251039,nan,-0.370151,-0.11579,1,0.0457799,0.0690048,0.55323,-1.72845,0.0228899,nan,-2.21329,-2.66341,1,0,0.954122,-0.014346,0.015106,0.29869,0.522749,0.0881711,-0.00259054,-1.92233,2.05972,6.78186
1787645123866262482,0.993092,-0.117343,0.578208,0.391214,0.4,-0,-0.115085,-0.0143924,0.0382124,0.606549,0.347195,0.0703542,0.0263428,-0.284587,0.422905,-0.770247,-13.2601,0.257707,0.0902064,nan,nan,0,-2.4404,-0.0186958,-0.11968,-38.1197,-1.1702,-1.16294,nan,nan,0,-0.309946,-0.220417,0.181053,-12.6252,-0.464973,-0.559932,nan,nan,0,-0.151242,0.518781,-0.168779,-16.6789,0.414379,0.38586,nan,nan,0,0.231086,-0.255354,-0.269511,3.28968,-0.094457,nan,6.03565,5.75131,1,0.942628,0.127728,-0.825047,10.1453,0.471314,nan,11.5451,9.38933,1,-0.971701,-0.612164,-1.17532,-6.27595,-0.885851,-0.940517,nan,nan,0,0.101332,-0.0520606,0.0153437,-3.58974,0.000666239,-0.0784187,nan,nan,0,0.10401,0.289256,0.0767183,0.317459,0.362005,0.360356,nan,nan,0,0.604344,0.790875,0.444963,0.512817,0.792172,0.812385,nan,nan,0,-0.0260839,-0.238404,-0.0464429,-0.142349,-0.223042,nan,0.607352,-0.41226,1,-0.0117485,0.0678012,-0.0921337,-1.91692,-0.00587425,nan,-2.07206,-2.39566,1,0,0.954123,-0.012572,0.016084,0.298716,0.347195,0.0703542,0.0263428,1.61985,-1.049,8.46918
1787645123876274628,0.975322,-0.220786,0.578311,0.39139,0.4,-0,-0.115085,-0.0113093,0.037879,0.606254,0.280642,-0.0146258,-0.141593,-0.22641,0.416194,-0.616811,-10.232,0.286795,0.189034,nan,nan,0,-2.15322,-0.0204215,-0.205604,-45.4945,-1.02661,-1.22447,nan,nan,0,-0.198841,-0.216391,0.487926,-13.6996,-0.409421,-0.534635,nan,nan,0,-0.130554,0.518014,-0.0337563,-13.7973,0.424723,0.398177,nan,nan,0,0.263582,-0.255783,0.093551,5.15445,-0.0782091,nan,6.07475,5.5004,1,0.927549,0.115039,-1.36627,9.35576,0.463774,nan,12.5115,10.8095,1,-0.892459,-0.624052,-1.18759,-5.54334,-0.84623,-0.910353,nan,nan,0,0.0980788,-0.0520606,-0.00920582,-1.14774,-0.00096058,-0.0343237,nan,nan,0,0.0702582,0.291173,0.242428,1.29426,0.345129,0.375711,nan,nan,0,0.479959,0.794326,0.316077,0.757019,0.729979,0.802839,nan,nan,0,0.00635259,-0.23648,-0.0495302,-0.260583,-0.206824,nan,1.11228,-0.142078,1,-0.0449733,0.0676218,-0.582706,-1.79875,-0.0224866,nan,-1.8292,-1.99319,1,0,0.954189,-0.011049,0.016387,0.29855,0.280642,-0.0146258,-0.141593,3.62473,1.19688,11.4385
1787645123886301285,0.946797,-0.321832,0.578411,0.391562,0.4,-0,-0.115085,-0.00937038,0.037746,0.603475,0.19534,0.13337,-0.359869,-0.425676,0.411209,-0.414276,-8.47375,0.187162,0.256222,nan,nan,0,-1.79061,-0.0227227,-0.205604,-48.1319,-0.845306,-1.16551,nan,nan,0,-0.296199,-0.209679,0.708872,-13.9438,-0.4581,-0.476127,nan,nan,0,-0.12679,0.518014,0.0214815,-11.9414,0.426605,0.412543,nan,nan,0,0.311205,-0.256113,0.0151103,6.48902,-0.0543973,nan,7.0374,5.66552,1,0.892033,0.107306,-0.606215,9.34741,0.446016,nan,11.0706,11.9068,1,-0.779895,-0.635749,-1.14463,-6.47131,-0.789948,-0.877892,nan,nan,0,0.0797788,-0.052444,-0.0521679,1.8315,-0.0101106,-0.00686905,nan,nan,0,-0.0352243,0.293666,0.230153,2.27106,0.292388,0.367069,nan,nan,0,0.290842,0.79682,0.230153,0.65934,0.635421,0.774793,nan,nan,0,0.0111528,-0.238661,-0.109858,-0.145332,-0.204424,nan,1.36311,0.494342,1,-0.0821374,0.0579161,-0.902983,-1.7275,-0.0410687,nan,-1.61507,-1.66126,1,0,0.954614,-0.010081,0.016627,0.297208,0.19534,0.13337,-0.359869,4.65215,1.31301,10.6676
1787645123896274432,0.907819,-0.419363,0.57851,0.391731,0.4,-0,-0.0270015,-0.00913284,0.0380353,0.599954,0.0388945,0.084131,-0.338031,-0.517698,0.408333,-0.23629,-6.32478,0.141151,0.25514,nan,nan,0,-1.37731,-0.0242567,-0.150367,-43.8828,-0.638654,-1.02312,nan,nan,0,-0.285112,-0.201626,0.880719,-12.674,-0.452556,-0.444784,nan,nan,0,-0.136547,0.518206,0.0153437,-10.3785,0.421726,0.422653,nan,nan,0,0.313821,-0.258134,-0.347184,7.27372,-0.0530897,nan,7.69731,6.28991,1,0.848222,0.108364,0.409348,10.5878,0.424111,nan,8.85837,11.7456,1,-0.626098,-0.646679,-1.07712,-4.0293,-0.713049,-0.835868,nan,nan,0,-0.0563583,-0.0537863,-0.174916,3.83395,-0.0781791,-0.000405702,nan,nan,0,-0.103043,0.292707,-0.297665,4.61539,0.258478,0.336894,nan,nan,0,0.0407466,0.79912,0.187191,-2.71062,0.510373,0.714784,nan,nan,0,0.00964477,-0.238806,-0.0791735,0.551403,-0.205178,nan,1.29576,1.06212,1,-0.0638974,0.0484254,-1.156,-1.49212,-0.0319487,nan,-0.677224,-1.40688,1,0,0.955134,-0.009981,0.016818,0.295525,0.0388945,0.084131,-0.338031,2.09165,-0.118317,11.5305
1787645123906265819,0.858808,-0.512297,0.578606,0.391896,0.4,-0,-0.0270015,-0.00900433,0.0388619,0.59651,0.0285152,0.17857,-0.343101,-0.717375,0.406607,-0.162642,-4.61539,0.0413127,0.206116,nan,nan,0,-1.06289,-0.0257907,-0.113543,-39.9756,-0.481443,-0.833074,nan,nan,0,-0.14802,-0.192038,0.850033,-10.7692,-0.38401,-0.441764,nan,nan,0,-0.124782,0.518398,0.0214815,-10.0366,0.427609,0.425491,nan,nan,0,0.43342,-0.263998,-0.72989,7.42352,0.00670991,nan,10.5696,7.1762,1,0.755804,0.119076,1.19722,10.8729,0.377902,nan,5.96895,10.3039,1,-0.470306,-0.657033,-1.01574,-3.93163,-0.635153,-0.777767,nan,nan,0,-0.233726,-0.056087,-0.242428,3.83395,-0.166863,-0.025979,nan,nan,0,-0.139537,0.288297,-0.426551,3.05251,0.240231,0.296503,nan,nan,0,-0.135838,0.800654,0.107405,-7.98535,0.422081,0.620106,nan,nan,0,0.0298275,-0.23893,0.0273037,0.393204,-0.195086,nan,1.49356,1.32839,1,-0.0615173,0.0365604,-1.26631,-1.34966,-0.0307586,nan,-0.1201,-0.983704,1,0,0.955634,-0.010012,0.017249,0.293878,0.0285152,0.17857,-0.343101,0.912894,0.175826,10.6766
1787645123916287338,0.800296,-0.599605,0.578701,0.392058,0.4,-0,-0.0270015,-0.00865833,0.0406123,0.593785,0.0495581,0.171867,-0.173066,-0.867313,0.405073,-0.150367,-5.44566,-0.0336565,0.129453,nan,nan,0,-0.83948,-0.0263658,-0.0153437,-32.8449,-0.36974,-0.639427,nan,nan,0,0.0487314,-0.186094,0.567711,-10.8181,-0.285634,-0.423823,nan,nan,0,-0.104504,0.518973,0.0705805,-10.8669,0.437748,0.426261,nan,nan,0,0.563629,-0.271768,-0.854624,6.89565,0.0718144,nan,13.3073,8.72702,1,0.649338,0.132036,1.08226,10.9933,0.324669,nan,4.15562,8.05777,1,-0.334078,-0.666621,-0.911407,-2.46642,-0.567039,-0.706172,nan,nan,0,-0.356868,-0.0583882,-0.21174,1.5873,-0.228434,-0.0869723,nan,nan,0,-0.0837427,0.285804,-0.150367,0.757019,0.268129,0.262029,nan,nan,0,-0.260736,0.800079,-0.150368,-13.2112,0.359632,0.514017,nan,nan,0,0.0590464,-0.239012,0.120623,0.933352,-0.180477,nan,1.86779,1.43091,1,-0.0850867,0.0217268,-1.37386,-0.781728,-0.0425434,nan,0.132691,-0.403542,1,0,0.956018,-0.010079,0.01815,0.292571,0.0495581,0.171867,-0.173066,-1.11564,-0.518064,9.58276
1787645123926297912,0.73292,-0.680315,0.578793,0.392217,0.4,-0,-0.0270015,-0.00836088,0.0431737,0.592415,0.00689728,0.246995,-0.0936453,-1.03066,0.403347,-0.199466,-6.17827,-0.115332,0.0426983,nan,nan,0,-0.571163,-0.0255985,0.113543,-24.7375,-0.235582,-0.477645,nan,nan,0,0.168759,-0.182451,0.303802,-8.81563,-0.225621,-0.367652,nan,nan,0,-0.0821075,0.520315,0.150368,-11.7949,0.448946,0.430439,nan,nan,0,0.71139,-0.279855,-0.684227,8.11335,0.145695,nan,15.9206,10.9794,1,0.537559,0.138433,0.123667,9.2844,0.268779,nan,3.72489,5.97576,1,-0.232046,-0.67525,-0.831621,0.0732574,-0.516023,-0.631405,nan,nan,0,-0.414619,-0.0601139,-0.150367,-0.561661,-0.257309,-0.161358,nan,nan,0,-0.0635267,0.285037,-0.0705805,-0.268623,0.278237,0.251979,nan,nan,0,-0.365479,0.795861,-0.561574,-17.265,0.30726,0.422369,nan,nan,0,0.0604619,-0.236982,0.239112,0.582693,-0.179769,nan,1.64377,1.57378,1,-0.115739,0.00811597,-1.38936,-0.615677,-0.0578693,nan,0.104486,0.0857599,1,0,0.956192,-0.010298,0.019425,0.291911,0.00689728,0.246995,-0.0936453,-2.22175,0.798709,9.11257
1787645123936270491,0.657416,-0.753528,0.578884,0.392373,0.4,-0,-0.0270015,-0.00811206,0.0450911,0.592049,0.0118189,0.11162,-0.0206693,-1.01481,0.40028,-0.33449,-7.00854,-0.107405,-0.0426681,nan,nan,0,-0.341623,-0.0234895,0.242428,-18.9744,-0.120812,-0.341079,nan,nan,0,0.251418,-0.180533,0.125817,-6.08059,-0.184291,-0.293868,nan,nan,0,-0.0852128,0.522425,0.23629,-11.0623,0.447394,0.438704,nan,nan,0,0.748766,-0.284219,-0.32495,10.0746,0.164383,nan,16.1885,13.4652,1,0.437945,0.132785,-0.934989,7.35196,0.218973,nan,3.98811,4.80716,1,-0.150972,-0.682728,-0.708872,1.05006,-0.475486,-0.564738,nan,nan,0,-0.397009,-0.0616479,-0.14423,-2.36874,-0.248504,-0.22195,nan,nan,0,-0.0569834,0.28427,-0.09513,-0.561661,0.281508,0.260801,nan,nan,0,-0.458974,0.786656,-1.07712,-19.9023,0.260513,0.351941,nan,nan,0,0.0238002,-0.232821,0.366839,1.4764,-0.1981,nan,0.664984,1.62354,1,-0.157975,-0.00327091,-1.3191,-0.354927,-0.0789875,nan,-0.292851,0.314194,1,0,0.956226,-0.010455,0.02038,0.291731,0.0118189,0.11162,-0.0206693,-1.70907,-2.62054,9.35395
1787645123946270490,0.574613,-0.818425,0.578973,0.392525,0.4,-0,-0.117617,-0.00849956,0.0464275,0.591946,-0.0465438,0.184185,0.0243768,-1.10642,0.395869,-0.506338,-8.47375,-0.153212,-0.0968436,nan,nan,0,-0.0695026,-0.0202298,0.359039,-14.2857,0.0152487,-0.218098,nan,nan,0,0.468161,-0.179766,0.0889931,-3.83395,-0.0759195,-0.228518,nan,nan,0,-0.048189,0.524725,0.217878,-10.1343,0.465905,0.44531,nan,nan,0,0.885062,-0.284646,-0.0801271,12.3587,0.232531,nan,18.2214,15.2512,1,0.262071,0.117087,-1.48645,5.34337,0.131035,nan,2.64813,4.48386,1,-0.0335884,-0.688864,-0.555436,1.5873,-0.416794,-0.511136,nan,nan,0,-0.374895,-0.0631819,-0.174916,-5.15263,-0.237447,-0.251263,nan,nan,0,-0.0127266,0.283311,-0.113543,-0.366302,0.303637,0.272672,nan,nan,0,-0.506208,0.773809,-1.58039,-21.2698,0.236896,0.297476,nan,nan,0,0.0476961,-0.228619,0.488304,1.28361,-0.186152,nan,0.753875,1.27697,1,-0.218562,-0.0176045,-1.18291,0.0483465,-0.109281,nan,-0.97594,0.216548,1,0,0.956223,-0.010834,0.020963,0.291684,-0.0465438,0.184185,0.0243768,-0.867605,-1.03375,8.433
1787645123956284080,0.485421,-0.874281,0.57906,0.392675,0.4,-0,-0.117617,-0.0089279,0.0484731,0.592409,-0.00840683,0.202344,0.0533776,-1.28267,0.389733,-0.653635,-9.40171,-0.241333,-0.130355,nan,nan,0,0.19674,-0.0156279,0.5002,-10.1343,0.14837,-0.0955558,nan,nan,0,0.630632,-0.178041,0.23629,-2.51526,0.00531587,-0.155327,nan,nan,0,-0.051717,0.526643,0.193329,-8.22955,0.464142,0.453966,nan,nan,0,1.01259,-0.285278,0.268092,13.5377,0.296293,nan,19.9529,16.7068,1,0.0416697,0.10357,-1.66944,4.54992,0.0208348,nan,0.0221099,3.98072,1,0.099711,-0.693274,-0.371314,2.17339,-0.350144,-0.461238,nan,nan,0,-0.31063,-0.0652909,-0.21174,-6.56898,-0.205315,-0.253363,nan,nan,0,0.0753741,0.282928,0.0153437,-0.366302,0.347687,0.287226,nan,nan,0,-0.525441,0.75195,-2.1573,-22.3443,0.22728,0.258266,nan,nan,0,0.0457362,-0.224412,0.62453,0.73971,-0.187132,nan,0.368019,0.860599,1,-0.290346,-0.0287591,-1.02154,0.000638351,-0.145173,nan,-1.9601,-0.240477,1,0,0.956128,-0.011342,0.021876,0.291907,-0.00840683,0.202344,0.0533776,-2.34463,-2.22608,7.057
1787645123966279806,0.390822,-0.920466,0.579146,0.392821,0.4,-0,-0.117617,-0.00772042,0.0501316,0.592617,0.247773,0.0731588,-0.0321007,-1.14355,0.382255,-0.776384,-11.16,-0.171776,-0.178307,nan,nan,0,0.429801,-0.00949144,0.672048,-6.52015,0.2649,0.0325573,nan,nan,0,0.588105,-0.173247,0.64136,-2.22222,-0.0159474,-0.071929,nan,nan,0,-0.054957,0.528368,0.156505,-7.4481,0.462521,0.461389,nan,nan,0,0.922518,-0.279571,0.779555,15.1019,0.251259,nan,17.4097,18.1853,1,-0.0687337,0.0853245,-1.84149,4.33668,-0.0343669,nan,-0.828511,2.54289,1,0.310285,-0.695191,-0.107405,2.61295,-0.244858,-0.40522,nan,nan,0,-0.103539,-0.0672083,-0.187191,-7.54578,-0.10177,-0.235321,nan,nan,0,0.189228,0.28427,0.199466,-0.708183,0.404614,0.313336,nan,nan,0,-0.596682,0.727406,-2.5992,-19.7558,0.191659,0.234961,nan,nan,0,-0.0243868,-0.218103,0.694582,0.935249,-0.222193,nan,-1.18504,0.499138,1,-0.394685,-0.0386561,-0.960495,-0.260538,-0.197342,nan,-3.31985,-1.0158,1,0,0.956085,-0.011009,0.022844,0.29199,0.247773,0.0731588,-0.0321007,-0.593995,0.415964,8.09988
1787645123976303737,0.29186,-0.956461,0.579229,0.392965,0.4,-0,-0.117617,-0.0039673,0.0514374,0.591585,0.515065,0.167516,-0.191374,-0.661335,0.373626,-0.899132,-12.2344,0.0693327,-0.197896,nan,nan,0,0.673646,-0.00143814,0.868444,-4.32234,0.386823,0.159113,nan,nan,0,0.403875,-0.162508,1.21828,-1.53846,-0.108062,-0.0206321,nan,nan,0,0.036253,0.529327,0.0767183,-5.73871,0.508127,0.464134,nan,nan,0,0.712903,-0.269606,1.04035,18.3722,0.146451,nan,13.0015,18.3418,1,-0.202867,0.0659853,-1.66231,1.84021,-0.101433,nan,-2.5291,0.862781,1,0.882266,-0.694425,0.131955,4.17583,0.0411332,-0.329472,nan,nan,0,0.497469,-0.0685506,-0.101268,-8.76679,0.198734,-0.181724,nan,nan,0,0.432852,0.287913,0.426551,-0.65934,0.526426,0.355456,nan,nan,0,-0.521697,0.701519,-2.99813,-15.6044,0.229152,0.213993,nan,nan,0,0.136059,-0.211778,0.723925,0.623925,-0.141971,nan,1.35737,-0.224626,1,-0.636448,-0.0520683,-1.09143,-0.64175,-0.318224,nan,-6.34752,-2.04348,1,0,0.956238,-0.009393,0.024021,0.29145,0.515065,0.167516,-0.191374,-0.84849,-0.644778,7.90589
1787645123986253586,0.18963,-0.981856,0.579312,0.393106,0.4,-0,-0.117617,0.00251923,0.0530964,0.589228,0.758308,0.0663421,-0.243354,0.158333,0.363655,-1.02188,-11.9414,0.479167,-0.11036,nan,nan,0,0.748776,0.00872469,1.08939,-2.95483,0.424388,0.281899,nan,nan,0,0.16273,-0.148703,1.43309,-1.0989,-0.228635,-0.0360882,nan,nan,0,0.220919,0.529711,0.0214815,-6.2271,0.60046,0.479061,nan,nan,0,0.151411,-0.261515,0.550416,20.5763,-0.134295,nan,3.62709,16.3783,1,-0.15436,0.0528688,-0.773075,-0.498673,-0.0771802,nan,-2.74186,-0.942894,1,1.40553,-0.691932,0.322214,7.15507,0.302764,-0.175596,nan,nan,0,1.16582,-0.0687423,0.0276184,-5.25031,0.532909,-0.0306486,nan,nan,0,0.860326,0.292899,0.573849,-0.317459,0.740163,0.430109,nan,nan,0,-0.516106,0.66547,-3.40934,-11.0623,0.231947,0.210071,nan,nan,0,0.131244,-0.205415,0.720274,-0.314719,-0.144378,nan,1.05587,-0.102704,1,-0.828041,-0.0630811,-1.30647,-1.78627,-0.414021,nan,-8.56848,-3.79577,1,0,0.956585,-0.006503,0.025767,0.290236,0.758308,0.0663421,-0.243354,-3.08386,-1.20064,7.93981
1787645123996285624,0.0852635,-0.996358,0.579392,0.393243,0.4,-0,-0.0216435,0.0108273,0.0528655,0.585971,0.910259,-0.0978082,-0.410473,0.729488,0.352725,-1.11394,-7.83883,0.764744,0.133673,nan,nan,0,0.254724,0.020997,1.31034,1.97802,0.177362,0.375228,nan,nan,0,-0.135137,-0.134896,1.3042,-1.63614,-0.377568,-0.11496,nan,nan,0,0.477427,0.529902,0.0214815,-5.0061,0.728714,0.527385,nan,nan,0,-0.160757,-0.26156,-0.06553,17.4848,-0.290378,nan,-0.910347,11.3024,1,-0.0206283,0.0530672,0.0724819,-1.80549,-0.0103141,nan,-2.01016,-2.44575,1,1.45318,-0.687138,0.537024,10.4762,0.326592,0.0540329,nan,nan,0,1.41869,-0.0679755,0.113543,-0.854698,0.659345,0.228389,nan,nan,0,0.846181,0.302103,1.04029,0.0244217,0.73309,0.565359,nan,nan,0,-0.425399,0.633064,-3.69166,-7.54578,0.2773,0.21955,nan,nan,0,-0.0210204,-0.198957,0.690901,-0.273237,-0.22051,nan,-1.79071,0.476269,1,-0.715099,-0.0799465,-1.83165,-3.14788,-0.357549,nan,-5.5806,-6.02062,1,0,0.957078,-0.002452,0.026866,0.28857,0.910259,-0.0978082,-0.410473,-1.66991,-1.08758,10.813
1787645124006262568,-0.0200813,-0.999798,0.579471,0.393379,0.4,-0,-0.0216435,0.0202535,0.0528347,0.582091,0.995823,0.115811,-0.336124,1.02274,0.341412,-1.12008,-1.78266,0.911369,0.456888,nan,nan,0,-0.148942,0.0351863,1.46378,4.85959,-0.0244708,0.341361,nan,nan,0,-0.311734,-0.124734,0.837758,-3.05251,-0.465867,-0.23894,nan,nan,0,0.583308,0.529902,-0.00306892,-0.854698,0.781654,0.617077,nan,nan,0,-0.261548,-0.263598,-0.310707,11.8384,-0.340774,nan,-2.23509,4.94308,1,0.0880939,0.0547076,0.219381,-2.6373,0.0440469,nan,-0.648893,-2.87875,1,1.65082,-0.679852,0.825483,12.674,0.425409,0.240692,nan,nan,0,1.62089,-0.0656743,0.266977,6.61783,0.760446,0.48314,nan,nan,0,0.753061,0.315526,1.71541,0.415138,0.68653,0.682159,nan,nan,0,-0.246884,0.590688,-3.86965,-9.69475,0.366558,0.242943,nan,nan,0,0.223295,-0.190284,1.02078,-3.24696,-0.0983523,nan,1.68644,-0.114856,1,-0.69896,-0.10058,-2.07604,-7.73865,-0.34948,nan,-4.35293,-6.55284,1,0,0.957637,0.002118,0.028207,0.286583,0.995823,0.115811,-0.336124,1.57298,2.10218,10.2654
1787645124016346667,-0.125234,-0.992127,0.579548,0.393511,0.4,-0,-0.0216435,0.0304618,0.0542346,0.579312,1.01603,-0.0182723,-0.256025,1.14234,0.331058,-0.966643,0.610504,0.971171,0.73538,nan,nan,0,-0.187594,0.049376,1.34716,15.0672,-0.0437971,0.186441,nan,nan,0,-0.376566,-0.121666,0.00306892,-2.66178,-0.498283,-0.366357,nan,nan,0,0.585328,0.530478,0.131955,1.29426,0.782664,0.711245,nan,nan,0,-0.245869,-0.267671,-0.775882,7.03577,-0.332935,nan,-1.12041,0.175823,1,0.100744,0.0532226,0.0230819,-2.38659,0.0503718,nan,-0.120145,-2.08953,1,1.51808,-0.669113,1.22441,11.7949,0.35904,0.36053,nan,nan,0,1.62286,-0.0612645,0.518612,18.6813,0.761431,0.665029,nan,nan,0,0.611882,0.341412,2.62988,2.85714,0.615941,0.720416,nan,nan,0,-0.235972,0.561158,-2.97972,-29.2796,0.372014,0.294654,nan,nan,0,0.199696,-0.169504,2.26042,-2.39853,-0.110152,nan,-1.3133,-0.334199,1,-0.663673,-0.101165,0.475664,-10.9052,-0.331836,nan,-7.63363,-5.97476,1,0,0.957996,0.006847,0.03033,0.285089,1.01603,-0.0182723,-0.256025,-3.8475,1.8924,7.78075
1787645124026266491,-0.229025,-0.97342,0.579624,0.393641,0.4,-0,-0.0216435,0.0315192,0.0475455,0.581414,-0.729259,-0.429893,0.971573,1.18861,0.324154,-0.598398,8.96215,0.994305,0.909555,nan,nan,0,0.0150762,0.0595388,0.880719,9.15751,0.0575381,0.0385662,nan,nan,0,-0.449756,-0.134705,-1.87498,0.0244217,-0.534878,-0.457126,nan,nan,0,0.783325,0.534121,0.383589,14.5299,0.881662,0.769482,nan,nan,0,-0.154208,-0.278057,-1.34844,1.68111,-0.287104,nan,1.70603,-1.59011,1,-0.00402419,0.0485026,-0.455435,-1.46789,-0.00201209,nan,-0.832288,-0.861764,1,1.04652,-0.652815,1.80747,15.3602,0.123262,0.39958,nan,nan,0,2.79062,-0.055512,0.592261,28.8889,1.34531,0.758084,nan,nan,0,1.9242,0.359628,1.42081,8.32722,1.2721,0.69156,nan,nan,0,-0.382975,0.53623,-1.96704,-17.7534,0.298513,0.344339,nan,nan,0,0.0242408,-0.14923,2.17489,0.0304135,-0.19788,nan,-4.96505,-0.715523,1,-1.33198,-0.0745697,3.63594,-9.70216,-0.665991,nan,-23.1965,-7.07159,1,0,0.957759,0.008281,0.027286,0.286154,-0.729259,-0.429893,0.971573,5.918,-7.81965,21.0953
1787645124036422793,-0.330298,-0.943877,0.579698,0.393768,0.4,-0,-0.0216435,0.0268313,0.0515199,0.591017,-0.104385,1.03133,0.403503,1.53246,0.320319,-0.242428,13.5043,1.16623,0.990294,nan,nan,0,0.262652,0.0652909,0.481788,1.63614,0.181326,-0.00482262,nan,nan,0,-0.649656,-0.159441,-2.57465,-0.268623,-0.634828,-0.511677,nan,nan,0,0.927311,0.538915,0.561574,18.7302,0.953655,0.822546,nan,nan,0,-0.338436,-0.292628,-1.41388,-0.955217,-0.379218,nan,-0.909827,-0.640872,1,0.053166,0.0446485,-0.674455,-0.79516,0.026583,nan,0.469719,-0.302264,1,2.15365,-0.630571,2.33529,13.5531,0.676827,0.313642,nan,nan,0,3.73204,-0.0482254,0.776384,26.2027,1.81602,0.973474,nan,nan,0,1.96902,0.3719,1.27351,7.00854,1.29451,0.860771,nan,nan,0,-0.157944,0.520507,-1.67245,-3.88278,0.411028,0.346439,nan,nan,0,0.899531,-0.131034,1.95531,0.726939,0.239766,nan,10.045,-2.36922,1,-1.32272,-0.0320125,4.29014,-7.16164,-0.66136,nan,-25.3156,-13.6486,1,0,0.956351,0.005329,0.028544,0.290773,-0.104385,1.03133,0.403503,-2.71687,9.30689,22.9624
1787645124046340518,-0.427923,-0.903815,0.579771,0.393893,0.4,-0,-0.0679026,0.0283517,0.0623068,0.59037,0.127383,0.658276,-0.309835,1.71729,0.320319,0.11968,14.6764,1.25864,1.06809,nan,nan,0,0.042763,0.0700846,0.518612,-3.39439,0.0713815,0.0554236,nan,nan,0,-0.796295,-0.185519,-2.62375,-1.8315,-0.708147,-0.569102,nan,nan,0,0.698632,0.545626,0.788659,15.0672,0.839316,0.887804,nan,nan,0,-0.455624,-0.305045,-1.47714,-0.189389,-0.437812,nan,-2.43114,0.0305273,1,0.103581,0.035752,-0.777241,-0.281327,0.0517905,nan,1.64702,0.08577,1,2.46396,-0.605069,2.6974,15.3114,0.83198,0.379235,nan,nan,0,3.02068,-0.0386376,1.05871,34.4567,1.46034,1.36179,nan,nan,0,1.16902,0.387623,1.80747,10.2808,0.894511,1.11136,nan,nan,0,-0.00726717,0.504016,-1.69086,-2.27106,0.486366,0.36008,nan,nan,0,1.16248,-0.114585,1.64008,0.193726,0.37124,nan,14.5437,0.773534,1,-0.968087,0.00269434,3.04765,-12.1065,-0.484044,nan,-19.1736,-20.9399,1,0,0.956316,0.004495,0.03392,0.290324,0.127383,0.658276,-0.309835,-8.55719,10.7053,6.25884
1787645124056357083,-0.520808,-0.853674,0.579842,0.394015,0.4,-0,-0.0679026,0.0314078,0.0664696,0.588728,0.261074,-0.271498,-0.160089,1.58308,0.323195,0.371314,15.1648,1.19154,1.16538,nan,nan,0,0.0229893,0.0766044,0.757972,-9.35287,0.0614946,0.0964393,nan,nan,0,-0.719065,-0.207762,-2.01614,-5.88522,-0.669532,-0.639292,nan,nan,0,0.549843,0.557898,1.3042,13.2601,0.764921,0.898816,nan,nan,0,-0.305424,-0.319567,-1.465,-0.00134277,-0.362712,nan,0.687455,-0.630951,1,0.0129007,0.0282723,-0.887141,0.117521,0.00645034,nan,0.676054,0.833982,1,1.42515,-0.576306,2.91834,16.0928,0.312576,0.591379,nan,nan,0,1.86166,-0.0263658,1.28579,52.7228,0.880829,1.56345,nan,nan,0,0.604253,0.412168,2.74036,14.1392,0.612126,1.13195,nan,nan,0,-0.146529,0.485033,-1.71541,0.903542,0.416736,0.412902,nan,nan,0,0.590318,-0.102207,0.851695,4.7115,0.0851592,nan,5.28026,7.61859,1,-0.957154,0.0207769,0.942197,-18.2095,-0.478577,nan,-16.3939,-22.553,1,0,0.956491,0.00538,0.036349,0.289436,0.261074,-0.271498,-0.160089,-4.53907,-5.23179,1.58961
1787645124066229774,-0.607913,-0.794003,0.579912,0.394134,0.4,-0,-0.0679026,0.0324098,0.062969,0.587669,0.0710418,-0.0632784,0.113147,1.54629,0.328564,0.586123,20.7814,1.17315,1.21322,nan,nan,0,-0.0365855,0.0863838,1.01574,-4.95727,0.0317073,0.0907669,nan,nan,0,-0.748788,-0.225211,-1.65403,-7.74115,-0.684394,-0.677836,nan,nan,0,0.668977,0.574197,1.78292,11.5018,0.824488,0.848056,nan,nan,0,-0.178602,-0.331946,-1.38497,-0.892936,-0.299301,nan,3.22003,-0.570834,1,0.0280553,0.0177633,-1.01971,0.661252,0.0140277,nan,1.41749,1.19521,1,0.536385,-0.54716,2.92448,28.7424,-0.131808,0.591738,nan,nan,0,2.0078,-0.0135183,1.24283,65.3724,0.953901,1.37323,nan,nan,0,0.57334,0.43652,2.1082,17.3138,0.59667,0.927831,nan,nan,0,-0.048089,0.468159,-1.70927,6.42247,0.465956,0.439481,nan,nan,0,0.345675,-0.102202,-0.224228,11.1128,-0.0371625,nan,2.61274,9.95816,1,-1.16401,0.020207,-0.114416,-21.6238,-0.582005,nan,-17.8947,-19.822,1,0,0.956687,0.006386,0.034817,0.288955,0.0710418,-0.0632784,0.113147,-0.15429,0.573909,3.31138
1787645124076270769,-0.688264,-0.725461,0.57998,0.394252,0.4,-0,-0.0679026,0.0312988,0.0605474,0.589795,-0.218781,-0.344057,0.286665,1.51023,0.334892,0.653635,23.37,1.15512,1.20814,nan,nan,0,-0.110047,0.0965462,1.02188,-2.46642,-0.00502349,0.0651581,nan,nan,0,-0.639702,-0.247071,-2.51327,-3.49207,-0.629851,-0.687828,nan,nan,0,0.797745,0.594331,2.1082,5.15263,0.888873,0.814195,nan,nan,0,-0.112522,-0.346316,-1.38014,-0.582931,-0.266261,nan,4.87216,0.980489,1,0.0502324,0.0112756,-0.882032,0.753503,0.0251162,nan,1.73826,1.33932,1,0.12021,-0.519356,2.70967,33.3333,-0.339895,0.308936,nan,nan,0,2.74091,-0.00508118,0.635223,64.2491,1.32045,1.1085,nan,nan,0,0.769336,0.442081,-0.328352,21.514,0.694668,0.717502,nan,nan,0,0.0536902,0.45186,-1.5988,6.32478,0.516845,0.450857,nan,nan,0,0.406832,-0.108365,-0.527585,9.82811,-0.0065841,nan,4.35372,7.64093,1,-1.21943,0.0209042,0.661861,-21.2593,-0.609715,nan,-19.9114,-17.8123,1,0,0.956413,0.00617,0.033505,0.29002,-0.218781,-0.344057,0.286665,-1.27562,-4.81037,11.8252
1787645124086342012,-0.760955,-0.648804,0.580047,0.394367,0.4,-0,-0.0679026,0.0293949,0.0555188,0.595951,-0.121577,-0.600058,1.03712,1.39716,0.342179,0.782521,18.6325,1.09858,1.18363,nan,nan,0,-0.138138,0.10575,0.892995,-1.78266,-0.0190689,0.0304275,nan,nan,0,-0.56694,-0.276408,-3.02882,-2.27106,-0.59347,-0.670732,nan,nan,0,0.753555,0.616574,2.26778,1.00122,0.866778,0.831933,nan,nan,0,-0.140034,-0.358544,-1.34878,0.498127,-0.280017,nan,4.7716,3.10075,1,0.032388,0.0037701,-0.657699,0.987448,0.016194,nan,1.35927,1.53249,1,0.243549,-0.49462,2.37211,21.0745,-0.278226,-0.0450339,nan,nan,0,2.44341,-0.00373888,-0.0276184,47.3993,1.1717,1.08667,nan,nan,0,1.12433,0.42444,-2.16344,18.5348,0.872164,0.638961,nan,nan,0,-0.0653796,0.437479,-1.37785,7.35043,0.45731,0.4775,nan,nan,0,0.622963,-0.112444,-0.475726,6.8389,0.101481,nan,8.20097,5.25667,1,-1.2665,0.034411,1.37911,-18.103,-0.63325,nan,-22.0985,-18.3493,1,0,0.95558,0.005896,0.030843,0.293051,-0.121577,-0.600058,1.03712,1.80612,-1.32191,16.8037
1787645124096348308,-0.825171,-0.564883,0.580113,0.394479,0.4,-0,-0.510673,0.0304954,0.0496826,0.607799,0.300338,-0.371059,1.22517,1.06074,0.351383,1.01574,16.4835,0.930371,1.1448,nan,nan,0,0.0095724,0.113804,0.788659,-2.85714,0.0547862,7.56444e-05,nan,nan,0,-0.549999,-0.30613,-2.89993,-1.5873,-0.585,-0.634533,nan,nan,0,0.53353,0.639584,2.31074,2.22222,0.756765,0.856912,nan,nan,0,-0.216878,-0.368685,-1.12327,1.73687,-0.318439,nan,3.44353,4.50777,1,-0.0211475,-0.00236728,-0.370766,1.08263,-0.0105737,nan,0.309956,1.52796,1,0.55144,-0.473145,2.07752,9.49939,-0.12428,-0.256321,nan,nan,0,1.53026,-0.00373888,0.0644436,38.5104,0.71513,1.1473,nan,nan,0,1.29894,0.403347,-1.87498,14.0415,0.959472,0.705303,nan,nan,0,-0.308188,0.426933,-1.11394,9.35287,0.335906,0.483752,nan,nan,0,0.702143,-0.11652,-0.441927,4.60266,0.141072,nan,9.67858,5.50103,1,-1.29006,0.0439468,0.485344,-16.3383,-0.645031,nan,-21.3974,-20.1149,1,0,0.953884,0.007112,0.028259,0.298755,0.300338,-0.371059,1.22517,4.69826,6.36662,15.3677
1787645124106374866,-0.880186,-0.47463,0.580177,0.39459,0.4,-0,-0.510673,0.0355271,0.045986,0.618019,0.563206,-0.224004,0.815145,0.921792,0.363272,1.28579,14.9206,0.860896,1.05764,nan,nan,0,0.303846,0.121282,0.739559,-4.32234,0.201923,0.00761226,nan,nan,0,-0.50694,-0.331633,-2.42735,-1.19658,-0.56347,-0.602645,nan,nan,0,0.343702,0.662402,2.3046,1.3431,0.661851,0.831843,nan,nan,0,-0.224353,-0.376772,-0.78474,3.1312,-0.322177,nan,3.08795,4.54122,1,-0.107998,-0.00417626,-0.0262659,1.41363,-0.053999,nan,-1.45528,1.014,1,0.541556,-0.454353,1.83816,5.44566,-0.129222,-0.268481,nan,nan,0,0.924399,-0.000479221,0.481788,33.1868,0.412199,1.02483,nan,nan,0,1.09027,0.394719,-0.420414,10.9646,0.855135,0.831986,nan,nan,0,-0.469325,0.417345,-0.782521,6.56898,0.255338,0.432529,nan,nan,0,0.569968,-0.11862,-0.276125,5.25328,0.0749841,nan,7.19031,7.33498,1,-1.21394,0.0395434,-1.09107,-17.8872,-0.606968,nan,-17.7587,-20.9495,1,0,0.952357,0.009926,0.027299,0.303598,0.563206,-0.224004,0.815145,2.56677,0.874316,10.8431
1787645124116321206,-0.925377,-0.379047,0.58024,0.394698,0.4,-0,-0.510673,0.0401188,0.0426819,0.625003,0.323705,-0.235366,0.617602,0.996776,0.378228,1.49446,13.1624,0.898388,0.951078,nan,nan,0,0.400356,0.12761,0.561574,-2.71062,0.250178,0.0807235,nan,nan,0,-0.523706,-0.354259,-2.12662,-0.463982,-0.571853,-0.579187,nan,nan,0,0.312279,0.683687,2.26778,-2.8083,0.64614,0.757759,nan,nan,0,-0.157264,-0.380809,-0.355995,2.97929,-0.288632,nan,3.76019,3.82829,1,-0.122126,-0.00349743,0.211873,0.658293,-0.0610629,nan,-2.04477,-0.150226,1,0.238861,-0.437671,1.52515,7.59463,-0.280569,-0.202219,nan,nan,0,0.970729,0.00757408,0.85617,32.3565,0.435364,0.743622,nan,nan,0,0.90842,0.398554,0.622948,12.7228,0.76421,0.891591,nan,nan,0,-0.343113,0.411017,-0.561574,2.36874,0.318443,0.346295,nan,nan,0,0.414633,-0.122818,-0.312314,7.65186,-0.00268345,nan,4.67317,8.13899,1,-1.22246,0.0171096,-2.39125,-19.8257,-0.611232,nan,-15.2634,-19.5687,1,0,0.95129,0.012523,0.026467,0.306901,0.323705,-0.235366,0.617602,1.28898,-2.25412,7.08577
1787645124126327853,-0.960233,-0.279201,0.580302,0.394804,0.4,-0,-0.510673,0.0415316,0.0387339,0.629147,0.0780473,-0.437776,0.242536,1.01178,0.393185,1.50674,11.5018,0.905888,0.892841,nan,nan,0,0.245096,0.131445,0.28539,0.21978,0.172548,0.173869,nan,nan,0,-0.515826,-0.374585,-2.00387,0.317459,-0.567913,-0.568437,nan,nan,0,0.416848,0.705546,2.13275,-8.08303,0.698424,0.687392,nan,nan,0,-0.0984407,-0.382823,0.0101619,2.55468,-0.25922,nan,4.31085,3.40575,1,-0.0511183,0.00187815,0.311307,-0.216269,-0.0255591,nan,-1.29008,-1.3708,1,-0.270111,-0.425015,1.16918,9.79243,-0.535056,-0.199897,nan,nan,0,1.23522,0.0156274,0.727284,31.0378,0.567612,0.519418,nan,nan,0,0.541853,0.406607,0.745697,14.4322,0.580927,0.85809,nan,nan,0,-0.181363,0.406223,-0.457238,-1.63614,0.399319,0.301128,nan,nan,0,0.215611,-0.124902,-0.378034,8.88033,-0.102194,nan,1.36182,7.07522,1,-1.15868,-0.0065051,-2.50636,-19.4318,-0.57934,nan,-13.4255,-17.0515,1,0,0.950669,0.013751,0.024835,0.308904,0.0780473,-0.437776,0.242536,0.382224,-2.31758,7.97695
1787645124136354161,-0.984353,-0.176206,0.580363,0.394908,0.4,-0,-0.510673,0.0418623,0.033537,0.631001,0.000752446,-0.561962,0.252806,0.785783,0.407757,1.46991,11.3553,0.792892,0.883581,nan,nan,0,0.0707508,0.132979,0.131955,2.5641,0.0853754,0.208747,nan,nan,0,-0.402481,-0.394527,-2.04683,1.0989,-0.51124,-0.566093,nan,nan,0,0.476955,0.72683,1.8443,-10.6715,0.728478,0.666984,nan,nan,0,-0.058589,-0.380808,0.27908,2.67512,-0.239294,nan,4.53435,3.55709,1,-0.0142822,0.00282546,0.0934786,-1.13719,-0.00714112,nan,-0.439215,-1.76735,1,-0.58017,-0.415427,0.90527,7.25275,-0.690085,-0.322324,nan,nan,0,1.13652,0.0196548,0.242428,28.2051,0.518259,0.466271,nan,nan,0,0.521614,0.412359,0.543161,12.7228,0.570807,0.74393,nan,nan,0,-0.245717,0.401814,-0.4511,-7.05739,0.367141,0.324923,nan,nan,0,0.0359309,-0.128978,-0.554814,7.29853,-0.192035,nan,-1.37477,4.62425,1,-1.08634,-0.0248416,-1.69781,-18.0704,-0.543169,nan,-13.0031,-14.8657,1,0,0.950408,0.014692,0.02243,0.309847,0.000752446,-0.561962,0.252806,-0.608631,1.50085,9.3687
1787645124146345386,-0.997461,-0.071212,0.580422,0.39501,0.4,-0,-0.279532,0.0426898,0.0276036,0.633979,0.126578,-0.591717,0.358117,0.605189,0.422522,1.5006,10.1343,0.702595,0.85536,nan,nan,0,0.027011,0.133938,0.113543,2.85714,0.0635055,0.170951,nan,nan,0,-0.226863,-0.412743,-1.69086,0.757019,-0.423432,-0.547775,nan,nan,0,0.504782,0.742746,1.49446,-11.8437,0.742391,0.687348,nan,nan,0,-0.0283117,-0.376775,0.507391,2.47994,-0.224156,nan,4.58059,3.93442,1,-0.0322521,0.00155804,-0.236367,-1.30044,-0.016126,nan,-0.175972,-1.27083,1,-0.805729,-0.407374,0.794796,1.63614,-0.802865,-0.507845,nan,nan,0,0.936975,0.0192714,-0.0889931,20.6349,0.418488,0.487069,nan,nan,0,0.525697,0.418303,0.616811,8.27839,0.572849,0.63239,nan,nan,0,-0.347945,0.397787,-0.365176,-6.86203,0.316028,0.35685,nan,nan,0,-0.101544,-0.137205,-0.656702,4.74007,-0.260772,nan,-3.3398,1.63788,1,-1.0203,-0.0401031,-1.05026,-15.2496,-0.510151,nan,-12.526,-13.6149,1,0,0.949962,0.015977,0.019763,0.311327,0.126578,-0.591717,0.358117,-0.20661,1.92746,10.6579
1787645124156305256,-0.999401,0.0346059,0.580481,0.39511,0.4,-0,-0.279532,0.0449215,0.0227273,0.637165,0.250477,-0.371124,0.295481,0.618629,0.437862,1.57425,7.05739,0.709314,0.788287,nan,nan,0,0.0816479,0.135088,0.113543,1.63614,0.090824,0.112455,nan,nan,0,-0.186364,-0.425591,-1.1569,0.317459,-0.403182,-0.496662,nan,nan,0,0.461449,0.755018,1.12622,-8.52259,0.720725,0.717085,nan,nan,0,-0.0358312,-0.37071,0.761889,3.01547,-0.227916,nan,3.85497,4.2169,1,-0.0524678,-0.00272142,-0.539676,-1.10891,-0.0262339,nan,0.104139,-0.528496,1,-0.734359,-0.399704,0.745697,-1.78266,-0.767179,-0.679577,nan,nan,0,0.784665,0.0181208,-0.11968,18.4371,0.342332,0.474885,nan,nan,0,0.446656,0.423673,0.457238,5.68987,0.533328,0.575413,nan,nan,0,-0.375647,0.395485,-0.181053,-5.88522,0.302177,0.353037,nan,nan,0,-0.145682,-0.141246,-0.656159,2.46591,-0.282841,nan,-3.97158,-1.15496,1,-0.984255,-0.0469944,-1.07427,-13.6907,-0.492128,nan,-11.7426,-12.9112,1,0,0.949459,0.017769,0.017823,0.312879,0.250477,-0.371124,0.295481,-0.040596,2.63312,9.83697
1787645124166375596,-0.990143,0.140062,0.580538,0.395207,0.4,-0,-0.279532,0.0477587,0.0201027,0.639407,0.209623,-0.29772,0.183652,0.653214,0.454161,1.62335,4.17583,0.726607,0.731887,nan,nan,0,0.156947,0.136047,0.09513,0.268623,0.128474,0.0830306,nan,nan,0,-0.197363,-0.435178,-0.837758,0.65934,-0.408681,-0.441495,nan,nan,0,0.316487,0.763454,0.837758,-7.30159,0.648243,0.729596,nan,nan,0,-0.0501217,-0.360564,1.04255,3.20486,-0.235061,nan,2.8288,4.08711,1,-0.0456631,-0.011059,-0.73437,-0.327022,-0.0228315,nan,0.748379,0.0449035,1,-0.609847,-0.392801,0.659773,-9.05983,-0.704924,-0.77048,nan,nan,0,0.719242,0.0177374,0.00306892,16.0928,0.309621,0.419223,nan,nan,0,0.305983,0.426933,0.291528,4.32234,0.462992,0.547255,nan,nan,0,-0.285918,0.39491,-0.00306892,-7.10622,0.347041,0.329437,nan,nan,0,-0.123292,-0.149411,-0.820708,-0.838864,-0.271646,nan,-3.04715,-3.0473,1,-0.937968,-0.0612186,-1.34558,-12.4574,-0.468984,nan,-10.2146,-12.1788,1,0,0.949085,0.019508,0.017043,0.313952,0.209623,-0.29772,0.183652,-2.54898,1.55897,7.47012
1787645124176324567,-0.969782,0.243974,0.580594,0.395303,0.4,-0,-0.279532,0.0501996,0.0176754,0.6405,0.158028,-0.298535,0.0796878,0.550481,0.470268,1.62949,3.88278,0.67524,0.712524,nan,nan,0,0.212065,0.13643,-0.00306892,0.317459,0.156033,0.0920308,nan,nan,0,-0.184492,-0.441889,-0.592261,2.22222,-0.402246,-0.410929,nan,nan,0,0.202634,0.770166,0.610673,-4.42002,0.591317,0.704544,nan,nan,0,-0.0140639,-0.350352,1.30303,3.24075,-0.217032,nan,2.71165,3.45917,1,-0.0159642,-0.0166375,-0.762577,0.0302284,-0.0079821,nan,1.40353,0.518386,1,-0.562511,-0.387623,0.4511,-7.88766,-0.681256,-0.770664,nan,nan,0,0.529613,0.0181208,0.0521679,15.0183,0.214807,0.356853,nan,nan,0,0.124053,0.428083,0.0153437,4.51771,0.372027,0.510427,nan,nan,0,-0.264241,0.395869,0.125817,-9.64591,0.35788,0.32486,nan,nan,0,-0.203397,-0.157476,-1.03046,-2.0313,-0.311698,nan,-3.85209,-3.53496,1,-0.844893,-0.0747371,-1.53761,-11.8891,-0.422447,nan,-8.12487,-11.0934,1,0,0.94889,0.021039,0.016286,0.314482,0.158028,-0.298535,0.0796878,-3.24373,1.97764,6.43056
1787645124186338195,-0.938539,0.345174,0.580648,0.395397,0.4,-0,-0.279532,0.0514501,0.0148804,0.641336,0.00214854,-0.341633,0.0901374,0.31163,0.486567,1.61107,3.68742,0.555815,0.69777,nan,nan,0,0.155916,0.135472,-0.138092,0.854698,0.127958,0.121113,nan,nan,0,-0.117043,-0.445916,-0.371314,2.8083,-0.368521,-0.400207,nan,nan,0,0.0567098,0.77496,0.359039,-6.2271,0.518355,0.651961,nan,nan,0,-0.0199545,-0.338033,1.53777,2.73915,-0.219977,nan,1.82529,2.78655,1,0.0482135,-0.0228624,-0.685981,0.243495,0.0241068,nan,2.43805,1.01221,1,-0.69188,-0.384747,0.242428,-8.52259,-0.74594,-0.730707,nan,nan,0,0.341862,0.0183125,-0.00306892,13.8462,0.120931,0.287286,nan,nan,0,0.0353053,0.426549,-0.199466,3.44322,0.327653,0.448344,nan,nan,0,-0.232142,0.397787,0.230153,-12.7717,0.373929,0.338259,nan,nan,0,-0.314758,-0.169677,-1.16992,-3.35333,-0.367379,nan,-5.16466,-3.51787,1,-0.721299,-0.0922074,-1.4655,-11.1915,-0.360649,nan,-5.85501,-9.55333,1,0,0.948744,0.022066,0.015166,0.314906,0.00214854,-0.341633,0.0901374,-3.30824,-0.169827,6.67605
1787645124196355876,-0.896756,0.442526,0.580702,0.395489,0.4,-0,-0.197593,0.0514681,0.0126937,0.641368,-0.0860905,-0.319655,-0.0390692,0.161612,0.502099,1.55584,1.97802,0.480806,0.644022,nan,nan,0,0.111883,0.133171,-0.254703,2.27106,0.105941,0.136243,nan,nan,0,-0.057689,-0.448792,-0.23629,2.41758,-0.338844,-0.387561,nan,nan,0,-0.123706,0.776686,0.0767183,-8.71795,0.428147,0.585274,nan,nan,0,-0.110006,-0.32162,1.7097,2.24324,-0.265003,nan,-0.58295,2.09586,1,0.111726,-0.0297702,-0.462764,0.689364,0.055863,nan,3.26314,1.66465,1,-0.853786,-0.383405,0.0828552,-8.52259,-0.826893,-0.717806,nan,nan,0,0.128562,0.0181208,-0.0153437,10.4762,0.014281,0.203779,nan,nan,0,-0.118221,0.422139,-0.561574,3.05251,0.250889,0.380942,nan,nan,0,-0.168624,0.400855,0.365176,-12.3321,0.405688,0.356503,nan,nan,0,-0.385894,-0.179787,-1.04446,-3.81326,-0.402947,nan,-6.2439,-3.99752,1,-0.526228,-0.102838,-0.90989,-10.1777,-0.263114,nan,-3.44345,-7.6992,1,0,0.948738,0.022419,0.014132,0.31495,-0.0860905,-0.319655,-0.0390692,-3.51281,2.28548,6.7217
1787645124206278715,-0.844896,0.534931,0.580755,0.395579,0.4,-0,-0.197593,0.0508741,0.00952193,0.640752,-0.143207,-0.376274,-0.0392162,0.0960703,0.517247,1.51901,0.561661,0.448035,0.562913,nan,nan,0,0.142956,0.130294,-0.28539,1.44078,0.121478,0.128708,nan,nan,0,-0.0341274,-0.44975,-0.0214806,2.0757,-0.327064,-0.3654,nan,nan,0,-0.389208,0.77496,-0.26084,-11.6972,0.295396,0.506346,nan,nan,0,-0.283158,-0.305147,1.83227,2.09318,-0.351579,nan,-4.37351,0.816989,1,0.193989,-0.0318911,-0.150394,1.11179,0.0969943,nan,4.09215,2.43224,1,-0.786894,-0.383213,0.00920582,-9.35287,-0.793447,-0.754818,nan,nan,0,-0.282222,0.0177374,-0.046031,6.76434,-0.191111,0.107374,nan,nan,0,-0.25441,0.414852,-0.751834,1.48962,0.182795,0.313093,nan,nan,0,-0.235325,0.406032,0.549299,-11.3553,0.372338,0.379802,nan,nan,0,-0.446056,-0.187936,-0.79014,-5.13967,-0.433028,nan,-7.39302,-5.03053,1,-0.319272,-0.108904,-0.319477,-8.41048,-0.159636,nan,-1.04275,-5.66078,1,0,0.948837,0.022641,0.012527,0.314703,-0.143207,-0.376274,-0.0392162,-2.58137,1.75313,7.83414
1787645124216373255,-0.783533,0.62135,0.580806,0.395668,0.4,-0,-0.197593,0.0499446,0.00790388,0.640204,-0.127587,-0.184052,-0.036249,0.0684673,0.532204,1.46991,-1.92918,0.434234,0.491944,nan,nan,0,0.113923,0.127802,-0.242428,0.463982,0.106962,0.120657,nan,nan,0,-0.0674572,-0.448216,0.248566,1.63614,-0.343729,-0.343102,nan,nan,0,-0.612691,0.769591,-0.647498,-16.044,0.183655,0.405075,nan,nan,0,-0.387185,-0.286613,1.89873,0.744755,-0.403592,nan,-6.9424,-1.58979,1,0.26411,-0.0324362,0.247364,1.50834,0.132055,nan,4.56369,3.18981,1,-0.47173,-0.383213,-0.0153437,-10.7692,-0.635865,-0.788155,nan,nan,0,-0.609547,0.0173531,-0.0398932,3.73627,-0.354774,-0.0292604,nan,nan,0,-0.348432,0.406799,-0.831621,0.366302,0.135784,0.243605,nan,nan,0,-0.184581,0.412743,0.702735,-9.79243,0.397709,0.387459,nan,nan,0,-0.305951,-0.194167,-0.595033,-5.506,-0.362975,nan,-5.01576,-6.26899,1,-0.183662,-0.107236,0.356815,-6.41934,-0.0918308,nan,-0.0730774,-3.48141,1,0,0.948931,0.022458,0.011607,0.314469,-0.127587,-0.184052,-0.036249,-1.17737,2.4811,7.08281
1787645124226340447,-0.713352,0.700806,0.580857,0.395755,0.4,-0,-0.197593,0.0487751,0.00634421,0.63992,-0.171729,-0.166411,-0.0274876,0.0582099,0.546201,1.39013,-3.05251,0.429105,0.448492,nan,nan,0,-0.0489083,0.125501,-0.199466,-0.0732574,0.0255458,0.11419,nan,nan,0,-0.125754,-0.443615,0.512474,1.48962,-0.372877,-0.335248,nan,nan,0,-0.746271,0.759811,-1.13849,-19.072,0.116865,0.289768,nan,nan,0,-0.599981,-0.270105,1.81858,-1.61483,-0.50999,nan,-11.1239,-4.53931,1,0.352395,-0.0235879,0.869878,2.14219,0.176198,nan,4.68875,3.76878,1,-0.324483,-0.383597,-0.046031,-10.9646,-0.562242,-0.747434,nan,nan,0,-0.802558,0.016778,-0.0583057,-0.268623,-0.451279,-0.195893,nan,nan,0,-0.368822,0.398554,-0.800934,-1.78266,0.125589,0.181352,nan,nan,0,-0.0890093,0.420605,0.807072,-10.0855,0.445495,0.390225,nan,nan,0,-0.21667,-0.198425,-0.571612,-5.82128,-0.318335,nan,-3.33944,-6.35276,1,-0.079632,-0.0978075,0.920374,-4.22288,-0.039816,nan,0.359182,-1.68181,1,0,0.948985,0.02215,0.01068,0.31436,-0.171729,-0.166411,-0.0274876,-1.36072,0.472176,6.15563
1787645124236270170,-0.635135,0.772401,0.580906,0.395839,0.4,-0,-0.197593,0.0469987,0.00490301,0.639458,-0.206816,-0.175564,-0.0169467,0.0320252,0.55924,1.26124,-4.17583,0.416013,0.429178,nan,nan,0,-0.214818,0.123775,-0.174916,-0.610504,-0.0574092,0.0823617,nan,nan,0,-0.185108,-0.438437,0.506338,1.73382,-0.402554,-0.347077,nan,nan,0,-0.791491,0.74428,-1.73382,-21.7582,0.0942545,0.187534,nan,nan,0,-0.814381,-0.255656,1.49943,-3.3654,-0.617191,nan,-14.9029,-7.88619,1,0.465163,-0.00856776,1.59199,2.83152,0.232581,nan,4.84649,4.05417,1,-0.352335,-0.384364,-0.0583057,-9.69475,-0.576167,-0.658523,nan,nan,0,-0.833035,0.0156274,-0.131955,-5.78754,-0.466517,-0.34632,nan,nan,0,-0.347656,0.388966,-1.02188,-3.00366,0.136172,0.140413,nan,nan,0,-0.0350607,0.429042,0.850034,-11.9414,0.47247,0.410205,nan,nan,0,-0.193329,-0.207031,-0.757946,-5.18053,-0.306664,nan,-2.35026,-5.09866,1,-0.0290469,-0.0877339,1.48411,-2.83645,-0.0145235,nan,-0.0298532,-0.561714,1,0,0.949073,0.021536,0.009712,0.314167,-0.206816,-0.175564,-0.0169467,-0.774255,-0.691318,5.63002
1787645124246218659,-0.549756,0.835325,0.580955,0.395923,0.4,-0,-0.211964,0.0444851,0.00344101,0.639907,-0.295288,-0.143296,0.101359,0.0817627,0.570937,1.11394,-4.7619,0.440881,0.420238,nan,nan,0,-0.384566,0.122049,-0.174916,-0.952377,-0.142283,0.0193774,nan,nan,0,-0.181419,-0.433069,0.537024,0.805862,-0.40071,-0.372344,nan,nan,0,-0.78094,0.722229,-2.40894,-21.8071,0.0995298,0.12042,nan,nan,0,-1.05477,-0.243195,1.00616,-5.67019,-0.737385,nan,-18.8059,-11.5282,1,0.457836,0.010605,2.42553,3.38633,0.228918,nan,2.91108,4.1311,1,-0.454487,-0.384939,-0.0583057,-8.08303,-0.627244,-0.594004,nan,nan,0,-0.769604,0.013135,-0.33449,-10.232,-0.434802,-0.439631,nan,nan,0,-0.260892,0.377653,-1.15077,-3.88278,0.179554,0.126675,nan,nan,0,0.0280057,0.437862,0.899132,-9.69475,0.504003,0.44134,nan,nan,0,-0.0943765,-0.213547,-0.876718,-4.61845,-0.257188,nan,-0.212364,-3.49237,1,0.0254675,-0.0645385,2.24314,-1.83646,0.0127338,nan,-1.04654,-0.29579,1,0,0.949025,0.020571,0.008628,0.314408,-0.295288,-0.143296,0.101359,-0.958735,-0.234921,4.77185
1787645124256298588,-0.458173,0.888863,0.581002,0.396004,0.4,-0,-0.211964,0.0411537,0.00248156,0.641476,-0.391754,-0.0334896,0.243899,0.0726183,0.580908,0.954369,-3.88278,0.436309,0.424058,nan,nan,0,-0.673645,0.11994,-0.205604,-1.68498,-0.286823,-0.0618123,nan,nan,0,-0.269815,-0.428467,0.426551,0.415138,-0.444907,-0.39291,nan,nan,0,-0.719491,0.693657,-3.05337,-22.6374,0.130255,0.0929557,nan,nan,0,-1.16037,-0.238841,0.295224,-8.63944,-0.790185,nan,-19.7399,-15.2276,1,0.501689,0.041381,3.20919,3.06863,0.250844,nan,1.47012,3.42681,1,-0.521907,-0.385514,-0.0398932,-6.95971,-0.660953,-0.586193,nan,nan,0,-0.646486,0.00834084,-0.518612,-14.6764,-0.373243,-0.465152,nan,nan,0,-0.162762,0.365572,-1.23669,-3.05251,0.228619,0.14225,nan,nan,0,0.130024,0.447258,0.966643,-8.86447,0.555012,0.474665,nan,nan,0,-0.031065,-0.222224,-0.86874,-3.47268,-0.225533,nan,1.18731,-1.73684,1,0.0607734,-0.0364008,3.06737,-1.66564,0.0303867,nan,-2.59743,-0.853097,1,0,0.948809,0.019135,0.007664,0.315176,-0.391754,-0.0334896,0.243899,0.16693,0.473086,5.33304
1787645124266365516,-0.361412,0.932406,0.581049,0.396084,0.4,-0,-0.211964,0.0369459,0.00248357,0.644178,-0.406524,0.104247,0.264939,-0.0662382,0.589154,0.788659,-4.46886,0.366881,0.431643,nan,nan,0,-0.967835,0.116872,-0.359039,-2.8083,-0.433917,-0.168673,nan,nan,0,-0.463284,-0.425015,0.316077,0.415138,-0.541642,-0.416373,nan,nan,0,-0.690776,0.659142,-3.58732,-20.3419,0.144612,0.0995471,nan,nan,0,-1.16899,-0.240278,-0.694282,-11.3177,-0.794495,nan,-18.3562,-17.9322,1,0.522645,0.0752775,3.84689,2.71525,0.261322,nan,-0.188997,2.055,1,-0.629695,-0.385706,-0.0153437,-5.88522,-0.714848,-0.615651,nan,nan,0,-0.506393,0.00278044,-0.549299,-16.9231,-0.303196,-0.436188,nan,nan,0,-0.111068,0.354451,-0.978919,-4.07815,0.254466,0.180481,nan,nan,0,0.291501,0.457613,1.05871,-7.05739,0.63575,0.514045,nan,nan,0,0.0195069,-0.23075,-0.72385,-2.64441,-0.200247,nan,2.15341,-0.0289976,1,0.0667314,-0.0020444,3.78173,-1.63614,0.0333657,nan,-4.61029,-2.06176,1,0,0.94842,0.017129,0.007025,0.316473,-0.406524,0.104247,0.264939,0.669008,-2.16864,4.72619
1787645124276265401,-0.26056,0.965458,0.581095,0.396162,0.4,-0,-0.211964,0.031399,0.00367314,0.646924,-0.640159,0.204882,0.293189,-0.203527,0.595865,0.622948,-3.98046,0.298236,0.413041,nan,nan,0,-1.12311,0.111887,-0.567711,-5.93407,-0.511557,-0.301051,nan,nan,0,-0.513277,-0.423481,0.0767183,0.122101,-0.566638,-0.467705,nan,nan,0,-0.649394,0.620409,-4.01694,-18.486,0.165303,0.12103,nan,nan,0,-1.06069,-0.255742,-1.90571,-12.9432,-0.740344,nan,-14.1025,-18.5871,1,0.585698,0.120789,4.26787,1.4657,0.292849,nan,-1.24001,0.393981,1,-0.803347,-0.385898,-0.0214806,-6.27595,-0.801673,-0.662923,nan,nan,0,-0.351061,-0.00239658,-0.512475,-16.2882,-0.22553,-0.375092,nan,nan,0,-0.0994531,0.34889,-0.377452,-5.10378,0.260273,0.221974,nan,nan,0,0.408756,0.468734,1.10167,-5.0061,0.694378,0.570261,nan,nan,0,0.0132573,-0.236806,-0.457706,-1.11942,-0.203371,nan,1.85678,1.29935,1,0.057128,0.0365886,4.13516,-2.22423,0.028564,nan,-6.44348,-3.73212,1,0,0.948031,0.014301,0.006731,0.317784,-0.640159,0.204882,0.293189,-1.53316,-3.68886,4.20355
1787645124286366073,-0.15675,0.987638,0.58114,0.396239,0.4,-0,-0.211964,0.0235866,0.00524429,0.651099,-0.843447,0.16001,0.539985,-0.0514016,0.601042,0.506338,-10.2808,0.374299,0.363567,nan,nan,0,-0.955838,0.1046,-0.770247,-17.558,-0.427919,-0.423929,nan,nan,0,-0.197823,-0.426357,-0.481788,0.561661,-0.408911,-0.524464,nan,nan,0,-0.658396,0.5811,-3.44616,-55.8974,0.160802,0.144622,nan,nan,0,-1.02018,-0.272912,-1.1164,-30.6108,-0.720089,nan,-13.9766,-16.8142,1,0.440166,0.155326,2.21131,5.80261,0.220083,nan,-1.37425,-0.871213,1,-1.08596,-0.386281,-0.0214806,-7.93651,-0.942982,-0.728643,nan,nan,0,-0.231755,-0.00757408,-0.4511,-23.8584,-0.165877,-0.29932,nan,nan,0,-0.0830374,0.34774,-0.0337563,-4.85959,0.268481,0.250021,nan,nan,0,0.476478,0.480239,1.1569,-2.17339,0.728239,0.635429,nan,nan,0,0.0144791,-0.238254,-0.089704,-0.12461,-0.20276,nan,1.37684,1.88149,1,0.0381483,0.0786728,4.12134,-3.8104,0.0190742,nan,-7.96997,-5.54451,1,0,0.947415,0.010335,0.006256,0.319777,-0.843447,0.16001,0.539985,-1.33425,-3.85951,3.76167
1787645124296405715,-0.0511524,0.998691,0.581183,0.396314,0.4,-0,-0.400967,0.0157827,0.00406942,0.656484,-0.12372,-0.815071,0.253291,0.662812,0.603726,0.0767183,1.05006,0.731406,0.344858,nan,nan,0,-1.34478,0.098464,-0.494062,-26.2515,-0.622389,-0.470333,nan,nan,0,-0.358991,-0.427891,0.217878,-6.08059,-0.489496,-0.507962,nan,nan,0,-0.773769,0.560966,-1.42695,-62.3443,0.103115,0.158974,nan,nan,0,-1.40881,-0.261144,2.30752,-27.8065,-0.914403,nan,-26.3253,-15.5751,1,0.603105,0.143212,-2.66311,4.537,0.301552,nan,8.74489,-0.444073,1,-1.14683,-0.387432,-0.181053,-6.52015,-0.973414,-0.826742,nan,nan,0,-0.164911,-0.00661516,0.303802,-17.8022,-0.132455,-0.224962,nan,nan,0,-0.146677,0.35541,1.34103,-12.2344,0.236661,0.264506,nan,nan,0,0.608751,0.495579,1.77678,-5.9829,0.794376,0.691563,nan,nan,0,-0.10625,-0.233176,0.388513,0.523105,-0.263125,nan,-1.63099,1.70481,1,0.0896686,0.122928,4.05846,-4.43024,0.0448343,nan,-8.4305,-7.22972,1,0,0.946583,0.006814,0.00447,0.322354,-0.12372,-0.815071,0.253291,7.03352,2.45414,15.2705
1787645124306459812,0.0550441,0.998484,0.581226,0.396388,0.4,-0,-0.400967,0.0261215,-0.00200694,0.647567,1.36139,0.692309,-1.42971,-0.198597,0.600275,-0.524749,4.71307,0.300702,0.470035,nan,nan,0,-2.90912,0.0936704,-0.524749,-15.9951,-1.40456,-0.525792,nan,nan,0,-1.68381,-0.419646,1.01574,-7.30159,-1.15191,-0.482815,nan,nan,0,-0.6844,0.555789,-0.371314,-42.6618,0.1478,0.144703,nan,nan,0,-0.967624,-0.227669,3.83335,-17.2817,-0.693812,nan,-22.065,-19.6346,1,1.12109,0.0926521,-5.61569,2.58381,0.560544,nan,22.4603,4.15964,1,-0.761222,-0.390117,-0.28539,-8.52259,-0.780611,-0.917454,nan,nan,0,-0.201215,-0.0022049,0.494062,-11.4042,-0.150608,-0.166864,nan,nan,0,-0.391686,0.376886,2.07752,-10.5739,0.114157,0.259354,nan,nan,0,1.13652,0.512836,1.66017,7.64347,1.05826,0.745466,nan,nan,0,-0.200948,-0.229949,0.538796,1.16763,-0.310474,nan,-3.62658,0.390411,1,0.0548893,0.148567,2.47977,-5.0529,0.0274446,nan,-7.35332,-8.15095,1,0,0.947952,0.012701,0.003204,0.318141,1.36139,0.692309,-1.42971,12.8317,5.28435,42.625
1787645124316471323,0.160641,0.987013,0.581269,0.39646,0.4,-0,-0.400967,0.0292667,0.00779543,0.641672,-0.0845271,1.36254,-0.0418601,-1.40175,0.591263,-0.991194,4.32234,-0.300873,0.487975,nan,nan,0,-3.23544,0.0860004,-0.880719,-13.5043,-1.56772,-0.84187,nan,nan,0,-1.12909,-0.410634,0.721148,-4.17583,-0.874544,-0.694891,nan,nan,0,-0.292369,0.550995,-0.604536,-27.9121,0.343816,0.135697,nan,nan,0,0.00577911,-0.197372,2.76874,-13.4337,-0.20711,nan,-4.49395,-22.9804,1,1.12338,0.0329761,-5.6267,2.86379,0.561688,nan,24.3014,13.0165,1,-0.972758,-0.39491,-0.573849,-8.66911,-0.886379,-0.904667,nan,nan,0,-0.295204,0.0022049,0.371314,-3.7851,-0.197602,-0.141753,nan,nan,0,0.0138775,0.385131,0.297665,-3.39439,0.316939,0.207508,nan,nan,0,0.913136,0.529519,1.67245,8.37607,0.946568,0.868337,nan,nan,0,-0.0786333,-0.2234,0.543647,0.383622,-0.249317,nan,-1.72255,-1.64055,1,-0.00528475,0.162513,0.676126,-5.81249,-0.00264237,nan,-5.96885,-7.75488,1,0,0.948881,0.012657,0.008313,0.31527,-0.0845271,1.36254,-0.0418601,2.05747,-7.18141,16.5666
1787645124326381163,0.264447,0.9644,0.58131,0.396531,0.4,-0,-0.400967,0.0245227,0.0186066,0.646909,-0.821238,0.35784,1.24871,-0.623527,0.5811,-0.978919,0.610504,0.0882364,0.205054,nan,nan,0,-2.2766,0.0731525,-1.46378,-23.956,-1.0883,-1.24854,nan,nan,0,0.257503,-0.411784,-0.5002,-8.08303,-0.181248,-0.880243,nan,nan,0,-0.208212,0.540257,-1.1569,-22.735,0.385894,0.20336,nan,nan,0,0.108027,-0.180853,1.4014,-19.786,-0.155987,nan,-1.23176,-17.4356,1,0.810559,-0.00967958,-3.65282,9.21312,0.405279,nan,17.928,20.5887,1,-1.32815,-0.40258,-0.813209,-8.03419,-1.06408,-0.875146,nan,nan,0,-0.298744,0.00316381,-0.0398932,1.68498,-0.199372,-0.155308,nan,nan,0,0.233103,0.377653,-1.15077,-0.268623,0.426552,0.215047,nan,nan,0,0.653437,0.547544,1.89953,12.4298,0.816719,0.955351,nan,nan,0,-0.0583953,-0.219496,0.431468,-1.17178,-0.239198,nan,-1.33676,-2.51387,1,-0.0324536,0.156175,-1.04407,-5.69375,-0.0162268,nan,-3.60595,-6.43125,1,0,0.948067,0.008668,0.012717,0.317698,-0.821238,0.35784,1.24871,-13.9865,-14.2047,-2.90987
1787645124336529734,0.365287,0.930895,0.58135,0.396601,0.4,-0,-0.400967,0.0190701,0.02198,0.658946,-0.58995,-0.0801356,1.07013,0.163679,0.572855,-0.776384,-14.4322,0.481839,0.0139765,nan,nan,0,-1.85116,0.0551286,-1.93022,-45.2015,-0.875581,-1.34859,nan,nan,0,0.399551,-0.420221,-0.757972,-13.9438,-0.110224,-0.696785,nan,nan,0,-0.393381,0.527793,-1.21828,-24.2491,0.29331,0.30264,nan,nan,0,-0.333358,-0.170461,0.793117,-17.0973,-0.376679,nan,-8.4073,-8.42173,1,0.752816,-0.0184188,0.893021,13.1367,0.376408,nan,10.5053,21.3948,1,-1.41986,-0.411401,-0.90527,-7.74115,-1.10993,-0.931435,nan,nan,0,-0.116289,-9.58443e-05,-0.371314,-0.0732574,-0.108144,-0.179848,nan,nan,0,-0.0248434,0.359436,-2.02228,2.46642,0.297578,0.302546,nan,nan,0,0.891231,0.569211,2.29233,12.4786,0.935616,0.93022,nan,nan,0,-0.073473,-0.218122,0.173274,-1.58215,-0.246736,nan,-1.2614,-2.16978,1,-0.00357836,0.135295,-2.39976,-4.6041,-0.00178918,nan,-0.512891,-4.49152,1,0,0.946146,0.005466,0.013483,0.323411,-0.58995,-0.0801356,1.07013,-1.03391,8.15422,0.982553
1787645124346431008,0.462021,0.886869,0.58139,0.396668,0.4,-0,-0.595211,0.0187645,0.0179016,0.670281,0.272747,-0.660966,1.0047,1.06262,0.565376,-0.721148,-15.7509,0.931312,0.133248,nan,nan,0,-2.51438,0.0367203,-1.73996,-59.1697,-1.20719,-1.17601,nan,nan,0,0.401141,-0.416003,1.13849,-16.2882,-0.109429,-0.37453,nan,nan,0,-0.513433,0.517247,-0.954369,-21.3675,0.233284,0.337636,nan,nan,0,-0.750578,-0.162113,1.20776,-11.9735,-0.585289,nan,-16.6228,-5.02025,1,0.961866,0.0294539,6.00972,15.3865,0.480933,nan,4.52978,15.7366,1,-1.35875,-0.42118,-0.966643,-13.3577,-1.07937,-1.02546,nan,nan,0,0.114778,-0.00393057,-0.395864,-4.12698,0.00738886,-0.165505,nan,nan,0,-0.0335671,0.343904,-1.18759,1.78266,0.293216,0.34308,nan,nan,0,1.2676,0.594522,2.60534,7.30159,1.1238,0.907202,nan,nan,0,-0.110839,-0.217043,-0.0252728,-1.82546,-0.26542,nan,-1.65526,-1.57487,1,0.0985166,0.106745,-3.4355,-3.41742,0.0492583,nan,3.42865,-1.97422,1,0,0.944312,0.005916,0.011538,0.328795,0.272747,-0.660966,1.0047,7.20715,10.6383,7.65964
1787645124356520976,0.553554,0.832814,0.581429,0.396735,0.4,-0,-0.595211,0.0205301,0.0128345,0.675585,0.0566225,-0.279886,0.161016,1.07578,0.55924,-0.567711,-11.6484,0.937888,0.480629,nan,nan,0,-2.69613,0.0234895,-1.12622,-53.3578,-1.29807,-1.09382,nan,nan,0,-0.0230521,-0.384555,3.97398,-16.4835,-0.321526,-0.165856,nan,nan,0,-0.540439,0.51207,-0.408138,-26.3004,0.219781,0.30471,nan,nan,0,-0.738266,-0.138524,2.46913,-9.8494,-0.579133,nan,-19.125,-8.86159,1,0.984501,0.106687,7.38808,16.6098,0.492251,nan,0.48477,8.21513,1,-1.39661,-0.430768,-0.978919,-12.0879,-1.0983,-1.08015,nan,nan,0,0.437968,-0.00795746,-0.377452,-6.12943,0.168984,-0.095728,nan,nan,0,-0.260826,0.341604,0.0337563,0.0244217,0.179587,0.328801,nan,nan,0,1.47725,0.621943,2.77105,8.47375,1.22863,0.977103,nan,nan,0,-0.120591,-0.219873,-0.21987,-0.77703,-0.270295,nan,-1.43498,-1.31019,1,0.0616744,0.0667583,-4.08709,-1.16274,0.0308372,nan,5.05301,1.20841,1,0,0.94344,0.007558,0.009456,0.331319,0.0566225,-0.279886,0.161016,3.56578,-5.08299,12.9518
1787645124366485760,0.638846,0.769334,0.581467,0.3968,0.4,-0,-0.595211,0.0195575,0.00734376,0.674121,0.0762456,-0.309605,-0.483286,0.873217,0.554638,-0.426551,-1.97802,0.836608,0.789561,nan,nan,0,-2.59103,0.0150523,-0.770247,-47.8877,-1.24552,-1.15922,nan,nan,0,-0.257443,-0.335276,5.06644,-11.8437,-0.438721,-0.156497,nan,nan,0,-0.54371,0.511302,0.0214815,-23.2723,0.218145,0.257039,nan,nan,0,-0.719353,-0.113069,2.1513,-2.25517,-0.569676,nan,-19.2082,-14.902,1,0.958295,0.158686,3.6484,14.1596,0.479147,nan,4.14125,2.97552,1,-1.44697,-0.442273,-1.23055,-11.6972,-1.12348,-1.09929,nan,nan,0,0.537805,-0.0116005,-0.352901,-3.24786,0.218903,0.024857,nan,nan,0,-0.310555,0.341987,-0.00306892,-0.0732574,0.154723,0.270727,nan,nan,0,1.39957,0.650514,2.90607,7.39927,1.18979,1.10055,nan,nan,0,-0.159914,-0.224446,-0.298168,-0.623243,-0.289957,nan,-1.84563,-1.2566,1,-0.0129801,0.0225459,-4.16571,0.3562,-0.00649005,nan,5.37748,4.07097,1,0,0.94369,0.008014,0.006699,0.330663,0.0762456,-0.309605,-0.483286,3.13604,-5.77461,21.7763
1787645124376514501,0.716931,0.697144,0.581504,0.396864,0.4,-0,-0.595211,0.0181198,0.00662903,0.666869,-0.153627,0.174062,-0.706626,0.394557,0.550995,-0.322214,3.2967,0.597279,0.904463,nan,nan,0,-2.17156,0.00872469,-0.622948,-43.8339,-1.03578,-1.22609,nan,nan,0,-0.340187,-0.292707,3.86965,-9.59707,-0.480093,-0.273915,nan,nan,0,-0.485134,0.511302,-0.0337563,-24.2002,0.247433,0.22658,nan,nan,0,-0.624232,-0.104654,0.0995253,-6.32605,-0.522116,nan,-14.7605,-18.3479,1,0.976163,0.167507,0.570302,7.12028,0.488081,nan,8.76179,2.50732,1,-1.24982,-0.456462,-1.49446,-10.4274,-1.02491,-1.11143,nan,nan,0,0.347891,-0.0146689,-0.28539,-0.0244217,0.123946,0.141377,nan,nan,0,-0.279539,0.34007,-0.217878,-0.952377,0.170231,0.203547,nan,nan,0,1.07478,0.68081,3.08405,16.8254,1.02739,1.18081,nan,nan,0,-0.121571,-0.228656,-0.400772,-1.16236,-0.270786,nan,-0.873378,-1.40658,1,-0.00370422,-0.0168143,-3.5524,2.77304,-0.00185211,nan,5.77746,5.59934,1,0,0.944889,0.007476,0.006097,0.327247,-0.153627,0.174062,-0.706626,-1.70386,3.12663,19.5334
1787645124386324660,0.786921,0.617054,0.581541,0.396927,0.4,-0,-0.595211,0.0181895,0.00885612,0.660005,0.000948185,0.157947,-0.825179,0.0497777,0.548886,-0.174916,9.25519,0.424889,0.820657,nan,nan,0,-2.11319,0.00105476,-0.831621,-41.978,-1.00659,-1.18364,nan,nan,0,-0.575425,-0.262218,2.64216,-8.71795,-0.597713,-0.397586,nan,nan,0,-0.445079,0.509577,-0.254703,-20.3419,0.267461,0.224579,nan,nan,0,-0.6106,-0.116981,-1.59499,-11.9316,-0.5153,nan,-11.5487,-17.4935,1,1.09896,0.163232,-0.849117,3.88397,0.549479,nan,12.8611,5.56028,1,-1.0503,-0.473145,-1.75223,-8.47375,-0.925149,-1.08803,nan,nan,0,0.201326,-0.0173535,-0.291528,7.10622,0.0506632,0.176939,nan,nan,0,-0.16117,0.337769,-0.291528,-2.66178,0.229415,0.168277,nan,nan,0,0.775517,0.713791,3.36638,18.6813,0.877758,1.15158,nan,nan,0,-0.131854,-0.232625,-0.466467,-0.955573,-0.275927,nan,-0.815858,-1.3102,1,0.0156554,-0.0443798,-2.4184,4.0251,0.00782772,nan,5.19382,5.92925,1,0,0.946005,0.007169,0.007136,0.323991,0.000948185,0.157947,-0.825179,-2.45157,-0.286877,12.9804
1787645124396441007,0.848019,0.529967,0.581577,0.396989,0.4,-0,0.0252264,0.0157668,0.0117808,0.652152,-0.58655,0.167451,-0.629939,-0.24751,0.547735,-0.0828552,6.81319,0.276245,0.633549,nan,nan,0,-1.27686,-0.00910807,-1.13235,-34.652,-0.588432,-1.08985,nan,nan,0,-0.657833,-0.245537,1.29806,-10.0855,-0.638916,-0.506786,nan,nan,0,-0.426098,0.504975,-0.549299,-18.779,0.276951,0.241912,nan,nan,0,-0.454939,-0.14159,-2.94506,-12.4754,-0.437469,nan,-5.93819,-14.2053,1,1.04801,0.155373,-0.624745,4.96968,0.524006,nan,11.9961,9.56422,1,-0.829804,-0.492511,-2.01001,-6.76434,-0.814902,-1.01846,nan,nan,0,0.00216143,-0.0211887,-0.438826,13.8462,-0.0489193,0.135358,nan,nan,0,-0.139107,0.328756,-1.24897,0.21978,0.240446,0.179941,nan,nan,0,0.396226,0.748498,3.51981,8.86447,0.688113,1.03403,nan,nan,0,-0.0841532,-0.236557,-0.609961,-0.711702,-0.252077,nan,0.371772,-1.00339,1,0.0697925,-0.0575451,-1.14524,4.30668,0.0348962,nan,4.4911,5.46345,1,0,0.947275,0.005581,0.008105,0.320269,-0.58655,0.167451,-0.629939,0.911101,0.146154,4.72365
1787645124406322192,0.899527,0.436864,0.581612,0.397049,0.4,-0,0.0252264,0.00687082,0.0120838,0.647739,-0.896969,0.191718,-0.289752,-0.331728,0.54716,-0.0276184,2.12454,0.234136,0.436538,nan,nan,0,-0.592359,-0.0231061,-1.5006,-29.7192,-0.246179,-0.889056,nan,nan,0,-0.220795,-0.240743,0.0828552,-9.05983,-0.420397,-0.591149,nan,nan,0,-0.390995,0.498264,-0.66591,-26.0562,0.294502,0.261872,nan,nan,0,-0.250527,-0.176421,-3.68323,-16.1119,-0.335263,nan,-0.0346294,-9.60874,1,0.909064,0.155436,-0.211416,10.1063,0.454532,nan,9.29001,11.7641,1,-0.717672,-0.514371,-2.24323,-6.76434,-0.758836,-0.919457,nan,nan,0,-0.280164,-0.0261741,-0.469513,6.47131,-0.190082,0.0506958,nan,nan,0,-0.12881,0.308431,-2.18185,3.2967,0.245595,0.210804,nan,nan,0,0.177993,0.784164,3.56891,-1.44078,0.578997,0.866313,nan,nan,0,0.00299877,-0.242739,-0.681128,-0.709906,-0.208501,nan,2.22004,-0.373688,1,0.127718,-0.0599004,0.157362,3.6871,0.0638591,nan,3.47674,4.61248,1,0,0.947994,0.001334,0.006821,0.31821,-0.896969,0.191718,-0.289752,2.29322,-3.89893,0.976438
1787645124416437733,0.940859,0.338799,0.581646,0.397108,0.4,-0,0.0252264,-0.00183125,0.0140526,0.646167,-0.754086,0.127474,-0.0814449,-0.229944,0.547352,0.00920582,-2.27106,0.285028,0.295874,nan,nan,0,-0.423917,-0.0382543,-1.43309,-36.1172,-0.161958,-0.580219,nan,nan,0,-0.0279089,-0.241318,0.0767183,-14.188,-0.323954,-0.563933,nan,nan,0,-0.35902,0.494812,-0.168779,-31.3797,0.31049,0.279922,nan,nan,0,-0.170185,-0.205534,-2.52747,-15.3204,-0.295092,nan,0.656651,-4.48193,1,0.899633,0.145538,-1.64434,13.724,0.449816,nan,11.5949,11.6727,1,-0.631971,-0.537381,-2.31074,-4.27351,-0.715985,-0.825405,nan,nan,0,-0.405028,-0.0296254,-0.291528,0.952377,-0.252514,-0.0651643,nan,nan,0,-0.12265,0.29194,-1.40854,2.3199,0.248675,0.234631,nan,nan,0,0.166918,0.818487,3.33569,-11.746,0.573459,0.702004,nan,nan,0,0.0587795,-0.249097,-0.671773,-0.713518,-0.18061,nan,3.40471,0.812175,1,0.145483,-0.0499691,1.28953,3.16411,0.0727414,nan,1.74702,3.57665,1,0,0.948235,-0.003099,0.006372,0.31749,-0.754086,0.127474,-0.0814449,-0.30434,1.65721,4.24895
1787645124426388221,0.971539,0.236878,0.58168,0.397166,0.4,-0,0.0252264,-0.00450578,0.0135532,0.644146,0.149709,-0.20069,-0.327732,0.0219603,0.54716,-0.0337563,-6.37363,0.41098,0.248013,nan,nan,0,-1.08525,-0.0489926,-0.880719,-27.7656,-0.492627,-0.313517,nan,nan,0,-0.476394,-0.233648,1.12008,-16.5812,-0.548197,-0.455595,nan,nan,0,-0.403587,0.495963,0.21174,-27.2283,0.288206,0.296663,nan,nan,0,-0.468546,-0.222789,-1.09973,-8.44737,-0.444273,nan,-6.10236,-1.05941,1,1.0806,0.123279,-2.24326,11.5967,0.540299,nan,15.8755,11.7415,1,-0.538162,-0.560199,-2.23709,-3.49207,-0.669081,-0.755598,nan,nan,0,-0.293804,-0.0305843,0.00306892,-4.27351,-0.196902,-0.175215,nan,nan,0,-0.0632938,0.285229,-0.217878,-1.3431,0.278353,0.246914,nan,nan,0,0.208936,0.847825,2.72808,-24.4933,0.594468,0.599537,nan,nan,0,-0.00958477,-0.25553,-0.640654,0.711699,-0.214792,nan,2.3868,2.22798,1,0.154517,-0.0314888,2.07314,2.62191,0.0772583,nan,0.152699,2.27751,1,0,0.948552,-0.004282,0.005715,0.31654,0.149709,-0.20069,-0.327732,1.25817,4.19305,14.0753
1787645124436479199,0.991216,0.132255,0.581713,0.397222,0.4,-0,0.0252264,-0.00458019,0.0142207,0.639523,-0.306385,0.475008,-0.55683,-0.594927,0.546201,-0.11968,-6.2271,0.102536,0.294901,nan,nan,0,-1.04551,-0.054553,-0.463376,-11.8926,-0.472757,-0.281337,nan,nan,0,-0.850095,-0.218116,1.58652,-14.188,-0.735047,-0.437645,nan,nan,0,-0.42277,0.499414,0.377452,-22.7839,0.278615,0.30029,nan,nan,0,-0.243293,-0.223261,-0.018824,-4.38038,-0.331647,nan,-3.76528,-1.93542,1,1.06912,0.0996036,-2.00265,10.617,0.534558,nan,16.0526,13.3487,1,-0.500782,-0.581292,-2.06524,-1.53846,-0.650391,-0.703747,nan,nan,0,-0.294121,-0.0302005,0.0276184,-4.95727,-0.19706,-0.222064,nan,nan,0,-0.172324,0.287338,0.131955,-1.44078,0.223838,0.260303,nan,nan,0,0.232262,0.869493,1.89339,-29.1819,0.606131,0.568586,nan,nan,0,-0.0465904,-0.261891,-0.493796,1.705,-0.233295,nan,1.74154,2.83768,1,0.112671,-0.00920792,2.56503,1.67567,0.0563354,nan,-1.88124,0.80059,1,0,0.949278,-0.004409,0.00603,0.314347,-0.306385,0.475008,-0.55683,-0.365427,-5.88163,11.6128
1787645124446290982,0.999659,0.0261148,0.581745,0.397278,0.4,-0,-0.0635901,-0.0115872,0.0178909,0.634871,-0.634171,0.482274,-0.327504,-0.839442,0.544092,-0.230153,-5.05495,-0.0197209,0.262963,nan,nan,0,-0.704103,-0.057621,-0.266977,-10.1343,-0.302051,-0.370941,nan,nan,0,-0.497694,-0.206419,0.837758,-9.25519,-0.558847,-0.548238,nan,nan,0,-0.385552,0.502291,0.23629,-18.1441,0.297224,0.29213,nan,nan,0,-0.0185053,-0.219327,0.690795,-3.30638,-0.219253,nan,-1.03358,-3.75051,1,0.958244,0.0911625,-0.324449,10.8344,0.479122,nan,12.1255,14.8725,1,-0.691155,-0.60085,-1.86271,-1.97802,-0.745578,-0.668153,nan,nan,0,-0.430159,-0.0305843,-0.046031,-6.27595,-0.265079,-0.221257,nan,nan,0,-0.114718,0.284462,-0.463376,0.610504,0.252641,0.254801,nan,nan,0,0.177561,0.883491,1.19987,-28.0098,0.578781,0.57756,nan,nan,0,-0.0151672,-0.263913,-0.28137,1.81581,-0.217584,nan,2.04357,2.52796,1,0.0968063,0.020917,2.78874,0.799723,0.0484031,nan,-3.35852,-0.874717,1,0,0.949968,-0.008296,0.00669,0.312163,-0.634171,0.482274,-0.327504,-3.92493,-7.32115,9.34785
1787645124456401655,0.996768,-0.0803392,0.581777,0.397332,0.4,-0,-0.0635901,-0.0155955,0.0234224,0.632841,-0.389645,0.245972,-0.130037,-0.577819,0.541408,-0.28539,-7.30159,0.111091,0.13652,nan,nan,0,-0.625056,-0.0597305,-0.162642,-13.9438,-0.262528,-0.387372,nan,nan,0,-0.237792,-0.206228,-0.28539,-10.0366,-0.428896,-0.609735,nan,nan,0,-0.379146,0.502674,-0.0644426,-16.3858,0.300427,0.289535,nan,nan,0,-0.11666,-0.212947,0.879633,-5.26172,-0.26833,nan,-3.25785,-3.47896,1,0.915035,0.102544,1.63652,12.1773,0.457518,nan,8.19443,13.9975,1,-0.696627,-0.617149,-1.5497,-2.51526,-0.748313,-0.681701,nan,nan,0,-0.509874,-0.0317345,-0.125817,-6.08059,-0.304937,-0.231342,nan,nan,0,-0.073494,0.281586,-0.101268,-0.512817,0.273253,0.247597,nan,nan,0,0.143193,0.890969,0.579986,-24.1514,0.561596,0.584908,nan,nan,0,0.0221936,-0.263667,-0.0162117,1.59414,-0.198903,nan,2.29104,2.10878,1,0.0989566,0.0508755,2.82099,-0.665497,0.0494783,nan,-4.2734,-2.51905,1,0,0.950232,-0.011054,0.008703,0.311223,-0.389645,0.245972,-0.130037,-5.28608,1.74199,3.54293
1787645124466366919,0.982569,-0.185899,0.581808,0.397386,0.4,-0,-0.0635901,-0.017442,0.0269962,0.629271,-0.0202971,0.207185,-0.603128,-0.369437,0.538148,-0.316077,-11.7949,0.215282,0.0714249,nan,nan,0,-0.840092,-0.060689,-0.0644426,-15.6532,-0.370046,-0.336644,nan,nan,0,-0.573276,-0.213131,-0.702735,-11.7949,-0.596638,-0.557689,nan,nan,0,-0.424863,0.50114,-0.150367,-20.3419,0.277569,0.293688,nan,nan,0,-0.335771,-0.199805,1.43072,-6.3556,-0.377886,nan,-8.37891,-3.11735,1,0.986802,0.129115,3.15046,12.9682,0.493401,nan,6.20291,10.8502,1,-0.506689,-0.630955,-1.29806,-1.53846,-0.653344,-0.7172,nan,nan,0,-0.363807,-0.0330768,-0.125817,-8.81563,-0.231904,-0.26325,nan,nan,0,-0.125089,0.281586,-0.0214806,-0.903542,0.247456,0.254981,nan,nan,0,0.11051,0.892887,0.0153437,-22.0024,0.545255,0.578042,nan,nan,0,-0.0358275,-0.263197,0.210363,1.88285,-0.227914,nan,0.919355,1.98981,1,0.0859094,0.074277,2.39194,-1.54208,0.0429547,nan,-4.52757,-3.74478,1,0,0.950749,-0.012469,0.010136,0.309542,-0.0202971,0.207185,-0.603128,-2.99962,-0.744922,4.45945
1787645124476650564,0.957218,-0.289368,0.581839,0.397438,0.4,-0,-0.0635901,-0.0159853,0.0281268,0.622055,0.240078,-0.0456394,-0.831048,0.015451,0.534888,-0.322214,-12.8205,0.407726,0.109512,nan,nan,0,-1.01863,-0.0599222,0.168778,-17.265,-0.459314,-0.322904,nan,nan,0,-0.828029,-0.215048,0.0828552,-12.7228,-0.724015,-0.536323,nan,nan,0,-0.549874,0.500181,-0.0767183,-23.0769,0.215063,0.290442,nan,nan,0,-0.612852,-0.180379,1.98023,-3.14794,-0.516426,nan,-14.732,-5.12031,1,1.00082,0.164484,2.77011,12.5578,0.500408,nan,5.92254,7.5975,1,-0.307817,-0.642652,-1.14463,-1.3431,-0.553908,-0.710065,nan,nan,0,-0.205587,-0.0340357,-0.0889931,-9.64591,-0.152793,-0.267646,nan,nan,0,-0.200377,0.281586,0.00920582,-0.903542,0.209812,0.257316,nan,nan,0,0.0744627,0.889435,-0.494062,-18.2418,0.527231,0.562893,nan,nan,0,-0.0976958,-0.260619,0.393274,0.975437,-0.258848,nan,-0.527935,1.57423,1,0.0712774,0.0917434,1.69593,-2.67151,0.0356387,nan,-4.22703,-4.37119,1,0,0.95186,-0.011912,0.010942,0.306104,0.240078,-0.0456394,-0.831048,-2.17844,3.07803,4.32043
1787645124486336224,0.920998,-0.389568,0.581869,0.397489,0.4,-0,-0.0635901,-0.0120886,0.0273633,0.613376,0.504032,-0.187887,-0.910864,0.298639,0.531628,-0.352901,-9.84127,0.54932,0.233945,nan,nan,0,-1.16465,-0.0558953,0.494062,-16.5324,-0.532326,-0.372048,nan,nan,0,-0.796044,-0.212364,0.242428,-11.453,-0.708022,-0.602307,nan,nan,0,-0.657266,0.500565,0.0767183,-22.6862,0.161367,0.262833,nan,nan,0,-0.782489,-0.165676,1.28301,-0.447414,-0.601245,nan,-17.1694,-9.48907,1,0.946045,0.175197,0.712735,10.9364,0.473022,nan,7.86565,6.18822,1,-0.190419,-0.653198,-1.00961,-0.170937,-0.49521,-0.647836,nan,nan,0,-0.106099,-0.0346107,-0.0398932,-8.76679,-0.10305,-0.225214,nan,nan,0,-0.189552,0.283311,0.279252,-2.02686,0.215224,0.24078,nan,nan,0,0.132015,0.881381,-0.954369,-15.8974,0.556007,0.544701,nan,nan,0,-0.1556,-0.254228,0.534927,1.0233,-0.2878,nan,-1.97743,0.573641,1,-0.000957556,0.104472,0.703759,-3.028,-0.000478778,nan,-4.20418,-4.3522,1,0,0.953207,-0.009892,0.011218,0.301948,0.504032,-0.187887,-0.910864,-2.10504,-1.22052,10.3957
1787645124496498172,0.874314,-0.48536,0.581898,0.397539,0.4,-0,0.102426,-0.00693291,0.0250659,0.603839,0.598956,-0.0554795,-0.89892,0.309502,0.527602,-0.408138,-6.12943,0.554751,0.396104,nan,nan,0,-1.02185,-0.0497594,0.616811,-13.8462,-0.460927,-0.450679,nan,nan,0,-0.717706,-0.215623,-0.66591,-9.84127,-0.668853,-0.673152,nan,nan,0,-0.630904,0.500948,-0.00306892,-21.221,0.174548,0.21509,nan,nan,0,-0.795083,-0.161819,-0.0483702,-5.02239,-0.607541,nan,-15.5277,-13.6822,1,0.86892,0.16596,-1.15991,7.96008,0.43446,nan,9.79486,7.12905,1,0.000975184,-0.662786,-0.942094,1.44078,-0.399512,-0.567,nan,nan,0,0.0348715,-0.0349946,-0.0337563,-7.25275,-0.0325643,-0.162786,nan,nan,0,-0.0180094,0.285613,0.14423,-1.73382,0.300995,0.223429,nan,nan,0,-0.00604622,0.868534,-1.4024,-13.6508,0.486977,0.540852,nan,nan,0,-0.254356,-0.250042,0.569366,0.667944,-0.337178,nan,-3.90379,-0.767309,1,-0.0866704,0.102125,-0.308903,-3.05112,-0.0433352,nan,-3.90045,-3.97912,1,0,0.954673,-0.007036,0.010935,0.29737,0.598956,-0.0554795,-0.89892,-0.460654,-1.32715,13.6853
1787645124506296216,0.817693,-0.575655,0.581927,0.397589,0.4,-0,0.102426,-0.00160126,0.0264333,0.597177,0.500405,0.236864,-0.467092,-0.144039,0.523575,-0.389727,-3.15018,0.327981,0.512446,nan,nan,0,-0.67172,-0.0440063,0.549299,-16.4347,-0.28586,-0.486482,nan,nan,0,-0.336599,-0.22732,-1.38399,-9.30403,-0.478299,-0.69442,nan,nan,0,-0.473995,0.499606,-0.21174,-21.5629,0.253002,0.181421,nan,nan,0,-0.498807,-0.170439,-1.18383,-9.26914,-0.459403,nan,-8.338,-15.4635,1,0.747916,0.15095,-1.56633,7.93065,0.373958,nan,9.03973,8.94437,1,0.173465,-0.671607,-0.843896,2.51526,-0.313267,-0.480545,nan,nan,0,0.107072,-0.035378,-0.046031,-4.27351,0.00353598,-0.0950828,nan,nan,0,0.319234,0.285037,-0.113543,-1.48962,0.469617,0.243458,nan,nan,0,-0.373622,0.85166,-1.81975,-9.89011,0.303189,0.524506,nan,nan,0,-0.319451,-0.244146,0.506417,-0.744169,-0.369725,nan,-5.15488,-2.37186,1,-0.135335,0.0948443,-1.16979,-2.99972,-0.0676676,nan,-3.12067,-3.56422,1,0,0.955665,-0.004653,0.012396,0.294156,0.500405,0.236864,-0.467092,1.22399,-0.97775,11.2018
1787645124516273388,0.751772,-0.659423,0.581955,0.397637,0.4,-0,0.102426,0.00208697,0.0288692,0.59308,0.238406,0.314023,-0.382454,-0.498713,0.520315,-0.266977,-3.05251,0.150643,0.487445,nan,nan,0,-0.0422355,-0.0394044,0.432689,-16.4835,0.0288823,-0.424882,nan,nan,0,-0.232846,-0.244003,-1.71541,-8.86447,-0.426423,-0.62485,nan,nan,0,-0.465655,0.494812,-0.481788,-25.7631,0.257173,0.195372,nan,nan,0,-0.221544,-0.1874,-1.84951,-14.1259,-0.320772,nan,-1.89376,-13.1555,1,0.634731,0.132979,-2.01583,9.89753,0.317365,nan,8.55534,9.86549,1,0.319429,-0.679085,-0.672048,3.83395,-0.240286,-0.391267,nan,nan,0,0.206588,-0.035953,-0.0705805,-2.02686,0.0532942,-0.0358792,nan,nan,0,0.36338,0.283695,-0.138092,-0.757019,0.49169,0.331656,nan,nan,0,-0.630674,0.830951,-2.16958,-8.27839,0.174663,0.441898,nan,nan,0,-0.404229,-0.242384,0.394631,-1.9238,-0.412115,nan,-6.53252,-3.94357,1,-0.152224,0.0742901,-1.89418,-2.57241,-0.0761118,nan,-1.67078,-3.01641,1,0,0.956257,-0.00322,0.014109,0.292168,0.238406,0.314023,-0.382454,-0.910294,-1.48344,6.80581
1787645124526467336,0.677297,-0.73571,0.581982,0.397684,0.4,-0,0.102426,0.00257966,0.0309108,0.590084,0.045501,0.106814,-0.205467,-0.378571,0.518973,-0.0767183,-4.0293,0.210714,0.345077,nan,nan,0,0.445636,-0.035378,0.420414,-18.3883,0.272818,-0.238278,nan,nan,0,-0.0503188,-0.258192,-1.22441,-8.62027,-0.335159,-0.518481,nan,nan,0,-0.542468,0.490019,-0.438826,-27.9609,0.218766,0.228483,nan,nan,0,-0.156464,-0.202397,-1.58895,-14.8002,-0.288232,nan,-0.620814,-7.87581,1,0.518933,0.104073,-2.83815,10.6143,0.259466,nan,8.91901,9.90409,1,0.376836,-0.684262,-0.438826,6.08059,-0.211582,-0.307218,nan,nan,0,0.23815,-0.0367203,-0.0767183,-0.122101,0.069075,0.014216,nan,nan,0,0.406023,0.281969,-0.113543,1.92918,0.513011,0.428459,nan,nan,0,-0.839931,0.807174,-2.47031,-12.9182,0.0700346,0.311253,nan,nan,0,-0.606912,-0.238695,0.16848,-2.94188,-0.513456,nan,-9.86935,-5.36985,1,-0.15647,0.0539615,-2.48443,-2.38466,-0.078235,nan,-0.239244,-2.12276,1,0,0.95668,-0.00326,0.015162,0.290726,0.045501,0.106814,-0.205467,1.89207,2.01241,6.27764
1787645124536406888,0.595111,-0.803644,0.582009,0.39773,0.4,-0,0.102426,0.00420022,0.0313118,0.588016,0.32108,0.136472,-0.251133,-0.351219,0.518781,-0.0337563,-4.61539,0.224391,0.234023,nan,nan,0,0.569973,-0.0294337,0.629086,-10.1343,0.334987,0.0185431,nan,nan,0,0.123516,-0.262986,-0.046031,-8.86447,-0.248242,-0.417247,nan,nan,0,-0.43968,0.486951,-0.21174,-26.0562,0.27016,0.238327,nan,nan,0,0.0629118,-0.217668,-0.92678,-9.33535,-0.178544,nan,2.75951,-3.22168,1,0.363005,0.0755144,-3.04522,9.67904,0.181503,nan,7.74748,9.72989,1,0.390369,-0.686755,-0.138092,7.54578,-0.204815,-0.244364,nan,nan,0,0.361963,-0.0372953,-0.0276184,0.463982,0.130982,0.0509791,nan,nan,0,0.384376,0.283503,0.279252,4.22466,0.502188,0.490147,nan,nan,0,-0.812153,0.776686,-2.93062,-17.9976,0.0839233,0.178014,nan,nan,0,-0.73884,-0.241062,-0.189559,-4.0322,-0.57942,nan,-11.5582,-7.31584,1,-0.197093,0.0205061,-2.95882,-1.91326,-0.0985464,nan,0.866657,-0.888373,1,0,0.95698,-0.002527,0.015592,0.289723,0.32108,0.136472,-0.251133,4.15727,4.64544,11.0655
1787645124546492136,0.506145,-0.862448,0.582036,0.397776,0.4,-0,-0.0115785,0.00799095,0.0332871,0.584342,0.393674,0.329344,-0.446619,-0.332326,0.517823,-0.125817,-5.10378,0.233837,0.199958,nan,nan,0,0.640181,-0.0229144,0.757972,-3.15018,0.37009,0.226886,nan,nan,0,0.16213,-0.259726,0.426551,-6.61783,-0.228935,-0.323757,nan,nan,0,-0.132759,0.485991,-0.0521679,-25.6166,0.42362,0.248148,nan,nan,0,0.326586,-0.220056,-0.323992,-5.44766,-0.0467072,nan,6.55319,0.185707,1,0.225591,0.0467972,-2.63893,8.74598,0.112796,nan,5.93834,9.08044,1,0.316997,-0.686563,0.0828552,8.03419,-0.241502,-0.210766,nan,nan,0,0.718408,-0.0372953,-0.00306892,3.68742,0.309204,0.0894196,nan,nan,0,0.269054,0.287147,0.438826,5.20146,0.444527,0.512793,nan,nan,0,-0.599522,0.750799,-3.34183,-24.4933,0.190239,0.0970474,nan,nan,0,-0.732824,-0.245291,-0.555208,-5.70081,-0.576412,nan,-10.7564,-9.50598,1,-0.300784,-0.00767791,-3.07084,-0.948286,-0.150392,nan,0.324834,0.333955,1,0,0.957499,-0.000968,0.017088,0.287926,0.393674,0.329344,-0.446619,2.59512,0.635662,10.6367
1787645124556391613,0.411408,-0.911451,0.582062,0.39782,0.4,-0,-0.0115785,0.0108791,0.0366902,0.580319,0.28913,0.38433,-0.344973,-0.327781,0.514946,-0.359039,-3.49207,0.236109,0.206806,nan,nan,0,0.53844,-0.0140939,0.948232,0.903542,0.31922,0.342264,nan,nan,0,0.226754,-0.255891,0.352901,-2.95483,-0.196623,-0.257366,nan,nan,0,-0.0262575,0.485608,-0.046031,-22.735,0.476871,0.311464,nan,nan,0,0.409916,-0.218167,0.379701,-2.19559,-0.00504214,nan,6.88982,3.31795,1,0.138531,0.0282099,-1.35873,6.86776,0.0692655,nan,3.26977,7.58251,1,0.46477,-0.683878,0.359039,7.98535,-0.167615,-0.211416,nan,nan,0,1.01516,-0.0378704,-0.0583057,5.34798,0.457582,0.177631,nan,nan,0,0.372423,0.293474,0.678185,4.81075,0.496211,0.494428,nan,nan,0,-0.482672,0.710148,-3.91261,-22.1978,0.248664,0.105592,nan,nan,0,-0.596459,-0.251352,-1.14804,-6.90049,-0.50823,nan,-7.26866,-10.6314,1,-0.43839,-0.0325808,-2.94373,0.00965143,-0.219195,nan,-1.18283,0.837317,1,0,0.958051,-3.7e-05,0.019133,0.285957,0.28913,0.38433,-0.344973,-2.18129,0.563622,8.97212
1787645124566362288,0.311977,-0.95009,0.582087,0.397864,0.4,-0,-0.0115785,0.0148926,0.0415167,0.577679,0.416905,0.395557,-0.143484,-0.228242,0.50996,-0.561574,-3.49207,0.285879,0.222672,nan,nan,0,0.304234,-0.00316381,1.17532,5.9829,0.202117,0.367258,nan,nan,0,0.208239,-0.252631,0.371314,-1.73382,-0.205881,-0.216679,nan,nan,0,0.0760489,0.485416,0.00920582,-17.3626,0.528024,0.399687,nan,nan,0,0.360555,-0.211974,1.13097,0.969201,-0.0297223,nan,4.68235,5.51503,1,0.0706956,0.0282497,0.00125218,5.85107,0.0353478,nan,0.211065,5.16378,1,0.660387,-0.678509,0.635223,8.03419,-0.0698066,-0.202155,nan,nan,0,1.1811,-0.0378704,0.0398932,6.56898,0.540548,0.312526,nan,nan,0,0.599743,0.300377,0.843896,2.85714,0.609872,0.482407,nan,nan,0,-0.455822,0.671607,-4.37291,-12.381,0.262089,0.168499,nan,nan,0,-0.478636,-0.267559,-1.92614,-7.70054,-0.449318,nan,-3.47233,-9.51543,1,-0.589873,-0.0611659,-2.58576,0.671206,-0.294936,nan,-3.13448,0.324439,1,0,0.958385,0.001224,0.022017,0.284623,0.416905,0.395557,-0.143484,-2.84513,3.52495,4.56668
1787645124576330066,0.20898,-0.97792,0.582112,0.397907,0.4,-0,-0.0115785,0.020385,0.045551,0.576798,0.615555,0.236695,-0.115232,-0.0403498,0.503057,-0.708872,-3.88278,0.379825,0.249581,nan,nan,0,0.0925395,0.0106421,1.42081,5.05495,0.0962697,0.311277,nan,nan,0,0.116754,-0.246879,0.647498,-1.53846,-0.251623,-0.199994,nan,nan,0,0.223546,0.486183,0.131955,-10.5739,0.601773,0.476079,nan,nan,0,0.266975,-0.195272,1.61777,4.07611,-0.0765126,nan,1.72993,5.69133,1,0.0371027,0.032331,1.09484,3.46293,0.0185513,nan,-2.05565,2.22561,1,0.635884,-0.670648,0.843896,8.47375,-0.082058,-0.151053,nan,nan,0,1.2083,-0.0363364,0.23629,9.59707,0.554152,0.443994,nan,nan,0,0.620804,0.312649,1.17532,1.68498,0.620402,0.523305,nan,nan,0,-0.454847,0.620792,-4.66137,-9.10867,0.262576,0.227753,nan,nan,0,-0.515731,-0.289663,-2.61169,-6.6598,-0.467865,nan,-2.31956,-6.50867,1,-0.628751,-0.0875651,-2.4628,0.199672,-0.314375,nan,-3.1101,-1.06813,1,0,0.958467,0.003292,0.02473,0.284107,0.615555,0.236695,-0.115232,-2.35371,2.13573,6.44999
1787645124586339233,0.10359,-0.99462,0.582137,0.397949,0.4,-0,-0.0115785,0.0289889,0.0483907,0.576073,0.982795,0.15951,0.00888205,0.11556,0.495388,-0.837758,-5.29915,0.45778,0.3048,nan,nan,0,0.0589926,0.0257907,1.54356,10.9157,0.0794963,0.209284,nan,nan,0,0.00713934,-0.239401,0.813209,-1.73382,-0.30643,-0.213851,nan,nan,0,0.306553,0.48906,0.371314,-10.7204,0.643277,0.544409,nan,nan,0,0.184406,-0.178531,1.95932,3.86525,-0.117797,nan,-0.813287,3.99182,1,0.0249621,0.0511987,1.91237,1.65928,0.0124811,nan,-4.03009,-0.661391,1,0.775491,-0.66106,0.978919,12.7717,-0.0122543,-0.102332,nan,nan,0,0.964785,-0.0319266,0.537024,14.188,0.432392,0.5278,nan,nan,0,0.637,0.324154,0.960506,5.34798,0.6285,0.579437,nan,nan,0,-0.475064,0.57995,-3.59346,-41.8803,0.252468,0.25926,nan,nan,0,-0.428829,-0.303789,-0.653874,-17.7803,-0.424414,nan,-3.24109,-3.76965,1,-0.604465,-0.0938513,0.568115,-5.96117,-0.302232,nan,-7.1036,-2.62118,1,0,0.958521,0.007021,0.02731,0.283621,0.982795,0.15951,0.00888205,-4.14985,3.76184,8.18958
1787645124596389917,-0.00299409,-0.999996,0.582161,0.39799,0.4,-0,-0.24845,0.0376186,0.0482241,0.577019,0.0162752,-0.402493,0.36715,0.217808,0.486951,-0.739559,-2.75946,0.508904,0.380761,nan,nan,0,0.00531206,0.0392127,1.09553,6.95971,0.052656,0.12315,nan,nan,0,-0.0933131,-0.234991,-0.138092,2.0757,-0.356657,-0.25382,nan,nan,0,0.433964,0.496922,0.776384,-1.63614,0.706982,0.603012,nan,nan,0,0.186847,-0.159713,1.47589,6.67092,-0.116577,nan,-0.704045,1.43577,1,-0.0538789,0.0662837,0.799391,1.39404,-0.0269394,nan,-3.99578,-2.93084,1,0.267307,-0.647829,1.3533,4.42002,-0.266347,-0.0583432,nan,nan,0,1.40361,-0.0257907,0.555436,19.9512,0.651803,0.522098,nan,nan,0,1.05322,0.326838,0.00920582,9.59707,0.836608,0.616442,nan,nan,0,-0.563387,0.553296,-1.97932,-31.0378,0.208306,0.265174,nan,nan,0,-0.81207,-0.290264,2.41511,-11.977,-0.616035,nan,-15.0247,-3.34958,1,-0.973601,-0.0627046,3.88908,-6.19218,-0.486801,nan,-18.5565,-5.5257,1,0,0.958349,0.011167,0.028459,0.283956,0.0162752,-0.402493,0.36715,8.50671,-4.31314,21.079
1787645124606465877,-0.109559,-0.99398,0.582184,0.39803,0.4,-0,-0.24845,0.0296406,0.0481977,0.58652,-0.327923,0.998795,1.14843,0.0963148,0.47928,-0.757972,-1.24542,0.448157,0.453764,nan,nan,0,0.257431,0.049376,0.954369,2.27106,0.178716,0.0721952,nan,nan,0,0.212293,-0.242661,-0.672048,1.39194,-0.203853,-0.305507,nan,nan,0,0.336039,0.502674,0.629086,6.37363,0.65802,0.657768,nan,nan,0,0.251351,-0.147284,1.02372,2.52747,-0.0843246,nan,0.668002,-0.261523,1,-0.166538,0.062683,-0.288793,-1.90323,-0.083269,nan,-3.94537,-3.77401,1,1.88166,-0.630955,1.7952,3.34554,0.540832,-0.105685,nan,nan,0,2.28026,-0.0198464,0.604536,18.3883,1.09013,0.548845,nan,nan,0,2.22101,0.328564,0.346765,8.13187,1.4205,0.700479,nan,nan,0,-0.337887,0.538148,-1.42081,-17.0696,0.321057,0.246234,nan,nan,0,0.369539,-0.257706,3.44572,-4.77889,-0.0252305,nan,2.96805,-7.81311,1,-1.28985,-0.0124949,4.67519,-5.57656,-0.644924,nan,-25.9857,-11.7208,1,0,0.957026,0.007218,0.027348,0.288617,-0.327923,0.998795,1.14843,-0.677201,7.01404,32.7331
1787645124616446550,-0.21489,-0.976638,0.582207,0.398069,0.4,-0,-0.24845,0.0354379,0.0582425,0.596135,0.842705,0.618526,0.685152,0.513591,0.472953,-0.696597,-0.610504,0.656795,0.479472,nan,nan,0,0.258405,0.0570459,0.850033,0.21978,0.179203,0.0911676,nan,nan,0,-0.325057,-0.24592,-0.28539,-0.415138,-0.472529,-0.294241,nan,nan,0,0.332623,0.508043,0.579986,9.79243,0.656311,0.679453,nan,nan,0,-0.118492,-0.139115,1.02348,0.0924917,-0.269246,nan,-6.08982,-0.441809,1,0.0551366,0.0575254,-0.874961,-2.57334,0.0275683,nan,0.413729,-3.8041,1,2.30956,-0.613122,2.07138,5.68987,0.754781,0.0666342,nan,nan,0,1.88982,-0.0137105,0.757972,15.5556,0.894911,0.748354,nan,nan,0,1.84025,0.33681,1.21214,6.81319,1.23013,0.977686,nan,nan,0,-0.325779,0.526259,-1.55584,-10.6227,0.327111,0.259604,nan,nan,0,0.578236,-0.228624,2.98183,-5.66649,0.0791179,nan,6.29824,-6.97287,1,-1.1694,0.0244567,3.10787,-8.79402,-0.584698,nan,-22.9365,-19.2849,1,0,0.955501,0.00838,0.03303,0.29301,0.842705,0.618526,0.685152,-3.7399,7.91852,8.0161
1787645124626305010,-0.317785,-0.948163,0.58223,0.398108,0.4,-0,-0.24845,0.0453958,0.0660025,0.602365,0.870323,0.40173,0.519333,0.657803,0.466625,-0.592261,0.610504,0.728902,0.538329,nan,nan,0,0.334158,0.0666332,0.991194,-3.2967,0.217079,0.139249,nan,nan,0,-0.486396,-0.246495,0.101268,-2.51526,-0.553198,-0.334494,nan,nan,0,0.113765,0.514562,0.708872,7.30159,0.546883,0.673341,nan,nan,0,-0.16931,-0.130976,0.916447,-0.463634,-0.294655,nan,-7.10342,-2.16504,1,-0.00503643,0.0448928,-1.6422,-2.58327,-0.00251821,nan,1.04097,-2.22481,1,2.06774,-0.590879,2.24323,11.8437,0.63387,0.411995,nan,nan,0,0.833443,-0.00316381,1.15077,20.7326,0.366721,0.900875,nan,nan,0,1.25769,0.360587,2.94289,9.10867,0.938844,1.20112,nan,nan,0,-0.381771,0.508426,-1.82588,-5.44566,0.299115,0.295098,nan,nan,0,0.616031,-0.205695,2.20062,-4.61235,0.0980155,nan,7.32894,-0.823274,1,-1.00567,0.0332354,-0.110003,-14.4126,-0.502837,nan,-15.9172,-22.9464,1,0,0.954442,0.011877,0.038231,0.295697,0.870323,0.40173,0.519333,-7.41551,5.7286,-2.0837
1787645124636299818,-0.417071,-0.908874,0.582252,0.398146,0.4,-0,-0.24845,0.0563612,0.0656687,0.603944,0.989782,-0.409274,-0.224561,0.783088,0.460873,-0.561574,2.36874,0.791544,0.634744,nan,nan,0,0.146809,0.0777545,1.15077,-2.90598,0.123405,0.182782,nan,nan,0,-0.491781,-0.244578,0.107406,-3.2967,-0.555891,-0.438686,nan,nan,0,0.286406,0.523191,0.90527,4.90842,0.633203,0.62804,nan,nan,0,-0.0527645,-0.122799,0.760333,-2.13173,-0.236382,nan,-5.11592,-4.86265,1,-0.0515178,0.0225573,-2.25932,-1.46992,-0.0257589,nan,1.93949,-0.00101859,1,0.527647,-0.566144,2.501,21.4652,-0.136177,0.624132,nan,nan,0,0.494889,0.0110254,1.47605,31.3309,0.197445,0.762791,nan,nan,0,0.383008,0.40258,4.39746,12.8205,0.501504,1.17403,nan,nan,0,-0.417911,0.487334,-1.89339,-6.17827,0.281045,0.310388,nan,nan,0,-0.238578,-0.185022,2.2718,-2.13084,-0.329289,nan,-8.45703,4.43609,1,-0.911283,0.00667685,-3.64761,-18.891,-0.455642,nan,-8.39814,-20.4743,1,0,0.954133,0.017128,0.039706,0.296242,0.989782,-0.409274,-0.224561,-3.14755,-3.60877,-3.67272
1787645124646335269,-0.511613,-0.859216,0.582273,0.398183,0.4,-0,-0.0947406,0.0631107,0.0620898,0.601237,0.636967,-0.11944,-0.249202,1.03206,0.454928,-0.635223,8.71795,0.916029,0.725365,nan,nan,0,0.0715399,0.0886846,1.05871,2.27106,0.0857699,0.179739,nan,nan,0,-0.336074,-0.247646,-0.487926,-4.27351,-0.478037,-0.521269,nan,nan,0,0.750102,0.533738,0.997331,0.952377,0.865051,0.60558,nan,nan,0,0.118032,-0.116649,0.56768,-3.69396,-0.150984,nan,-2.05324,-5.98292,1,0.0108416,1.91284e-05,-2.47638,0.170916,0.00542081,nan,3.87662,1.64235,1,-0.114653,-0.542174,2.38439,32.1123,-0.457327,0.429257,nan,nan,0,1.09205,0.0234895,1.02802,43.1013,0.496025,0.47928,nan,nan,0,0.0726668,0.430001,1.81361,23.2234,0.346333,0.908666,nan,nan,0,-0.29108,0.470843,-1.57425,-9.89011,0.34446,0.302813,nan,nan,0,-0.360569,-0.157919,3.33868,2.00837,-0.390285,nan,-13.1408,1.64456,1,-0.882489,-0.0374845,-3.85103,-23.6282,-0.441244,nan,-6.33626,-14.0691,1,0,0.954507,0.020934,0.038971,0.294886,0.636967,-0.11944,-0.249202,8.47853,-1.97626,7.89033
1787645124656347731,-0.600332,-0.799751,0.582294,0.398219,0.4,-0,-0.0947406,0.065799,0.0561369,0.598127,0.143522,-0.672534,-0.193548,1.31812,0.44745,-0.702735,11.0623,1.05906,0.820931,nan,nan,0,-0.209661,0.0971217,0.794796,5.59219,-0.0548305,0.138616,nan,nan,0,-0.246973,-0.257425,-1.32875,-2.27106,-0.433487,-0.533024,nan,nan,0,1.22737,0.5439,1.06484,-1.0989,1.10368,0.689747,nan,nan,0,0.0630245,-0.114547,0.0934353,-3.90773,-0.178488,nan,-2.37808,-4.76299,1,0.0668914,-0.0263787,-2.22595,1.33251,0.0334457,nan,5.13366,3.00647,1,-0.42882,-0.518781,2.06524,24.2002,-0.61441,-0.00216216,nan,nan,0,1.95488,0.0252151,-0.125817,30.3541,0.927442,0.369309,nan,nan,0,0.109124,0.427891,-0.813209,19.6581,0.364562,0.592636,nan,nan,0,-0.261482,0.456271,-1.28579,-6.37363,0.359259,0.310893,nan,nan,0,-0.202994,-0.126844,2.3296,7.63877,-0.311497,nan,-9.95727,-5.92739,1,-1.00767,-0.0437851,0.956453,-19.7602,-0.503833,nan,-15.2361,-9.48961,1,0,0.954991,0.023157,0.036492,0.293468,0.143522,-0.672534,-0.193548,1.81946,-5.28161,12.0986
1787645124666328739,-0.682212,-0.731154,0.582315,0.398255,0.4,-0,-0.0947406,0.0651823,0.0498636,0.598334,-0.152053,-0.344916,0.29406,1.29111,0.442081,-0.555436,8.71795,1.04556,0.937647,nan,nan,0,-0.251281,0.103833,0.622948,2.3199,-0.0756406,0.0567205,nan,nan,0,-0.277334,-0.276984,-2.12048,-0.317459,-0.448667,-0.49428,nan,nan,0,1.17847,0.554447,1.08939,4.17583,1.07924,0.874364,nan,nan,0,-0.0726551,-0.116533,-0.279105,-3.31654,-0.246328,nan,-4.12415,-3.09247,1,0.0612248,-0.0445201,-1.70189,1.94734,0.0306124,nan,4.80682,4.1944,1,-0.2048,-0.499414,1.93636,5.49451,-0.5024,-0.382711,nan,nan,0,2.19149,0.0204215,-0.537024,16.337,1.04574,0.54575,nan,nan,0,0.510883,0.42118,-0.316077,3.49207,0.565441,0.400528,nan,nan,0,-0.286567,0.44419,-1.43309,-0.610504,0.346716,0.334216,nan,nan,0,-0.108765,-0.118697,0.562844,-1.96437,-0.264383,nan,-5.94327,-10.0312,1,-1.12938,-0.0197647,2.75221,-9.41898,-0.564689,nan,-20.476,-11.0429,1,0,0.955017,0.023785,0.03341,0.2937,-0.152053,-0.344916,0.29406,1.35778,7.06226,23.7799
1787645124676354642,-0.756318,-0.654205,0.582336,0.39829,0.4,-0,-0.0947406,0.0644932,0.0488284,0.600818,0.116475,0.0646448,0.156633,1.25886,0.438054,-0.291528,11.1111,1.02943,1.02156,nan,nan,0,-0.187692,0.109585,0.537024,-0.757019,-0.0438459,-0.0249765,nan,nan,0,-0.310137,-0.299035,-2.13889,0.708183,-0.465069,-0.459818,nan,nan,0,0.976768,0.565568,1.28579,14.9206,0.978384,1.02431,nan,nan,0,-0.203306,-0.122628,-0.627683,-2.44507,-0.311653,nan,-5.67434,-2.75298,1,0.0512512,-0.0500672,-0.875539,2.9201,0.0256256,nan,3.58409,4.69362,1,0.301067,-0.482541,1.81361,1.63614,-0.249466,-0.552677,nan,nan,0,2.12739,0.0163946,-0.28539,15.9951,1.01369,0.815534,nan,nan,0,0.700926,0.421947,0.0644436,0.0732574,0.660463,0.4016,nan,nan,0,-0.222773,0.429234,-1.4515,0.268623,0.378614,0.348248,nan,nan,0,0.248308,-0.118712,-0.362553,-6.82471,-0.085846,nan,1.69415,-9.23958,1,-1.13868,0.00185509,1.7,-8.49106,-0.569342,nan,-19.6859,-15.6592,1,0,0.954667,0.023568,0.032844,0.294917,0.116475,0.0646448,0.156633,2.14264,-0.125677,12.9231
1787645124686339788,-0.821798,-0.569778,0.582356,0.398324,0.4,-0,-0.0947406,0.0663174,0.0477586,0.604024,0.313663,0.00431908,0.543107,1.00999,0.437479,0.0276184,12.4786,0.904993,1.04829,nan,nan,0,0.102973,0.114763,0.518612,-6.86203,0.101487,-0.0591873,nan,nan,0,-0.242572,-0.317635,-1.62949,0.854698,-0.431286,-0.451183,nan,nan,0,0.616025,0.584168,1.85043,20.7326,0.798012,1.05469,nan,nan,0,-0.212641,-0.128799,-0.752358,-2.32181,-0.31632,nan,-5.43473,-3.75716,1,-0.0325442,-0.0544834,-0.0307847,3.18005,-0.0162721,nan,1.19252,4.28539,1,0.647295,-0.465283,1.64176,-2.51526,-0.0763523,-0.486523,nan,nan,0,1.31919,0.0175447,0.316077,20.9768,0.609596,0.983471,nan,nan,0,0.860753,0.42118,-0.0767183,-0.0732574,0.740376,0.513845,nan,nan,0,-0.397427,0.416386,-1.39013,2.71062,0.291287,0.361083,nan,nan,0,0.238267,-0.126973,-1.09782,-5.3289,-0.0908667,nan,2.91046,-4.62052,1,-1.01715,0.00477495,-0.727448,-12.5358,-0.508574,nan,-14.3093,-18.4754,1,0,0.954178,0.024545,0.032642,0.296438,0.313663,0.00431908,0.543107,3.67584,-0.987465,2.98807
1787645124696332682,-0.877904,-0.478837,0.582375,0.398357,0.4,-0,-0.333744,0.0702315,0.0476023,0.609666,0.516317,0.0763902,0.505949,0.912195,0.43978,0.322214,11.4042,0.856097,1.00488,nan,nan,0,0.345859,0.119365,0.4511,-6.03175,0.22293,-0.0123679,nan,nan,0,-0.264523,-0.327222,-0.66591,-1.88034,-0.442261,-0.444969,nan,nan,0,0.427763,0.606411,2.36598,16.4835,0.703881,0.965502,nan,nan,0,-0.134132,-0.137109,-0.926299,-3.2607,-0.277066,nan,-3.50905,-4.78235,1,-0.0947463,-0.0490973,0.835674,2.83136,-0.0473732,nan,-1.20179,2.79379,1,0.650554,-0.450326,1.43923,-2.36874,-0.0747232,-0.297066,nan,nan,0,0.7876,0.0252151,0.960506,23.2723,0.3438,0.907157,nan,nan,0,0.703832,0.421755,0.14423,2.8083,0.661916,0.639362,nan,nan,0,-0.41786,0.403155,-1.26124,2.41758,0.28107,0.344421,nan,nan,0,0.244704,-0.143494,-1.87069,-0.901907,-0.087648,nan,4.76064,0.394815,1,-0.97084,-0.0194559,-2.84334,-16.3164,-0.48542,nan,-9.71393,-17.1426,1,0,0.953289,0.026342,0.033222,0.299067,0.516317,0.0763902,0.505949,-0.364351,-4.42586,1.2887
1787645124706337465,-0.92399,-0.382416,0.582394,0.39839,0.4,-0,-0.333744,0.0746718,0.048104,0.614404,0.224386,-0.0384832,0.43848,0.878188,0.444765,0.586123,9.93895,0.839094,0.929057,nan,nan,0,0.40711,0.122433,0.23629,-1.53846,0.253555,0.0948193,nan,nan,0,-0.299985,-0.333167,-0.647498,-1.05006,-0.459993,-0.440314,nan,nan,0,0.475102,0.632298,2.70353,6.42247,0.727551,0.830541,nan,nan,0,-0.0202452,-0.147548,-1.19951,-3.43155,-0.220123,nan,-0.74084,-4.58946,1,-0.0906163,-0.0365097,1.49962,2.2116,-0.0453081,nan,-2.51338,0.544986,1,0.36151,-0.437671,1.19373,5.49451,-0.219245,-0.141806,nan,nan,0,0.887916,0.0380626,1.36558,28.0098,0.393958,0.655323,nan,nan,0,0.507074,0.424632,0.23629,8.03419,0.563537,0.694019,nan,nan,0,-0.346533,0.39376,-0.788659,-9.45055,0.316733,0.310895,nan,nan,0,0.173928,-0.161957,-1.7707,-2.34899,-0.123036,nan,4.01831,3.77783,1,-0.993155,-0.0510189,-2.89876,-18.4794,-0.496578,nan,-9.01862,-13.239,1,0,0.952515,0.028302,0.034192,0.301239,0.224386,-0.0384832,0.43848,-6.60947,-3.25986,2.96436
1787645124716425355,-0.959527,-0.281615,0.582413,0.398422,0.4,-0,-0.333744,0.072697,0.0433563,0.617786,-0.517926,-0.675682,0.381533,0.769701,0.452627,0.757972,9.89011,0.784851,0.868926,nan,nan,0,0.0738125,0.122241,-0.101268,2.41758,0.0869062,0.193726,nan,nan,0,-0.335347,-0.340837,-0.935957,0.0732574,-0.477673,-0.445954,nan,nan,0,0.694999,0.659142,2.70967,-1.63614,0.8375,0.743125,nan,nan,0,0.0295009,-0.160088,-1.51232,-3.40107,-0.19525,nan,1.03782,-2.92159,1,-0.0292371,-0.022054,1.8365,-0.0210136,-0.0146185,nan,-2.53168,-1.5718,1,-0.541966,-0.426166,1.00347,9.35287,-0.670983,-0.118979,nan,nan,0,1.60223,0.0514851,1.07712,26.6911,0.751113,0.457399,nan,nan,0,0.542076,0.421755,-0.561574,12.9182,0.581038,0.659504,nan,nan,0,-0.292794,0.389349,-0.266977,-12.2344,0.343603,0.299679,nan,nan,0,-0.277113,-0.172126,-0.557758,-0.545579,-0.348556,nan,-5.33843,4.77771,1,-1.0678,-0.0689182,-0.920234,-15.2539,-0.533902,nan,-12.5692,-10.3771,1,0,0.952056,0.028027,0.031682,0.302982,-0.517926,-0.675682,0.381533,1.92188,-5.81113,13.7697
1787645124726375195,-0.984105,-0.177586,0.582431,0.398454,0.4,-0,-0.333744,0.0667162,0.0377448,0.621979,-0.446812,-0.314844,0.489406,0.73967,0.460105,0.770247,9.59707,0.769835,0.821878,nan,nan,0,-0.0631715,0.12109,-0.101268,2.12454,0.0184143,0.192948,nan,nan,0,-0.283152,-0.355793,-1.32261,1.14774,-0.451576,-0.459949,nan,nan,0,0.763743,0.684453,2.43963,-6.52015,0.871871,0.750016,nan,nan,0,-0.0158496,-0.180869,-1.77633,-2.16208,-0.217925,nan,1.36754,-0.64794,1,0.0119797,0.00477591,1.80338,-1.58206,0.00598984,nan,-2.66865,-2.76828,1,-0.485609,-0.416961,0.929819,5.59219,-0.642805,-0.309846,nan,nan,0,1.77431,0.0580049,0.469513,26.3492,0.837156,0.494323,nan,nan,0,0.706706,0.408525,-1.3042,13.5043,0.663353,0.609617,nan,nan,0,-0.293009,0.388582,-0.00920582,-10.5739,0.343496,0.314111,nan,nan,0,-0.255015,-0.170066,0.336716,1.80504,-0.337507,nan,-6.36553,1.28422,1,-1.06863,-0.0655252,0.500711,-11.5185,-0.534315,nan,-14.8148,-10.6882,1,0,0.951524,0.025975,0.02816,0.305177,-0.446812,-0.314844,0.489406,2.46024,3.74762,14.887
1787645124736444390,-0.99744,-0.0715151,0.582449,0.398485,0.4,-0,-0.333744,0.0660321,0.0349276,0.624454,0.268409,-0.211508,0.0039712,0.862244,0.467009,0.770247,8.08303,0.831122,0.787405,nan,nan,0,0.068862,0.12109,0.0767183,-0.0732574,0.084431,0.11828,nan,nan,0,-0.29122,-0.363847,-0.727284,-0.170937,-0.45561,-0.463622,nan,nan,0,0.642974,0.70708,2.16958,-8.13187,0.811487,0.805922,nan,nan,0,-0.0527565,-0.195397,-1.89787,-0.587409,-0.236378,nan,1.41247,1.01349,1,-0.0288966,0.0158591,1.42773,-2.10143,-0.0144483,nan,-3.05081,-3.01374,1,-0.168118,-0.408716,0.899132,1.19658,-0.484059,-0.525035,nan,nan,0,1.2712,0.0593467,0.0767183,21.9536,0.585598,0.657483,nan,nan,0,0.494597,0.399512,-0.831621,9.54823,0.557298,0.609904,nan,nan,0,-0.358476,0.388774,0.0214806,-8.22955,0.310762,0.332071,nan,nan,0,-0.23053,-0.166018,0.536276,1.09219,-0.325265,nan,-6.37807,-3.39701,1,-1.00401,-0.0587501,0.884258,-10.9055,-0.502007,nan,-14.6241,-12.7847,1,0,0.951165,0.026048,0.026748,0.306416,0.268409,-0.211508,0.0039712,-1.19173,5.75489,9.12626
1787645124746323603,-0.999374,0.0353848,0.582467,0.398515,0.4,-0,-0.165066,0.0722786,0.0346082,0.623416,0.634584,-0.12278,-0.120276,0.945001,0.47487,0.825483,6.47131,0.8725,0.79038,nan,nan,0,0.245842,0.123008,0.224015,-1.97802,0.172921,0.0724953,nan,nan,0,-0.220834,-0.365572,0.0214815,-3.93163,-0.420417,-0.459801,nan,nan,0,0.419258,0.729131,1.97932,-5.93407,0.699629,0.832176,nan,nan,0,-0.0481848,-0.211978,-1.8489,0.197124,-0.234092,nan,1.99935,1.74343,1,-0.0736774,0.0219506,0.785528,-1.85564,-0.0368387,nan,-2.94197,-2.88534,1,-0.00676697,-0.399321,0.837758,-2.36874,-0.403383,-0.583706,nan,nan,0,0.536223,0.0595388,0.046031,22.5397,0.218112,0.703178,nan,nan,0,0.10062,0.397403,0.0644436,5.88522,0.36031,0.60139,nan,nan,0,-0.321488,0.389158,0.0214806,-6.17827,0.329256,0.331474,nan,nan,0,-0.0879121,-0.164032,0.0932738,-1.9488,-0.253956,nan,-3.28725,-6.02371,1,-0.863219,-0.0547851,0.218332,-12.0382,-0.43161,nan,-11.6322,-14.2795,1,0,0.951238,0.029082,0.027538,0.305844,0.634584,-0.12278,-0.120276,-3.07134,3.24986,5.51238
1787645124756318607,-0.989882,0.141892,0.582484,0.398545,0.4,-0,-0.165066,0.0774369,0.0327477,0.621514,0.360088,-0.308882,-0.237667,0.863252,0.483499,0.85617,7.15507,0.831626,0.824585,nan,nan,0,0.191628,0.125117,0.181053,-1.63614,0.145814,0.0959741,nan,nan,0,-0.210302,-0.365381,-0.125817,-2.12454,-0.415151,-0.445338,nan,nan,0,0.412437,0.746389,1.87498,-4.12698,0.696219,0.791947,nan,nan,0,0.00695143,-0.228589,-1.61822,0.821472,-0.206524,nan,3.19958,2.02639,1,-0.0631903,0.0282693,0.0812981,-1.84995,-0.0315951,nan,-1.91788,-2.7077,1,-0.422705,-0.39261,0.678185,-4.0293,-0.611353,-0.52303,nan,nan,0,0.461374,0.0612645,0.23629,21.6117,0.180687,0.536593,nan,nan,0,-0.112524,0.402389,0.579986,4.12698,0.253738,0.513205,nan,nan,0,-0.252579,0.389349,0.0214806,-6.56898,0.36371,0.327202,nan,nan,0,-0.229583,-0.16607,-0.469249,-3.56377,-0.324792,nan,-4.8514,-5.72809,1,-0.873829,-0.056805,-0.556835,-13.1583,-0.436915,nan,-10.568,-13.6922,1,0,0.951454,0.031847,0.027412,0.304906,0.360088,-0.308882,-0.237667,-2.0181,-1.08244,7.32841
1787645124766339604,-0.96907,0.246787,0.582501,0.398574,0.4,-0,-0.165066,0.0790892,0.0311254,0.619602,-0.017055,-0.172654,-0.0915172,0.746015,0.492128,0.880719,7.39927,0.773008,0.843127,nan,nan,0,0.174712,0.125884,0.0337563,1.5873,0.137356,0.130833,nan,nan,0,-0.152037,-0.369215,-0.457238,-0.561661,-0.386018,-0.427734,nan,nan,0,0.468515,0.762688,1.73996,-6.08059,0.724258,0.735539,nan,nan,0,0.0391163,-0.243152,-1.42609,1.01401,-0.190442,nan,3.984,2.52115,1,-0.0243997,0.0226806,-0.539979,-1.68033,-0.0121999,nan,-0.236447,-2.20707,1,-0.583837,-0.387048,0.506338,-2.41758,-0.691918,-0.51706,nan,nan,0,0.887724,0.0639486,0.224015,19.6581,0.393862,0.32715,nan,nan,0,-0.0548715,0.406032,0.174916,3.58974,0.282564,0.381655,nan,nan,0,-0.20781,0.389733,0.0398932,-7.30159,0.386095,0.33844,nan,nan,0,-0.319078,-0.174223,-1.12802,-3.72346,-0.369539,nan,-5.14405,-4.73911,1,-0.863059,-0.0658792,-1.17292,-13.1745,-0.43153,nan,-9.21014,-11.9315,1,0,0.951721,0.032907,0.026861,0.304008,-0.017055,-0.172654,-0.0915172,-2.50535,-0.248695,6.97825
1787645124776336313,-0.937171,0.348872,0.582518,0.398602,0.4,-0,-0.165066,0.0780326,0.0294567,0.618892,-0.218828,-0.241906,0.00109242,0.665904,0.50114,0.911407,6.42247,0.732952,0.822795,nan,nan,0,0.161741,0.125117,-0.101268,2.17339,0.13087,0.143945,nan,nan,0,-0.0822035,-0.377269,-1.04029,2.5641,-0.351102,-0.407677,nan,nan,0,0.468104,0.778028,1.45764,-8.86447,0.724052,0.711522,nan,nan,0,0.049101,-0.253561,-1.13866,1.28253,-0.18545,nan,4.0919,3.24117,1,0.00588859,0.0145885,-1.07888,-1.51279,0.00294429,nan,1.26899,-1.15679,1,-0.450735,-0.383213,0.352901,-2.85714,-0.625368,-0.588213,nan,nan,0,1.15464,0.0643325,-0.0337563,13.7973,0.527321,0.273548,nan,nan,0,0.129762,0.400855,-0.813209,3.19902,0.374881,0.296085,nan,nan,0,-0.210871,0.390692,0.138092,-8.32722,0.384565,0.36093,nan,nan,0,-0.257807,-0.186492,-1.39054,-4.1355,-0.338903,nan,-3.24859,-4.39552,1,-0.841809,-0.0759344,-0.877869,-12.7014,-0.420904,nan,-9.0323,-10.2171,1,0,0.951849,0.032668,0.025895,0.303719,-0.218828,-0.241906,0.00109242,-2.37331,1.31758,6.83363
1787645124786373934,-0.894546,0.446975,0.582534,0.39863,0.4,-0,-0.165066,0.0762444,0.0278042,0.620002,-0.226858,-0.163534,0.201359,0.553282,0.510344,0.948232,5.10378,0.676641,0.780104,nan,nan,0,0.188636,0.123583,-0.174916,2.51526,0.144318,0.141805,nan,nan,0,-0.0483378,-0.387623,-0.929819,2.36874,-0.334169,-0.380702,nan,nan,0,0.273087,0.791067,1.05871,-10.3785,0.626543,0.711669,nan,nan,0,0.0448476,-0.263969,-0.860921,1.77971,-0.187576,nan,3.96512,3.81281,1,0.0125404,0.00448644,-1.36429,-0.873094,0.0062702,nan,2.09994,0.243653,1,-0.167662,-0.380529,0.23629,-4.90842,-0.483831,-0.63474,nan,nan,0,0.972884,0.0626068,-0.224015,10.525,0.436442,0.363107,nan,nan,0,0.289457,0.387623,-1.44536,2.3199,0.454729,0.298808,nan,nan,0,-0.20771,0.393376,0.328352,-9.59707,0.386145,0.378332,nan,nan,0,-0.169894,-0.198863,-1.2542,-4.94499,-0.294947,nan,-1.48163,-3.91437,1,-0.810252,-0.0787687,-0.0378313,-11.2829,-0.405126,nan,-9.73397,-9.37016,1,0,0.95171,0.032055,0.024855,0.304304,-0.226858,-0.163534,0.201359,-0.377988,3.63338,9.15199
1787645124796336274,-0.841682,0.539974,0.58255,0.398658,0.4,-0,-0.239279,0.0742049,0.0266991,0.621347,-0.28423,-0.123011,0.126593,0.405821,0.520891,0.960506,4.85959,0.602911,0.727942,nan,nan,0,0.149293,0.121858,-0.162642,1.48962,0.124646,0.140217,nan,nan,0,-0.144629,-0.395102,-0.573849,2.71062,-0.382315,-0.354127,nan,nan,0,-0.090857,0.799696,0.672048,-7.05739,0.444571,0.685665,nan,nan,0,-0.0488153,-0.270157,-0.570859,2.9381,-0.234408,nan,2.10751,4.01392,1,0.0604648,-0.0124684,-1.39795,0.261502,0.0302324,nan,3.37795,1.54817,1,-0.0343467,-0.378995,0.09513,-5.20146,-0.417173,-0.595228,nan,nan,0,0.636938,0.0597305,-0.224015,12.1856,0.268469,0.436005,nan,nan,0,0.199851,0.372284,-1.33489,2.95483,0.409925,0.362901,nan,nan,0,-0.0664469,0.398553,0.518612,-6.95971,0.456777,0.386323,nan,nan,0,-0.0740701,-0.20928,-0.89803,-5.03335,-0.247035,nan,0.0256074,-2.86298,1,-0.703179,-0.0750251,0.398811,-9.59508,-0.35159,nan,-8.89515,-9.46669,1,0,0.951538,0.031237,0.02404,0.304991,-0.28423,-0.123011,0.126593,-0.395604,4.94953,9.30477
1787645124806339958,-0.779179,0.626802,0.582566,0.398685,0.4,-0,-0.239279,0.0713726,0.0258503,0.623525,-0.315177,-0.0837554,0.311948,0.114301,0.529327,0.935957,3.83395,0.45715,0.66559,nan,nan,0,0.110591,0.120324,-0.150367,0.65934,0.105295,0.135408,nan,nan,0,-0.0849923,-0.397978,-0.224015,1.88034,-0.352496,-0.353403,nan,nan,0,-0.437424,0.803722,0.365176,-10.4274,0.271288,0.590534,nan,nan,0,-0.0145719,-0.27218,-0.294701,2.94349,-0.217286,nan,2.36335,3.37283,1,0.128225,-0.0251403,-1.11803,1.15959,0.0641127,nan,4.35464,2.64676,1,0.0693532,-0.378803,0.00920582,-4.85959,-0.365323,-0.50881,nan,nan,0,-0.0104803,0.0587716,-0.0828552,12.9182,-0.0552402,0.398553,nan,nan,0,0.0903921,0.36308,-0.831621,2.85714,0.355196,0.409125,nan,nan,0,-0.036421,0.403731,0.598398,-8.37607,0.47179,0.411199,nan,nan,0,-0.0508221,-0.215557,-0.61567,-4.13592,-0.235411,nan,0.228618,-1.46964,1,-0.522799,-0.0726843,0.235496,-8.94136,-0.2614,nan,-6.0147,-9.43822,1,0,0.95125,0.029994,0.023237,0.306077,-0.315177,-0.0837554,0.311948,-0.05916,-0.614754,7.63675
1787645124816339751,-0.707749,0.706464,0.582581,0.398711,0.4,-0,-0.239279,0.0680525,0.0246688,0.627234,-0.374153,-0.0580294,0.448147,-0.0916209,0.538531,0.90527,2.0757,0.35419,0.571803,nan,nan,0,-0.141943,0.119173,-0.113543,0.757019,-0.0209713,0.122335,nan,nan,0,0.142385,-0.397595,0.138092,1.00122,-0.238808,-0.357531,nan,nan,0,-0.620101,0.804681,-0.0276184,-15.4579,0.179949,0.438728,nan,nan,0,-0.0651674,-0.27213,0.0323475,2.75657,-0.242584,nan,0.985605,2.58954,1,0.25209,-0.0338777,-0.588458,1.70312,0.126045,nan,5.68037,3.53829,1,-0.129934,-0.378995,-0.0153437,-3.58974,-0.464967,-0.4259,nan,nan,0,-0.778232,0.0589633,0.0583057,10.8669,-0.439116,0.218995,nan,nan,0,-0.113007,0.358478,-0.309939,2.8083,0.253497,0.402725,nan,nan,0,-0.0396294,0.410634,0.71501,-8.13187,0.470185,0.444634,nan,nan,0,-0.101917,-0.21971,-0.310761,-2.3848,-0.260958,nan,-0.977555,-0.381759,1,-0.276085,-0.0734175,-0.0333616,-9.47779,-0.138043,nan,-1.88871,-8.13373,1,0,0.95073,0.028555,0.02222,0.3079,-0.374153,-0.0580294,0.448147,0.167663,1.92988,5.33815
1787645124826325110,-0.62821,0.778044,0.582596,0.398737,0.4,-0,-0.239279,0.0645906,0.0237717,0.631626,-0.374324,-0.0646571,0.401442,-0.0391502,0.547352,0.85617,-0.170937,0.380425,0.458936,nan,nan,0,-0.330669,0.117831,-0.14423,1.3431,-0.115335,0.0694348,nan,nan,0,0.138571,-0.395678,0.168778,0.952377,-0.240714,-0.319061,nan,nan,0,-0.566709,0.800846,-0.573849,-24.4933,0.206646,0.289464,nan,nan,0,-0.220443,-0.272084,0.253782,2.02589,-0.320221,nan,-2.06549,1.74419,1,0.391944,-0.0322892,0.0492852,2.43153,0.195972,nan,6.7739,4.42551,1,-0.263038,-0.379187,-0.00306892,-2.0757,-0.531519,-0.408395,nan,nan,0,-1.00757,0.059155,-0.00920582,7.00854,-0.553786,-0.0852618,nan,nan,0,-0.288431,0.356176,-0.23629,2.41758,0.165785,0.344409,nan,nan,0,-0.129684,0.419071,0.899132,-6.03175,0.425158,0.46555,nan,nan,0,-0.0722487,-0.21971,-0.0831016,-0.351683,-0.246124,nan,-0.799853,-0.294014,1,-0.120254,-0.0692765,0.353768,-8.81162,-0.0601271,nan,-0.25617,-5.42123,1,0,0.9501,0.027001,0.02132,0.310041,-0.374324,-0.0646571,0.401442,-0.504194,0.00899,5.77081
1787645124836313344,-0.541468,0.840721,0.582611,0.398762,0.4,-0,-0.239279,0.0606167,0.023507,0.634953,-0.456003,-0.00695641,0.282333,-0.0868028,0.555022,0.71501,-1.29426,0.356599,0.388238,nan,nan,0,-0.576817,0.115913,-0.205604,0.757019,-0.238408,-0.0190612,nan,nan,0,-0.167642,-0.394719,0.113543,2.36874,-0.393821,-0.271058,nan,nan,0,-0.566447,0.790108,-1.27351,-29.2308,0.206776,0.207759,nan,nan,0,-0.439749,-0.268014,0.378139,0.751568,-0.429874,nan,-6.23233,0.0864593,1,0.513946,-0.0273954,0.910497,3.49033,0.256973,nan,7.1653,5.3599,1,-0.436421,-0.379187,0.00920582,-1.29426,-0.61821,-0.453918,nan,nan,0,-0.967141,0.057621,-0.230153,0.512817,-0.53357,-0.371261,nan,nan,0,-0.416723,0.352342,-0.4511,1.63614,0.101638,0.256646,nan,nan,0,-0.039972,0.428275,1.07098,-6.81319,0.470014,0.458382,nan,nan,0,-0.0114029,-0.221959,-0.253643,0.713162,-0.215701,nan,0.599487,-0.563356,1,-0.0247258,-0.0608625,1.27015,-6.69281,-0.0123629,nan,-0.450243,-2.68775,1,0,0.949635,0.02512,0.02062,0.311667,-0.456003,-0.00695641,0.282333,-1.48766,1.32945,7.89209
1787645124846325932,-0.448516,0.893775,0.582626,0.398787,0.4,-0,-0.288422,0.0563141,0.0237634,0.63754,-0.454159,0.0346915,0.215491,-0.169539,0.560583,0.487926,-1.14774,0.315231,0.359324,nan,nan,0,-0.898147,0.11342,-0.26084,-2.0757,-0.399073,-0.128548,nan,nan,0,-0.389704,-0.392034,0.359039,2.5641,-0.504852,-0.294474,nan,nan,0,-0.599504,0.774576,-1.94863,-29.1819,0.190248,0.187326,nan,nan,0,-0.642966,-0.263952,0.506749,-0.188432,-0.531483,nan,-10.1237,-2.81802,1,0.603503,-0.00881096,1.92824,3.96174,0.301752,nan,6.42451,6.03784,1,-0.585482,-0.379187,-0.00306892,-1.97802,-0.692741,-0.531688,nan,nan,0,-0.923506,0.0532107,-0.561574,-9.25519,-0.511753,-0.524347,nan,nan,0,-0.415461,0.346014,-0.66591,0.122101,0.10227,0.16956,nan,nan,0,0.155766,0.440739,1.14463,-6.27595,0.567883,0.455061,nan,nan,0,0.0411411,-0.228464,-0.623221,0.608128,-0.189429,nan,2.30103,-0.148549,1,0.0176391,-0.0428844,2.36359,-4.00555,0.00881957,nan,-1.99427,-1.306,1,0,0.949282,0.023011,0.020101,0.312935,-0.454159,0.0346915,0.215491,-1.03641,0.46179,8.97347
1787645124856314442,-0.350417,0.936594,0.58264,0.398811,0.4,-0,-0.288422,0.0516123,0.0248581,0.639311,-0.491131,0.158433,0.147182,-0.298568,0.563651,0.248566,-2.27106,0.250716,0.337329,nan,nan,0,-1.2523,0.109969,-0.389727,-5.73871,-0.576151,-0.262121,nan,nan,0,-0.572529,-0.386857,0.561574,0.805862,-0.596265,-0.385557,nan,nan,0,-0.592105,0.750032,-2.65444,-24.1514,0.193947,0.186584,nan,nan,0,-0.736972,-0.259774,0.342474,-2.64689,-0.578486,nan,-11.6686,-6.50582,1,0.669317,0.014324,3.04942,4.5108,0.334659,nan,5.0359,6.03939,1,-0.797764,-0.379378,-0.0276184,-3.39439,-0.798882,-0.617827,nan,nan,0,-0.712449,0.0449653,-0.942094,-13.1624,-0.406224,-0.558817,nan,nan,0,-0.340368,0.338536,-0.794796,-2.17339,0.139816,0.115127,nan,nan,0,0.453731,0.451669,1.07712,-5.44566,0.716866,0.493827,nan,nan,0,0.0523488,-0.23697,-0.934187,0.695294,-0.183826,nan,3.26132,1.06207,1,0.0445402,-0.0140336,3.13549,-2.10645,0.0222701,nan,-3.61412,-1.5925,1,0,0.949055,0.02059,0.019903,0.313806,-0.491131,0.158433,0.147182,-1.04333,-0.157626,7.05988
1787645124866408975,-0.248294,0.968685,0.582654,0.398835,0.4,-0,-0.288422,0.0470307,0.0264326,0.64095,-0.453378,0.148424,0.173968,-0.308111,0.56461,0.0276184,-2.75946,0.245945,0.300063,nan,nan,0,-1.64015,0.104792,-0.567711,-9.74359,-0.770074,-0.42031,nan,nan,0,-0.609345,-0.380912,0.629086,-2.0757,-0.614673,-0.496404,nan,nan,0,-0.533336,0.716668,-3.18839,-22.0024,0.223332,0.189484,nan,nan,0,-0.749845,-0.259465,0.0954708,-4.96237,-0.584923,nan,-11.5342,-9.66168,1,0.782543,0.0555937,4.09662,4.45097,0.391272,nan,3.92542,5.19731,1,-0.948248,-0.379953,-0.0828552,-5.59219,-0.874124,-0.710487,nan,nan,0,-0.446863,0.0328851,-1.3042,-13.0647,-0.273432,-0.509327,nan,nan,0,-0.182913,0.328564,-1.02188,-3.15018,0.218544,0.107932,nan,nan,0,0.606715,0.460873,0.997331,-3.24786,0.793357,0.588476,nan,nan,0,-0.00584684,-0.245232,-1.03444,1.24627,-0.212923,nan,2.68246,2.42219,1,0.0470715,0.0222205,3.43305,-2.1055,0.0235357,nan,-5.11012,-2.83867,1,0,0.948838,0.018152,0.019946,0.314608,-0.453378,0.148424,0.173968,-1.65478,-0.680641,4.42784
1787645124876400600,-0.143315,0.989677,0.582667,0.398858,0.4,-0,-0.288422,0.04239,0.0278764,0.643139,-0.480377,0.181084,0.293975,-0.310821,0.563459,-0.138092,-4.90842,0.24459,0.265077,nan,nan,0,-2.1312,0.0973134,-0.837758,-13.1136,-1.0156,-0.599417,nan,nan,0,-0.669295,-0.377461,0.125817,-3.83395,-0.644648,-0.578739,nan,nan,0,-0.482608,0.685412,-3.54436,-16.9719,0.248696,0.202014,nan,nan,0,-0.670442,-0.262454,-0.52464,-6.46075,-0.545221,nan,-9.10988,-11.2785,1,0.918931,0.106311,5.22581,4.12399,0.459466,nan,2.75591,3.92776,1,-1.11691,-0.381487,-0.181053,-7.30159,-0.958454,-0.801356,nan,nan,0,-0.191231,0.0190792,-1.34716,-18.6813,-0.145615,-0.402878,nan,nan,0,-0.0362374,0.318977,-0.862308,-4.51771,0.291881,0.147708,nan,nan,0,0.843187,0.471611,0.997331,1.24542,0.911593,0.700058,nan,nan,0,-0.0709404,-0.255217,-0.956325,2.00494,-0.24547,nan,1.77563,3.07238,1,0.0595558,0.0571324,3.6354,-3.07562,0.0297779,nan,-6.27373,-4.35448,1,0,0.948528,0.015701,0.019918,0.315674,-0.480377,0.181084,0.293975,0.349181,-0.248434,3.77419
1787645124886348649,-0.0366848,0.999327,0.582681,0.398881,0.4,-0,-0.288422,0.0358806,0.0295482,0.647646,-0.871054,0.22761,0.551196,-0.225698,0.56135,-0.242428,-6.42247,0.287151,0.246775,nan,nan,0,-2.0331,0.0875344,-1.16918,-17.0208,-0.966551,-0.807034,nan,nan,0,-0.336025,-0.380912,-0.469513,-4.56654,-0.478013,-0.625884,nan,nan,0,-0.4191,0.648021,-3.80827,-12.3321,0.28045,0.223915,nan,nan,0,-0.445246,-0.266457,-1.15217,-8.49131,-0.432623,nan,-4.08757,-10.8282,1,0.829964,0.158697,5.95159,3.04859,0.414982,nan,-1.23883,2.61906,1,-1.18111,-0.38398,-0.273115,-10.232,-0.990557,-0.886911,nan,nan,0,0.020767,0.00623178,-1.2551,-11.9414,-0.0396165,-0.27123,nan,nan,0,0.0458456,0.31495,-0.28539,-5.29915,0.332923,0.216316,nan,nan,0,0.815523,0.481581,1.17532,7.64347,0.897762,0.811715,nan,nan,0,-0.0602319,-0.262724,-0.720759,2.93926,-0.240116,nan,1.87241,2.76518,1,0.0276577,0.090533,3.33998,-3.90894,0.0138289,nan,-7.31109,-5.72026,1,0,0.947854,0.012305,0.019711,0.317856,-0.871054,0.22761,0.551196,-2.51841,-8.77224,3.37321
1787645124896414246,0.0703757,0.997521,0.582694,0.398903,0.4,-0,-0.405813,0.0232843,0.030397,0.65283,-1.39057,0.14088,0.534224,-0.0112206,0.559624,-0.0889931,-18.486,0.39439,0.25534,nan,nan,0,-1.15983,0.0733442,-1.46378,-35.1404,-0.529913,-0.943548,nan,nan,0,0.106768,-0.386857,-0.537024,-7.98535,-0.256616,-0.591884,nan,nan,0,-0.430689,0.613314,-2.88152,-64.2491,0.274655,0.251797,nan,nan,0,-0.260471,-0.270906,0.238842,-19.1988,-0.340235,nan,-2.78477,-8.20892,1,0.579216,0.192624,0.688305,12.3556,0.289608,nan,1.87705,1.0963,1,-1.24987,-0.387048,-0.352901,-7.74115,-1.02493,-0.953578,nan,nan,0,0.0460684,-0.00393057,-0.972781,-28.4005,-0.0269658,-0.142657,nan,nan,0,-0.0800642,0.313992,-0.0828552,-3.98046,0.269968,0.283526,nan,nan,0,0.755649,0.496538,1.65403,6.08059,0.867825,0.883626,nan,nan,0,0.00959184,-0.266036,-0.557365,2.40894,-0.205204,nan,2.96518,2.20225,1,4.02257e-05,0.123389,2.6533,-4.49948,2.01128e-05,nan,-7.68102,-6.78228,1,0,0.947081,0.006153,0.018127,0.320423,-1.39057,0.14088,0.534224,-0.094579,-5.05048,4.58459
1787645124906345531,0.176639,0.984276,0.582706,0.398925,0.4,-0,-0.405813,0.0130786,0.0251777,0.658261,0.270777,-1.51732,0.0327612,1.30345,0.558282,-0.21174,-2.61295,1.05173,0.309554,nan,nan,0,-1.96072,0.0595388,-1.206,-38.7546,-0.930359,-0.846984,nan,nan,0,-0.185136,-0.382446,0.972781,-12.6252,-0.402568,-0.455695,nan,nan,0,-0.627399,0.598933,-0.71501,-46.0318,0.176301,0.270614,nan,nan,0,-1.06134,-0.25876,1.86893,-12.0844,-0.740671,nan,-19.6703,-5.71255,1,0.967912,0.150079,-5.93956,7.99438,0.483956,nan,18.9257,2.58789,1,-1.12524,-0.39261,-0.537024,-17.2161,-0.96262,-0.9991,nan,nan,0,0.0581219,-0.00623178,0.0337563,-12.6252,-0.0209391,-0.0563666,nan,nan,0,-0.101554,0.326263,2.02228,-10.9646,0.259223,0.303759,nan,nan,0,0.904348,0.520699,2.70967,5.88522,0.942174,0.898539,nan,nan,0,-0.112203,-0.271401,-0.550963,1.42714,-0.266101,nan,1.01194,2.25449,1,0.117999,0.140173,1.36353,-4.58566,0.0589996,nan,-4.48049,-7.31105,1,0,0.946255,0.002119,0.014026,0.32311,0.270777,-1.51732,0.0327612,12.9934,9.7246,42.1704
1787645124916444153,0.280885,0.959742,0.582719,0.398947,0.4,-0,-0.405813,0.0200053,0.0180042,0.648158,0.349466,1.03261,-1.1003,-0.164895,0.553488,-0.579986,-0.170937,0.317552,0.576813,nan,nan,0,-2.69887,0.0472665,-1.2551,-29.768,-1.29943,-0.798125,nan,nan,0,-1.25233,-0.365381,1.87498,-9.74359,-0.936166,-0.373009,nan,nan,0,-0.505082,0.594714,-0.438826,-25.8608,0.237459,0.245327,nan,nan,0,-0.444388,-0.242466,1.83115,-4.02571,-0.432194,nan,-9.3872,-9.63274,1,1.16084,0.0779155,-7.13612,1.90578,0.58042,nan,25.7793,10.197,1,-1.02821,-0.399129,-0.739559,-11.9414,-0.914104,-1.00254,nan,nan,0,0.120445,-0.00373888,0.303802,-3.68742,0.0102227,-0.0188159,nan,nan,0,-0.45428,0.346206,1.50674,-3.49207,0.0828599,0.288096,nan,nan,0,1.25793,0.550995,2.7465,13.8462,1.11897,0.911612,nan,nan,0,-0.204295,-0.27539,-0.388666,1.69611,-0.312148,nan,-0.703534,1.96878,1,-0.0650199,0.142113,-0.292442,-5.34173,-0.03251,nan,-4.80002,-6.16626,1,0,0.947886,0.006615,0.011718,0.318322,0.349466,1.03261,-1.1003,15.9217,4.76696,45.6493
1787645124926360908,0.381918,0.924196,0.582731,0.398968,0.4,-0,-0.405813,0.0155754,0.031577,0.645527,-0.566785,1.05863,0.394326,-1.20507,0.546201,-0.776384,2.75946,-0.202534,0.636191,nan,nan,0,-2.70049,0.0340357,-1.35944,-24.2491,-1.30024,-0.971605,nan,nan,0,-0.449784,-0.34774,1.59266,-6.32478,-0.534892,-0.54017,nan,nan,0,-0.0607061,0.588578,-0.71501,-23.5165,0.459647,0.225516,nan,nan,0,0.461715,-0.228659,1.22657,-6.23102,0.0208577,nan,6.89323,-12.25,1,1.03646,0.0128648,-5.8552,6.85501,0.518231,nan,23.9438,19.2477,1,-1.31995,-0.408525,-1.03416,-9.93895,-1.05997,-0.968227,nan,nan,0,-0.0698683,-0.00258875,-0.0398932,9.49939,-0.0849342,-0.000805618,nan,nan,0,0.0783942,0.34889,-0.168779,-0.463982,0.349197,0.213263,nan,nan,0,0.821399,0.575922,2.83856,6.71551,0.9007,0.9869,nan,nan,0,-0.103173,-0.278081,-0.274282,1.26278,-0.261587,nan,0.98874,0.828481,1,-0.0381446,0.130596,-1.73288,-4.34579,-0.0190723,nan,-1.89074,-4.60716,1,0,0.948254,0.002377,0.017442,0.317023,-0.566785,1.05863,0.394326,-15.5725,-21.9196,14.4052
1787645124936445407,0.478577,0.878045,0.582743,0.398988,0.4,-0,-0.405813,0.00996747,0.0368529,0.651227,-0.502698,-0.14946,0.51771,-0.290692,0.538723,-0.71501,3.00366,0.254654,0.325184,nan,nan,0,-2.15375,0.0188875,-1.53129,-37.9731,-1.02687,-1.17529,nan,nan,0,-0.00096719,-0.339878,0.4511,-9.54823,-0.310484,-0.64524,nan,nan,0,-0.18418,0.579758,-0.948232,-22.8816,0.39791,0.298745,nan,nan,0,0.0397281,-0.226562,-0.400088,-6.01927,-0.190136,nan,1.87505,-5.90291,1,0.969595,-0.0185665,-1.49393,12.5224,0.484798,nan,17.3418,23.5673,1,-1.33515,-0.420413,-1.23669,-10.232,-1.06758,-0.980641,nan,nan,0,-0.320635,-0.0071907,-0.579986,9.98779,-0.210317,-0.0222336,nan,nan,0,0.0538201,0.335851,-1.81361,3.88278,0.33691,0.217313,nan,nan,0,0.638242,0.608712,3.08405,8.37607,0.809121,0.999182,nan,nan,0,-0.103964,-0.28086,-0.194606,-0.243088,-0.261982,nan,0.952657,0.314896,1,0.0212788,0.106575,-2.53821,-4.23521,0.0106394,nan,0.929239,-2.86336,1,0,0.947311,-0.001173,0.019051,0.319745,-0.502698,-0.14946,0.51771,-12.0476,-0.687698,-6.06912
1787645124946418568,0.569754,0.821815,0.582755,0.399009,0.4,-0,-0.526763,0.00925995,0.034312,0.659045,0.13101,-0.129923,0.900601,0.352852,0.532395,-0.573849,-5.59219,0.576426,0.138499,nan,nan,0,-2.64169,0.00450611,-1.4024,-42.0757,-1.27084,-1.19816,nan,nan,0,0.188764,-0.33566,0.635223,-14.6276,-0.215618,-0.543101,nan,nan,0,-0.201474,0.568636,-1.15077,-17.558,0.389263,0.375887,nan,nan,0,-0.221286,-0.239063,-1.48956,-3.6991,-0.320643,nan,-0.620966,0.842396,1,1.02128,0.00319744,3.57379,16.4257,0.510639,nan,9.86256,21.1518,1,-1.27385,-0.433644,-1.33489,-8.57143,-1.03692,-1.02523,nan,nan,0,-0.187132,-0.0146689,-0.770247,4.22466,-0.143566,-0.0990442,nan,nan,0,0.0488948,0.315142,-1.93022,4.22466,0.334447,0.279398,nan,nan,0,0.880756,0.641885,3.3541,5.44566,0.930378,0.92404,nan,nan,0,-0.124475,-0.281698,-0.0417954,-0.000210858,-0.272237,nan,0.393813,0.468677,1,0.0766798,0.0781949,-3.10722,-2.11874,0.0383399,nan,3.46517,-0.633871,1,0,0.946073,-0.001171,0.01773,0.323465,0.13101,-0.129923,0.900601,2.37329,10.6405,10.1365
1787645124956348828,0.654399,0.75615,0.582767,0.399029,0.4,-0,-0.526763,0.00967693,0.036145,0.665866,-0.575804,0.0812351,0.540821,0.52394,0.527218,-0.518612,-9.15751,0.66197,0.255299,nan,nan,0,-2.0983,-0.00853252,-1.23055,-50.5739,-0.999149,-1.19793,nan,nan,0,0.192397,-0.324921,1.26124,-12.7228,-0.213802,-0.372538,nan,nan,0,-0.219728,0.559432,-0.807072,-20.3907,0.380136,0.4027,nan,nan,0,-0.230124,-0.252882,-1.56151,-1.11479,-0.325062,nan,-0.184041,2.54431,1,0.964687,0.069705,8.08628,16.0397,0.482343,nan,0.249727,14.2882,1,-1.14267,-0.447641,-1.41468,-12.9182,-0.971336,-1.04686,nan,nan,0,0.049363,-0.0221472,-0.71501,-0.366302,-0.0253185,-0.150673,nan,nan,0,-0.121208,0.301145,-1.10781,2.41758,0.249396,0.3219,nan,nan,0,0.893685,0.675825,3.39093,-1.5873,0.936842,0.888494,nan,nan,0,-0.051805,-0.282321,-0.035855,-1.94118,-0.235902,nan,1.67843,0.549011,1,0.124902,0.0452255,-3.40932,0.831156,0.0624508,nan,5.63074,1.88694,1,0,0.94495,-0.001334,0.01866,0.326677,-0.575804,0.0812351,0.540821,-0.270379,3.38358,2.71509
1787645124966315213,0.731539,0.681799,0.582778,0.399048,0.4,-0,-0.526763,0.00361764,0.0341111,0.670115,-0.319661,-0.304779,0.156156,0.677984,0.522233,-0.469513,-6.86203,0.738992,0.470264,nan,nan,0,-1.86771,-0.0188875,-0.948232,-46.1294,-0.883853,-1.14519,nan,nan,0,0.313325,-0.305746,2.34756,-14.0415,-0.153338,-0.252829,nan,nan,0,-0.250089,0.555981,-0.131955,-31.3309,0.364955,0.399589,nan,nan,0,-0.197531,-0.252055,0.417132,-5.09216,-0.308765,nan,-2.61055,1.35895,1,0.920863,0.161936,7.9779,18.689,0.460432,nan,-3.01199,5.72868,1,-1.27476,-0.462407,-1.51287,-10.4274,-1.03738,-1.02603,nan,nan,0,0.175286,-0.0290504,-0.678185,-2.51526,0.0376431,-0.121107,nan,nan,0,-0.192724,0.297692,-0.0705805,0.65934,0.213638,0.310681,nan,nan,0,0.940461,0.706121,3.31114,-1.97802,0.96023,0.902675,nan,nan,0,-0.00960093,-0.282593,-0.00235597,0.847933,-0.2148,nan,2.37626,0.931285,1,0.0995336,0.0116411,-3.34531,0.823421,0.0497668,nan,6.16174,4.28567,1,0,0.944262,-0.0039,0.016701,0.328746,-0.319661,-0.304779,0.156156,-3.51668,-6.71373,15.2219
1787645124976494864,0.800288,0.599616,0.582789,0.399067,0.4,-0,-0.526763,-7.71229e-05,0.0306727,0.667465,-0.216255,-0.300152,-0.588999,0.625093,0.518206,-0.395864,-1.14774,0.712546,0.642222,nan,nan,0,-1.68245,-0.0271325,-0.745697,-46.3248,-0.791224,-1.02253,nan,nan,0,-0.0403343,-0.274491,3.27431,-11.2576,-0.330167,-0.185163,nan,nan,0,-0.358193,0.559432,0.402001,-20.8303,0.310904,0.384163,nan,nan,0,-0.333552,-0.243745,0.987901,3.16134,-0.376776,nan,-6.13795,-0.997255,1,0.939189,0.207982,3.68322,11.0339,0.469594,nan,2.32352,-0.00304802,1,-1.19511,-0.478705,-1.67859,-8.18071,-0.997554,-1.01536,nan,nan,0,0.185064,-0.0349946,-0.518612,-5.73871,0.0425322,-0.0461274,nan,nan,0,-0.366586,0.299227,0.125817,0.122101,0.126707,0.26586,nan,nan,0,0.99299,0.740829,3.1086,-4.17583,0.986495,0.930664,nan,nan,0,-0.0394447,-0.28255,0.0690926,0.632842,-0.229722,nan,1.74533,1.61106,1,0.0679221,-0.0181781,-2.6807,2.94377,0.033961,nan,5.58523,5.84456,1,0,0.944714,-0.00506,0.014477,0.327534,-0.216255,-0.300152,-0.588999,8.82722,3.75589,18.5273
1787645124986317831,0.859853,0.510542,0.5828,0.399086,0.4,-0,-0.526763,-0.00116507,0.0304104,0.661269,-0.143912,0.304281,-0.657316,0.210539,0.51437,-0.359039,1.88034,0.50527,0.722759,nan,nan,0,-1.66605,-0.0342274,-0.71501,-34.7497,-0.783023,-0.894056,nan,nan,0,-0.208933,-0.243236,2.94289,-7.35043,-0.414466,-0.210718,nan,nan,0,-0.271427,0.563651,0.402001,-20.6349,0.354286,0.35344,nan,nan,0,-0.224998,-0.239225,0.243997,2.55263,-0.322499,nan,-3.28059,-3.56294,1,1.00837,0.21569,-0.0850623,3.94093,0.504183,nan,8.78238,0.167414,1,-1.11667,-0.496346,-1.78906,-8.22955,-0.958337,-1.01058,nan,nan,0,0.16253,-0.0392127,-0.402001,-0.805862,0.0312651,0.01504,nan,nan,0,-0.28104,0.30172,0.365176,-3.05251,0.16948,0.200984,nan,nan,0,0.743935,0.770358,2.88152,-3.73627,0.861967,0.960329,nan,nan,0,-0.0711281,-0.282422,0.160805,1.1955,-0.245564,nan,1.04882,1.90686,1,0.0496444,-0.0374633,-1.64141,3.98109,0.0248222,nan,4.33068,6.0652,1,0,0.945724,-0.005487,0.014192,0.324614,-0.143912,0.304281,-0.657316,-0.490014,-0.621989,18.9224
1787645124996393941,0.909548,0.415599,0.582811,0.399104,0.4,-0,-0.0151463,-0.00666099,0.0325972,0.653652,-0.752051,0.225599,-0.794697,-0.316872,0.510919,-0.316077,5.10378,0.241564,0.669259,nan,nan,0,-0.684605,-0.0422807,-0.85617,-24.9328,-0.292302,-0.808212,nan,nan,0,-0.466543,-0.220993,1.93636,-6.37363,-0.543272,-0.303634,nan,nan,0,-0.321136,0.565952,0.205604,-17.3138,0.329432,0.339023,nan,nan,0,-0.0360836,-0.242014,-0.428646,-1.78444,-0.228042,nan,1.13201,-4.23089,1,0.889389,0.197603,-1.7878,1.45948,0.444695,nan,10.0945,4.53315,1,-0.880749,-0.514754,-1.86271,-6.32478,-0.840374,-0.989952,nan,nan,0,-0.0666198,-0.0432396,-0.438826,2.61295,-0.0833099,0.0395666,nan,nan,0,-0.334181,0.303445,-0.0214806,-2.61295,0.14291,0.162383,nan,nan,0,0.37899,0.795094,2.72808,-2.17339,0.679495,0.93952,nan,nan,0,-0.0582266,-0.27817,0.242744,1.70843,-0.239113,nan,1.00287,1.59627,1,0.109304,-0.0417448,-0.123445,4.38724,0.0546521,nan,3.07707,5.06371,1,0,0.946917,-0.008386,0.014366,0.321046,-0.752051,0.225599,-0.794697,-5.10864,-1.09479,8.43291
1787645125006251883,0.948801,0.315875,0.582821,0.399122,0.4,-0,-0.0151463,-0.0159377,0.0350496,0.64633,-1.06146,0.276531,-0.7072,-0.578182,0.508427,-0.217878,3.7851,0.110909,0.489173,nan,nan,0,0.040915,-0.0528274,-1.13235,-21.1233,0.0704575,-0.614359,nan,nan,0,-0.276407,-0.208721,0.90527,-5.88522,-0.448203,-0.422652,nan,nan,0,-0.350855,0.565568,-0.162642,-15.6532,0.314572,0.334926,nan,nan,0,0.15289,-0.249021,-0.749658,-2.62462,-0.133555,nan,5.16578,-2.25092,1,0.73118,0.18205,-1.74852,3.44988,0.36559,nan,8.12899,8.5921,1,-0.753629,-0.534313,-1.97932,-7.20391,-0.776815,-0.930792,nan,nan,0,-0.387994,-0.0484171,-0.524749,3.83395,-0.243997,0.00378207,nan,nan,0,-0.288162,0.297309,-0.923681,0.0244217,0.165919,0.147899,nan,nan,0,0.177196,0.824239,2.57465,-5.39683,0.578598,0.836562,nan,nan,0,-0.0393259,-0.276206,0.41784,0.88408,-0.229663,nan,1.00224,1.16902,1,0.161394,-0.0377232,0.900142,3.88821,0.0806969,nan,2.20239,3.6221,1,0,0.948014,-0.01312,0.014086,0.317643,-1.06146,0.276531,-0.7072,-0.671618,-2.21957,2.85166
1787645125016399085,0.977158,0.212515,0.582831,0.399139,0.4,-0,-0.0151463,-0.0265485,0.0383101,0.640665,-0.964433,0.309398,-0.370975,-0.636914,0.506701,-0.138092,-0.366302,0.0815428,0.280527,nan,nan,0,0.157504,-0.0656743,-1.33489,-13.0647,0.128752,-0.290019,nan,nan,0,0.020301,-0.20757,-0.131955,-6.17827,-0.299849,-0.479884,nan,nan,0,-0.295731,0.562308,-0.432689,-14.9206,0.342135,0.326446,nan,nan,0,0.310604,-0.257534,-0.995518,-1.20502,-0.0546978,nan,8.59254,1.40095,1,0.683672,0.1701,-0.460975,6.80952,0.341836,nan,5.84353,9.59249,1,-0.631257,-0.554638,-2.05297,-5.34798,-0.715629,-0.850934,nan,nan,0,-0.600622,-0.0535946,-0.494062,2.71062,-0.350311,-0.100454,nan,nan,0,-0.197246,0.281969,-1.62335,1.0989,0.211377,0.149503,nan,nan,0,0.0780294,0.848208,2.31074,-14.5788,0.529015,0.70102,nan,nan,0,0.0263588,-0.270107,0.494826,0.630631,-0.196821,nan,1.82279,0.913898,1,0.154062,-0.0181161,1.84135,2.52355,0.0770311,nan,0.0923853,2.28082,1,0,0.948792,-0.018627,0.013999,0.315038,-0.964433,0.309398,-0.370975,-0.892969,0.183723,0.814044
1787645125026246875,0.994291,0.106707,0.582841,0.399157,0.4,-0,-0.0151463,-0.0359339,0.0415113,0.636617,-0.959896,0.287193,-0.441188,-0.539305,0.505359,-0.150367,-4.46886,0.130347,0.13657,nan,nan,0,0.298748,-0.0790973,-1.29806,-5.44566,0.199374,-0.0139949,nan,nan,0,-0.0893653,-0.214665,-0.929819,-4.81075,-0.354683,-0.43003,nan,nan,0,-0.341364,0.556172,-0.66591,-15.116,0.319318,0.327436,nan,nan,0,0.314138,-0.269592,-1.21745,1.69008,-0.0529311,nan,9.4093,5.44817,1,0.68965,0.179267,0.479503,8.898,0.344825,nan,4.24748,7.97649,1,-0.515217,-0.575347,-2.05297,-1.78266,-0.657609,-0.774863,nan,nan,0,-0.565646,-0.0578127,-0.408138,0.0244217,-0.332823,-0.231237,nan,nan,0,-0.210859,0.267972,-1.34103,0.952377,0.20457,0.172773,nan,nan,0,0.0694562,0.867959,1.7952,-24.2979,0.524728,0.591452,nan,nan,0,0.0117096,-0.266041,0.631623,0.541703,-0.204145,nan,1.21891,1.09623,1,0.161193,0.00083187,2.42507,1.72112,0.0805964,nan,-1.24466,0.833591,1,0,0.949291,-0.023554,0.014087,0.313197,-0.959896,0.287193,-0.441188,-1.67018,1.47808,0.153034
1787645125036324642,1,-0.000335634,0.582851,0.399174,0.4,-0,-0.0151463,-0.0449647,0.0434901,0.633207,-0.794666,0.0442968,-0.21198,-0.417467,0.503441,-0.224015,-10.1343,0.191267,0.090389,nan,nan,0,0.265723,-0.0888762,-0.800934,-7.20391,0.182861,0.146598,nan,nan,0,-0.0110747,-0.222335,-0.543161,-7.25275,-0.315537,-0.371385,nan,nan,0,-0.39402,0.549461,-0.629086,-21.9536,0.29299,0.327447,nan,nan,0,0.261993,-0.28188,-1.14964,3.94631,-0.0790033,nan,8.82514,8.40266,1,0.67358,0.179652,-0.473981,9.73771,0.33679,nan,5.42509,5.89518,1,-0.515227,-0.594522,-1.91181,-3.2967,-0.657613,-0.708227,nan,nan,0,-0.618976,-0.0610723,-0.28539,-9.54823,-0.359488,-0.316221,nan,nan,0,-0.22761,0.257041,-0.948232,0.366302,0.196195,0.195259,nan,nan,0,0.07312,0.880806,1.27351,-27.6679,0.52656,0.532571,nan,nan,0,0.0211196,-0.257638,0.735856,0.345574,-0.19944,nan,0.933153,1.22711,1,0.174323,0.0319295,2.70497,0.660367,0.0871613,nan,-2.4005,-0.664329,1,0,0.949681,-0.028126,0.01366,0.311653,-0.794666,0.0442968,-0.21198,-0.885024,0.517677,4.51337
1787645125046252794,0.994218,-0.107382,0.582861,0.39919,0.4,-0,-0.0151463,-0.0494683,0.044807,0.631152,-0.0951863,0.224289,-0.31037,-0.472048,0.500757,-0.273115,-10.6715,0.163976,0.118632,nan,nan,0,-0.274348,-0.0913692,-0.00306892,-3.05251,-0.0871742,0.205737,nan,nan,0,-0.00843031,-0.217541,0.868444,-10.5739,-0.314215,-0.336125,nan,nan,0,-0.354307,0.545242,-0.402001,-23.0769,0.312846,0.314916,nan,nan,0,0.185614,-0.288715,-0.631444,5.18712,-0.117193,nan,6.95042,9.42383,1,0.733434,0.158773,-2.09417,8.12649,0.366717,nan,9.37955,5.41912,1,-0.611108,-0.612356,-1.67859,-2.17339,-0.705554,-0.667134,nan,nan,0,-0.586204,-0.0629902,-0.113543,-13.3577,-0.343102,-0.353741,nan,nan,0,-0.223501,0.254357,0.0521679,-2.75946,0.198249,0.202608,nan,nan,0,0.193073,0.888093,0.635223,-26.6423,0.586536,0.515103,nan,nan,0,0.0463706,-0.253204,0.851496,0.58303,-0.186815,nan,1.04638,1.07993,1,0.126689,0.0535923,2.6148,-0.143346,0.0633443,nan,-3.62964,-1.91479,1,0,0.949916,-0.030455,0.013615,0.310718,-0.0951863,0.224289,-0.31037,-2.23846,-0.259407,9.8435
1787645125056357248,0.977008,-0.213201,0.58287,0.399206,0.4,-0,-0.136325,-0.0489134,0.0493113,0.625015,0.0469076,0.617216,-0.760481,-1.01565,0.497305,-0.377452,-7.25275,-0.107823,0.151848,nan,nan,0,-0.760596,-0.0879178,0.4511,0.415138,-0.330298,0.120405,nan,nan,0,-0.461201,-0.206995,0.911407,-6.2271,-0.5406,-0.317477,nan,nan,0,-0.323338,0.541791,-0.266977,-20,0.328331,0.30754,nan,nan,0,0.32867,-0.2881,0.302531,6.39594,-0.045665,nan,8.03143,8.55214,1,0.809953,0.129117,-3.27698,6.29246,0.404977,nan,13.1913,7.30945,1,-0.647178,-0.628079,-1.53129,0.805862,-0.723589,-0.668073,nan,nan,0,-0.428024,-0.0635653,-0.0705805,-9.45055,-0.264012,-0.360194,nan,nan,0,-0.189836,0.255891,0.0889931,-1.92918,0.215082,0.201939,nan,nan,0,0.328075,0.888668,-0.21174,-23.956,0.654037,0.53618,nan,nan,0,-0.00329945,-0.240334,0.917661,1.02234,-0.21165,nan,-0.372526,0.900304,1,0.0503313,0.0834022,2.29535,-1.0208,0.0251656,nan,-5.19011,-2.99194,1,0,0.950806,-0.03084,0.015936,0.307834,0.0469076,0.617216,-0.760481,-1.77538,-3.31351,12.0609
1787645125066247941,0.948567,-0.316576,0.58288,0.399222,0.4,-0,-0.136325,-0.0501381,0.0545324,0.617717,-0.14553,0.471674,-0.665771,-1.19996,0.49232,-0.549299,-5.73871,-0.199978,0.0772631,nan,nan,0,-0.831765,-0.0819736,0.635223,2.5641,-0.365883,-0.0820283,nan,nan,0,-0.456318,-0.203351,0.11968,-3.34554,-0.538159,-0.384987,nan,nan,0,-0.341181,0.538148,-0.402001,-15.6532,0.31941,0.313382,nan,nan,0,0.39571,-0.283189,0.863077,7.13083,-0.0121452,nan,8.1919,7.61554,1,0.792155,0.100337,-3.12803,6.54456,0.396077,nan,13.5643,10.4658,1,-0.750625,-0.642844,-1.42695,1.48962,-0.775313,-0.692793,nan,nan,0,-0.480943,-0.0650992,-0.205604,-8.13187,-0.290471,-0.327654,nan,nan,0,-0.0902518,0.255507,-0.09513,-1.3431,0.264874,0.205548,nan,nan,0,0.233119,0.881957,-0.837758,-18.1929,0.606559,0.588022,nan,nan,0,-0.0426209,-0.233653,1.01073,0.957404,-0.23131,nan,-1.4341,0.377724,1,0.040413,0.09687,1.65087,-2.2534,0.0202065,nan,-4.77621,-4.06314,1,0,0.951819,-0.032156,0.018348,0.304414,-0.14553,0.471674,-0.665771,-2.45875,-3.23099,8.40553
1787645125076331542,0.909219,-0.416319,0.582889,0.399238,0.4,-0,-0.136325,-0.0514525,0.0578614,0.611454,-0.0233301,0.297741,-0.508564,-0.911562,0.4858,-0.696597,-8.08303,-0.055781,-0.0619076,nan,nan,0,-0.775284,-0.0754538,0.64136,-0.415138,-0.337642,-0.26537,nan,nan,0,-0.26243,-0.206803,-0.5002,-4.07815,-0.441215,-0.477215,nan,nan,0,-0.366975,0.533546,-0.543161,-15.6532,0.306512,0.31925,nan,nan,0,0.277866,-0.273596,0.969635,8.29443,-0.071067,nan,5.63407,7.41159,1,0.750609,0.0722491,-2.2343,9.48888,0.375304,nan,12.4431,12.7668,1,-0.708705,-0.656075,-1.3042,0.757019,-0.754352,-0.730794,nan,nan,0,-0.509749,-0.0679755,-0.291528,-8.91331,-0.304874,-0.296961,nan,nan,0,-0.115111,0.25359,-0.217878,-0.805862,0.252445,0.227306,nan,nan,0,0.153608,0.869301,-1.27965,-12.967,0.566804,0.617686,nan,nan,0,-0.0276128,-0.223076,0.989169,0.373649,-0.223806,nan,-1.50931,-0.53725,1,0.0307196,0.110101,0.925922,-2.99082,0.0153598,nan,-4.23113,-4.62761,1,0,0.952689,-0.033224,0.019837,0.301471,-0.0233301,0.297741,-0.508564,0.571318,-0.243946,4.12291
1787645125086246712,0.859413,-0.511282,0.582898,0.399253,0.4,-0,-0.136325,-0.0503551,0.06102,0.607455,0.253921,0.251682,-0.302373,-0.644148,0.477171,-0.800934,-13.4554,0.077926,-0.116707,nan,nan,0,-0.965815,-0.068934,0.561574,-7.25275,-0.432908,-0.350646,nan,nan,0,-0.0161126,-0.213131,-0.457238,-8.81563,-0.318056,-0.497916,nan,nan,0,-0.254044,0.527985,-0.383589,-22.1001,0.362978,0.316692,nan,nan,0,0.283623,-0.265572,0.668659,9.05114,-0.0681884,nan,5.90544,6.83625,1,0.742864,0.0559508,-1.08895,11.468,0.371432,nan,11.0979,13.2181,1,-0.604448,-0.669689,-1.19987,-0.415138,-0.702224,-0.755078,nan,nan,0,-0.415114,-0.0706601,-0.181053,-13.2601,-0.257557,-0.290863,nan,nan,0,-0.05311,0.252056,-0.0276184,-1.0989,0.283445,0.247175,nan,nan,0,0.0957134,0.853577,-1.5006,-8.62027,0.537857,0.606411,nan,nan,0,0.0168342,-0.212713,0.919523,-0.379411,-0.201583,nan,-0.989735,-1.28465,1,-0.0326539,0.113227,-0.119313,-3.3995,-0.016327,nan,-3.70764,-4.43937,1,0,0.953252,-0.033132,0.021574,0.299578,0.253921,0.251682,-0.302373,-3.17926,0.711029,5.36023
1787645125096256071,0.799722,-0.600371,0.582906,0.399268,0.4,-0,-0.136325,-0.0446779,0.065142,0.60487,0.764545,0.40879,-0.14746,-0.880464,0.469693,-0.825483,-15.5067,-0.0402322,-0.0567376,nan,nan,0,-1.49179,-0.0641403,0.537024,-11.9902,-0.695897,-0.396595,nan,nan,0,0.118754,-0.214089,0.0828552,-10.9646,-0.250623,-0.434733,nan,nan,0,-0.0970655,0.525493,-0.273115,-20.0977,0.441467,0.329601,nan,nan,0,0.466575,-0.26358,0.157901,8.86612,0.0232873,nan,9.8035,6.26714,1,0.700581,0.0531196,-0.198617,11.8271,0.350291,nan,9.21306,12.2735,1,-0.501329,-0.679852,-1.08325,-0.512817,-0.650664,-0.743548,nan,nan,0,-0.335723,-0.0708518,0.0214815,-11.0134,-0.217861,-0.280806,nan,nan,0,0.118104,0.255891,0.592261,-2.85714,0.369052,0.264899,nan,nan,0,0.0720875,0.840539,-1.67859,-6.27595,0.526044,0.574668,nan,nan,0,0.0753865,-0.204668,0.825157,-0.900498,-0.172307,nan,-0.105074,-1.42562,1,-0.120859,0.105529,-1.07506,-2.90538,-0.0604294,nan,-3.36615,-3.80925,1,0,0.953652,-0.031009,0.02443,0.298308,0.764545,0.40879,-0.14746,-4.29397,6.28079,14.1537
1787645125106213426,0.730829,-0.682561,0.582915,0.399283,0.4,-0,-0.155885,-0.0361608,0.0698567,0.604599,0.743168,0.426686,0.126973,-1.24912,0.461831,-0.770247,-14.2857,-0.224559,-0.0145435,nan,nan,0,-1.67699,-0.0587716,0.518612,-15.7998,-0.788495,-0.511496,nan,nan,0,0.184822,-0.209104,0.647498,-10.3785,-0.217589,-0.339738,nan,nan,0,0.041009,0.523,-0.242428,-15.116,0.510504,0.37492,nan,nan,0,0.706717,-0.265575,-0.38196,7.89829,0.143358,nan,14.8856,7.39947,1,0.590016,0.0571422,0.7204,10.5755,0.295008,nan,6.05537,10.5561,1,-0.46869,-0.689631,-0.954369,-0.757019,-0.634345,-0.703527,nan,nan,0,-0.309157,-0.0704679,0.0214815,-6.03175,-0.204579,-0.253934,nan,nan,0,0.275064,0.262411,0.543161,-1.3431,0.447532,0.306407,nan,nan,0,-0.0806811,0.819829,-1.95477,-4.85959,0.449659,0.544748,nan,nan,0,0.123057,-0.200773,0.654896,-0.905193,-0.148471,nan,0.848233,-0.948262,1,-0.215079,0.0872626,-1.82915,-2.86214,-0.10754,nan,-3.10033,-3.13102,1,0,0.953728,-0.027644,0.027953,0.298089,0.743168,0.426686,0.126973,-0.159624,-4.38241,14.842
1787645125116235080,0.653525,-0.756905,0.582923,0.399297,0.4,-0,-0.155885,-0.0299769,0.0726295,0.606935,0.570652,0.283148,0.385168,-1.32114,0.454545,-0.678185,-13.3577,-0.260571,-0.077017,nan,nan,0,-1.32083,-0.0541697,0.426551,-20.293,-0.610417,-0.660207,nan,nan,0,0.417662,-0.201626,0.800934,-7.25275,-0.101169,-0.261605,nan,nan,0,0.0696305,0.520123,-0.297665,-10.1832,0.524815,0.441299,nan,nan,0,0.791095,-0.271526,-0.727673,8.76811,0.185547,nan,17.0891,10.7055,1,0.424234,0.0714015,1.61749,9.34931,0.212117,nan,1.79523,8.07112,1,-0.491551,-0.698643,-0.843896,-0.122101,-0.645775,-0.662407,nan,nan,0,-0.333633,-0.0708518,-0.046031,-6.37363,-0.216817,-0.225293,nan,nan,0,0.360668,0.264711,0.156505,0.610504,0.490334,0.373071,nan,nan,0,-0.344009,0.801038,-2.13889,-5.49451,0.317995,0.503071,nan,nan,0,0.0900971,-0.194965,0.562909,-0.514646,-0.164951,nan,0.206093,-0.0977799,1,-0.294033,0.0621692,-2.49526,-2.48437,-0.147016,nan,-2.53268,-2.62286,1,0,0.953406,-0.025142,0.030168,0.29912,0.570652,0.283148,0.385168,1.52837,-0.235947,12.07
1787645125126214929,0.568698,-0.822546,0.582931,0.399311,0.4,-0,-0.155885,-0.0253412,0.075321,0.61196,0.385117,0.33453,0.518041,-1.42868,0.448217,-0.622948,-15.409,-0.31434,-0.176899,nan,nan,0,-0.715598,-0.0507183,0.279252,-23.1746,-0.307799,-0.701081,nan,nan,0,0.643056,-0.192038,1.04643,-5.93407,0.0115279,-0.182714,nan,nan,0,0.1927,0.517055,-0.316077,-5.49451,0.58635,0.496418,nan,nan,0,1.00042,-0.279314,-0.944008,10.4466,0.290208,nan,21.3493,14.4676,1,0.206877,0.0891006,1.77779,8.32083,0.103439,nan,-2.23654,4.75719,1,-0.265498,-0.705738,-0.622948,-1.19658,-0.532749,-0.642002,nan,nan,0,-0.285263,-0.0718102,-0.125817,-4.07815,-0.192631,-0.212022,nan,nan,0,0.391355,0.267013,0.316077,2.12454,0.505678,0.440017,nan,nan,0,-0.571129,0.77611,-2.32301,-5.83639,0.204435,0.423453,nan,nan,0,0.185432,-0.19111,0.498312,-0.00316014,-0.117284,nan,1.83646,0.374309,1,-0.356683,0.0361413,-2.96915,-2.03213,-0.178342,nan,-1.98077,-2.21787,1,0,0.952655,-0.023414,0.032086,0.301445,0.385117,0.33453,0.518041,1.22465,2.57215,10.0542
1787645125136234889,0.477323,-0.878728,0.582939,0.399325,0.4,-0,-0.155885,-0.0208408,0.0785215,0.615735,0.416733,0.308442,0.263822,-1.39095,0.442273,-0.598398,-15.7998,-0.295473,-0.259967,nan,nan,0,0.014201,-0.049376,0.107406,-24.1026,0.0571005,-0.566954,nan,nan,0,0.643725,-0.178999,1.43923,-5.59219,0.0118627,-0.0865858,nan,nan,0,0.231747,0.514562,-0.181053,-3.05251,0.605874,0.543921,nan,nan,0,1.04769,-0.285198,-0.412928,11.2322,0.313847,nan,21.586,18.102,1,0.0380135,0.10019,0.626125,6.78549,0.0190067,nan,-3.37469,1.18255,1,0.114048,-0.710148,-0.395864,-0.757019,-0.342976,-0.601677,nan,nan,0,-0.0705737,-0.0737281,-0.205604,-3.00366,-0.0852869,-0.203039,nan,nan,0,0.384686,0.272957,0.69046,3.44322,0.502343,0.486136,nan,nan,0,-0.701641,0.754251,-2.49486,-11.5018,0.13918,0.314912,nan,nan,0,0.243893,-0.185023,0.510112,0.470389,-0.0880533,nan,2.62876,0.916133,1,-0.433655,0.0023746,-3.37404,-1.79573,-0.216828,nan,-1.515,-1.77219,1,0,0.952071,-0.021816,0.034248,0.303167,0.416733,0.308442,0.263822,2.53331,2.75269,8.43386
1787645125146214222,0.38045,-0.924801,0.582947,0.399338,0.4,-0,-0.155885,-0.015777,0.0808303,0.617031,0.53501,0.141287,-0.0178256,-0.935072,0.435561,-0.708872,-16.044,-0.0675358,-0.300356,nan,nan,0,0.785984,-0.0488005,0.0644436,-19.4139,0.442992,-0.286743,nan,nan,0,0.51301,-0.162125,1.81361,-4.66422,-0.0534949,-0.0147984,nan,nan,0,0.229403,0.513604,-0.0276184,0.170937,0.604702,0.582778,nan,nan,0,0.888047,-0.283135,0.272544,15.5707,0.234023,nan,17.6917,20.4695,1,-0.120745,0.0955661,-0.581821,2.86934,-0.0603725,nan,-3.80543,-1.37551,1,0.740951,-0.713025,-0.217878,-0.512817,-0.0295246,-0.495355,nan,nan,0,0.372094,-0.0764127,-0.309939,-1.92918,0.136047,-0.16027,nan,nan,0,0.538554,0.279668,0.684322,4.32234,0.579277,0.506102,nan,nan,0,-0.74762,0.725488,-2.71581,-16.8742,0.11619,0.21267,nan,nan,0,0.32863,-0.180773,0.584744,0.552856,-0.045685,nan,3.85096,1.73333,1,-0.565486,-0.0307563,-3.60379,-1.41453,-0.282743,nan,-2.15392,-1.29405,1,0,0.95188,-0.019778,0.036102,0.303691,0.53501,0.141287,-0.0178256,2.66322,5.09008,9.23382
1787645125156238892,0.279193,-0.960235,0.582955,0.399351,0.4,-0,-0.211896,-0.0114502,0.0818656,0.615658,0.390253,0.214735,-0.253498,-0.148506,0.427125,-0.899132,-14.1392,0.325747,-0.232691,nan,nan,0,1.29371,-0.0472665,0.23629,-11.9414,0.696855,0.0773546,nan,nan,0,0.288098,-0.141992,2.07138,-3.98046,-0.165951,-0.00569305,nan,nan,0,0.189608,0.514179,0.09513,2.27106,0.584804,0.603209,nan,nan,0,0.462346,-0.277516,0.922457,18.7022,0.021173,nan,9.07045,20.0681,1,-0.236775,0.0799054,-2.21052,0.812317,-0.118388,nan,-2.63301,-2.6217,1,1.58524,-0.713791,0.00306892,1.88034,0.392619,-0.291277,nan,nan,0,1.24001,-0.0804396,-0.432689,-0.463982,0.570005,-0.0398132,nan,nan,0,0.950807,0.288872,1.04029,3.34554,0.785403,0.53462,nan,nan,0,-0.592547,0.695575,-3.12088,-18.3394,0.193726,0.144206,nan,nan,0,0.543315,-0.174188,0.644124,1.3877,0.0616577,nan,7.28841,2.72085,1,-0.818719,-0.0672443,-3.767,-1.20309,-0.409359,nan,-4.61295,-1.20044,1,0,0.952108,-0.01785,0.037264,0.302955,0.390253,0.214735,-0.253498,0.893199,-0.034336,7.23822
1787645125166217662,0.174717,-0.984619,0.582963,0.399364,0.4,-0,-0.211896,-0.00697632,0.0837146,0.612266,0.504847,0.050102,-0.393098,0.534397,0.41677,-1.10167,-13.4554,0.667199,-0.00592633,nan,nan,0,1.00278,-0.0422807,0.610673,-3.49207,0.551392,0.428737,nan,nan,0,-0.0343565,-0.121858,1.98546,-3.05251,-0.327178,-0.0640417,nan,nan,0,0.347891,0.51648,0.28539,3.15018,0.663945,0.602629,nan,nan,0,-0.0949929,-0.265642,1.31591,19.8864,-0.257496,nan,-1.68877,15.7315,1,-0.103236,0.0462217,-3.55755,-1.7253,-0.051618,nan,2.40114,-2.4747,1,1.89829,-0.712449,0.205604,9.54823,0.549144,0.0253361,nan,nan,0,1.91576,-0.0848498,-0.432689,1.24542,0.907878,0.218313,nan,nan,0,1.25532,0.300186,1.21214,3.34554,0.937662,0.631033,nan,nan,0,-0.46149,0.661443,-3.53822,-15.7998,0.259255,0.139094,nan,nan,0,0.438869,-0.165275,0.843811,1.84169,0.00943431,nan,4.84912,4.54021,1,-0.91639,-0.104267,-3.83919,-1.42717,-0.458195,nan,-4.85905,-2.15174,1,0,0.952621,-0.015934,0.038849,0.301247,0.504847,0.050102,-0.393098,-0.636145,2.60628,7.27816
1787645125176233516,0.0682241,-0.99767,0.58297,0.399377,0.4,-0,-0.211896,-0.0022837,0.0835563,0.60776,0.557306,0.00267461,-0.501661,0.904942,0.405073,-1.16304,-7.15507,0.852471,0.324534,nan,nan,0,0.263304,-0.0319266,1.24897,-1.00122,0.181652,0.598424,nan,nan,0,-0.250955,-0.106326,1.31648,-3.39439,-0.435477,-0.181265,nan,nan,0,0.508068,0.520315,0.432689,2.02686,0.744034,0.619627,nan,nan,0,-0.310627,-0.257693,0.732092,19.6083,-0.365314,nan,-4.86486,7.79759,1,0.0352846,0.0172553,-2.61025,-4.9116,0.0176423,nan,3.92698,-0.507954,1,1.91477,-0.70823,0.530887,14.6276,0.557383,0.334658,nan,nan,0,2.09815,-0.0883012,-0.273115,8.76679,0.999074,0.564905,nan,nan,0,1.13334,0.316101,1.7952,3.83395,0.876669,0.780106,nan,nan,0,-0.294308,0.623285,-3.93716,-9.79243,0.342846,0.186336,nan,nan,0,0.426842,-0.154104,1.08217,3.47786,0.00342115,nan,3.89013,5.41708,1,-0.825917,-0.142499,-3.9696,-1.78684,-0.412959,nan,-2.15939,-3.3703,1,0,0.953335,-0.013586,0.039511,0.299009,0.557306,0.00267461,-0.501661,-0.074936,0.085259,8.47345
1787645125186209247,-0.0390605,-0.999237,0.582977,0.39939,0.4,-0,-0.211896,0.00462196,0.082644,0.602684,0.953105,-0.244366,-0.53666,1.1275,0.394144,-1.03416,-1.44078,0.963751,0.634668,nan,nan,0,-0.257948,-0.0146689,1.91794,6.12943,-0.0789741,0.495591,nan,nan,0,-0.399656,-0.09693,0.794796,-6.12943,-0.509828,-0.317239,nan,nan,0,0.558785,0.526259,0.659773,0.805862,0.769392,0.671761,nan,nan,0,-0.318318,-0.257734,-0.455163,11.0387,-0.369159,nan,-3.21711,0.400509,1,0.0944283,0.00456101,-0.521325,-2.65073,0.0472141,nan,2.06158,1.56389,1,1.44999,-0.699602,1.02188,19.6093,0.324994,0.517966,nan,nan,0,1.85369,-0.0879178,0.199466,18.779,0.876847,0.847962,nan,nan,0,0.685692,0.339686,2.66671,3.39439,0.652846,0.873798,nan,nan,0,-0.206892,0.586277,-4.16424,-2.85714,0.386554,0.261132,nan,nan,0,0.167562,-0.138652,1.29848,6.97982,-0.126219,nan,-1.51254,4.85403,1,-0.660921,-0.18646,-3.96875,-4.91367,-0.33046,nan,1.63312,-3.16156,1,0,0.954149,-0.010056,0.040134,0.296457,0.953105,-0.244366,-0.53666,-0.578219,-1.73768,12.019
1787645125196222301,-0.145901,-0.989299,0.582984,0.399402,0.4,-0,-0.211896,0.0149294,0.080213,0.596629,1.20161,-0.0890758,-0.647929,1.3003,0.385323,-0.819346,2.90598,1.05015,0.854083,nan,nan,0,-0.294894,0.00738239,2.23095,12.8205,-0.097447,0.23074,nan,nan,0,-0.475175,-0.0955877,-0.193328,-5.54334,-0.547587,-0.432984,nan,nan,0,0.605896,0.534313,0.874582,2.17339,0.792948,0.728434,nan,nan,0,-0.204743,-0.268093,-1.16026,2.66707,-0.312371,nan,0.190653,-3.05276,1,0.0883732,0.0103276,0.70893,0.280236,0.0441866,nan,-0.0476241,2.01615,1,1.136,-0.685604,1.58652,17.2161,0.167998,0.506058,nan,nan,0,1.64495,-0.0827403,0.659773,30.5006,0.772473,0.951439,nan,nan,0,0.243048,0.377844,4.21948,0.463982,0.431524,0.824674,nan,nan,0,-0.144229,0.544859,-3.4032,-21.2698,0.417885,0.33397,nan,nan,0,0.190532,-0.127984,0.986105,7.98877,-0.114734,nan,-1.01541,2.39284,1,-0.62034,-0.203047,-0.82991,-9.86953,-0.31017,nan,-1.96883,-1.51194,1,0,0.955125,-0.004655,0.040516,0.293379,1.20161,-0.0890758,-0.647929,0.866791,1.6017,11.6673
1787645125206236731,-0.251068,-0.967969,0.582991,0.399414,0.4,-0,-0.000401159,0.022994,0.078692,0.590627,0.0591993,-0.496563,-0.201916,1.42526,0.37957,-0.463376,9.10867,1.11263,0.989885,nan,nan,0,-0.15691,0.0265574,1.72768,13.4554,-0.0284551,0.00753692,nan,nan,0,-0.572941,-0.110544,-2.20027,0.122101,-0.596471,-0.511491,nan,nan,0,0.901776,0.544667,1.08325,11.8926,0.940888,0.770456,nan,nan,0,-0.112918,-0.282526,-1.56891,-1.59105,-0.266459,nan,2.9157,-2.51946,1,0.0751913,0.0233471,1.32427,1.27468,0.0375956,nan,-1.55895,1.00552,1,0.600765,-0.66547,2.21254,18.9255,-0.0996173,0.362071,nan,nan,0,2.43984,-0.0743032,0.843896,39.4872,1.16992,0.906768,nan,nan,0,0.574792,0.410825,2.58692,6.86203,0.597396,0.656265,nan,nan,0,-0.164562,0.517822,-2.40894,-13.6508,0.407719,0.387828,nan,nan,0,0.0555589,-0.126709,0.317992,4.14052,-0.182221,nan,-2.41988,0.160525,1,-0.966282,-0.183851,3.49123,-6.6905,-0.483141,nan,-14.2156,-1.94334,1,0,0.956038,-0.000457,0.040974,0.290363,0.0591993,-0.496563,-0.201916,1.8725,-4.70442,26.2682
1787645125216498171,-0.353349,-0.935492,0.582998,0.399425,0.4,-0,-0.000401159,0.0197273,0.0791814,0.591177,-0.250969,0.791851,-0.191201,1.63668,0.377269,-0.181053,14.823,1.21834,1.07327,nan,nan,0,0.296806,0.039021,1.29806,1.73382,0.198403,-0.0756379,nan,nan,0,-0.706994,-0.141416,-3.67325,1.53846,-0.663497,-0.564481,nan,nan,0,0.920464,0.554447,1.07098,14.2369,0.950232,0.839948,nan,nan,0,-0.186231,-0.296834,-1.74325,-1.85738,-0.303116,nan,2.39503,0.0714723,1,0.0532057,0.0389664,1.85023,0.407765,0.0266029,nan,-3.14624,-0.57751,1,1.66242,-0.642269,2.67898,12.6252,0.431209,0.145378,nan,nan,0,3.63029,-0.0666332,0.874582,34.7985,1.76515,0.960316,nan,nan,0,1.14958,0.425015,1.29193,4.17583,0.884792,0.558977,nan,nan,0,0.0737216,0.50114,-2.02228,-3.73627,0.526861,0.412744,nan,nan,0,0.784448,-0.123644,0.0683812,0.859632,0.182224,nan,10.6028,-1.22019,1,-1.19005,-0.130771,5.66658,-4.3795,-0.595023,nan,-22.4274,-7.51889,1,0,0.955948,-0.002101,0.040733,0.290687,-0.250969,0.791851,-0.191201,-8.57819,8.46402,22.7886
1787645125226294739,-0.451566,-0.892238,0.583005,0.399437,0.4,-0,-0.000401159,0.0238563,0.0880928,0.584979,0.642246,0.41726,-0.792188,1.62048,0.378036,0.224015,13.5531,1.21024,1.14737,nan,nan,0,0.0162677,0.0528274,1.29193,-10.9157,0.0581338,0.000899812,nan,nan,0,-0.626055,-0.181684,-3.34183,-0.708183,-0.623027,-0.614886,nan,nan,0,0.688959,0.567486,1.26738,13.5531,0.834479,0.909462,nan,nan,0,-0.255333,-0.31285,-1.81607,-0.379905,-0.337667,nan,1.85554,2.14409,1,0.081688,0.0572062,1.97342,-0.30275,0.040844,nan,-3.451,-2.26367,1,1.92484,-0.610438,2.99813,12.9182,0.562421,0.144729,nan,nan,0,2.69466,-0.0549364,1.21214,31.4286,1.29733,1.26941,nan,nan,0,0.508307,0.432877,0.573849,2.27106,0.564154,0.647032,nan,nan,0,0.140274,0.478897,-1.81975,5.15263,0.560137,0.455174,nan,nan,0,1.04249,-0.128677,-0.171528,-0.423874,0.311244,nan,15.6545,2.24089,1,-0.830945,-0.0695972,5.74692,-6.43161,-0.415473,nan,-18.9966,-15.8277,1,0,0.956683,-0.001285,0.045595,0.287534,0.642246,0.41726,-0.792188,-9.131,10.6549,6.79203
1787645125236407721,-0.544587,-0.838704,0.583011,0.399448,0.4,-0,-0.000401159,0.0301347,0.0904191,0.579874,0.767973,-0.168074,-0.415896,1.33854,0.382638,0.567711,13.8462,1.06927,1.19748,nan,nan,0,0.0434141,0.0675921,1.59266,-17.0696,0.0717071,0.0714129,nan,nan,0,-0.495883,-0.205077,-1.99773,-7.78999,-0.557942,-0.637831,nan,nan,0,0.4906,0.581292,1.62949,11.2576,0.7353,0.908611,nan,nan,0,-0.122811,-0.332913,-1.70586,1.38685,-0.271406,nan,4.71155,2.77709,1,0.00612863,0.0824218,1.54191,-0.9572,0.00306432,nan,-4.69359,-3.39468,1,1.32165,-0.579374,3.13315,10.9646,0.260825,0.327981,nan,nan,0,1.48276,-0.0392127,1.7461,36.5568,0.691381,1.43572,nan,nan,0,0.0357936,0.440163,0.850033,4.46886,0.327897,0.680947,nan,nan,0,0.0208082,0.463557,-1.67245,7.93651,0.500404,0.511578,nan,nan,0,0.912583,-0.131055,-0.137859,2.22136,0.246292,nan,13.4139,8.95081,1,-0.793503,-0.0210554,3.64993,-13.3697,-0.396751,nan,-16.7458,-20.1474,1,0,0.957368,0.001504,0.047606,0.284915,0.767973,-0.168074,-0.415896,1.00813,-6.94236,0.586965
1787645125246244589,-0.631339,-0.775507,0.583018,0.399459,0.4,-0,-0.000401159,0.0364026,0.0880569,0.577616,0.601376,0.101419,0.111699,1.23227,0.390691,0.843896,19.707,1.01613,1.16998,nan,nan,0,0.159241,0.0863838,1.87498,-7.00854,0.129621,0.0865728,nan,nan,0,-0.450711,-0.221184,-1.51901,-7.10622,-0.535355,-0.614877,nan,nan,0,0.533272,0.602767,2.04683,5.88522,0.756636,0.839587,nan,nan,0,-0.00874623,-0.344799,-1.44726,1.80246,-0.214373,nan,6.73578,3.47606,1,0.00736439,0.0889397,0.754177,-2.30938,0.0036822,nan,-3.68899,-4.01892,1,0.856588,-0.547736,3.06564,18.9255,0.0282938,0.389634,nan,nan,0,1.44585,-0.0179291,2.16958,48.2295,0.672924,1.21067,nan,nan,0,0.0932781,0.444957,0.101268,9.98779,0.356639,0.554739,nan,nan,0,0.0862227,0.447641,-1.50674,15.1648,0.533111,0.529917,nan,nan,0,0.93051,-0.131106,0.326945,7.56677,0.255255,nan,13.0322,13.1487,1,-0.954291,-0.00471576,1.12359,-17.828,-0.477145,nan,-15.8583,-19.3667,1,0,0.957724,0.004896,0.047363,0.283719,0.601376,0.101419,0.111699,4.20423,-4.32454,1.10939
1787645125256373503,-0.710822,-0.703372,0.583024,0.39947,0.4,-0,-0.207018,0.0386065,0.0859843,0.578388,0.0996106,-0.420942,0.10242,1.27979,0.399129,0.85617,21.5629,1.0399,1.09634,nan,nan,0,-0.0312888,0.103449,1.68472,-1.44078,0.0343556,0.101547,nan,nan,0,-0.521021,-0.243427,-2.59306,-1.68498,-0.57051,-0.573917,nan,nan,0,0.623944,0.624435,2.28619,0.903542,0.801972,0.778355,nan,nan,0,0.037586,-0.356919,-1.17434,2.46181,-0.191207,nan,7.56143,4.93427,1,0.0139319,0.0924311,-0.0459101,-2.84289,0.00696597,nan,-2.49509,-3.95336,1,0.175104,-0.51974,2.70353,28.9866,-0.312448,0.264598,nan,nan,0,2.04878,0.00201321,1.89339,54.7253,0.97439,0.894249,nan,nan,0,0.18055,0.434794,-1.72768,13.9438,0.400275,0.421496,nan,nan,0,0.195457,0.434411,-1.24897,11.9902,0.587728,0.530582,nan,nan,0,0.644279,-0.122842,0.910762,11.4324,0.11214,nan,6.8582,14.0007,1,-1.067,0.00695395,1.39851,-21.5574,-0.5335,nan,-18.3114,-17.1482,1,0,0.957646,0.006229,0.046686,0.284068,0.0996106,-0.420942,0.10242,-0.37222,-7.56073,4.87497
1787645125266299419,-0.782119,-0.623129,0.58303,0.399481,0.4,-0,-0.207018,0.039574,0.0793802,0.582716,0.162325,-0.780779,0.736965,1.14154,0.408141,0.843896,15.6532,0.970768,1.04639,nan,nan,0,-0.139951,0.118406,1.24897,2.12454,-0.0199753,0.0879249,nan,nan,0,-0.401597,-0.274299,-2.91221,0.805862,-0.510798,-0.556212,nan,nan,0,0.653351,0.647637,2.3537,-5.49451,0.816675,0.767515,nan,nan,0,0.0308134,-0.367312,-0.805642,3.72921,-0.194593,nan,7.2536,6.42483,1,0.0430214,0.0851733,-0.953215,-2.60683,0.0215107,nan,-0.480056,-3.11188,1,0.0666432,-0.49462,2.19413,20.1465,-0.366678,0.00651277,nan,nan,0,1.81079,0.0171614,1.18145,37.8755,0.855395,0.805794,nan,nan,0,0.524473,0.397595,-3.44002,13.2601,0.572237,0.371647,nan,nan,0,0.0533956,0.422139,-0.954369,16.8254,0.516698,0.549599,nan,nan,0,0.778665,-0.112462,1.2022,14.1846,0.179332,nan,8.40948,11.4637,1,-1.10829,0.0288771,2.68168,-18.3815,-0.554145,nan,-21.5132,-17.1047,1,0,0.957138,0.007541,0.043679,0.286219,0.162325,-0.780779,0.736965,1.44615,-2.45234,12.2719
1787645125276387640,-0.844407,-0.535702,0.583036,0.399491,0.4,-0,-0.207018,0.041501,0.0701148,0.592538,0.270876,-0.586138,1.30951,0.792132,0.416194,0.899132,16.1416,0.796066,1.00813,nan,nan,0,-0.110573,0.128185,1.00961,0.610504,-0.00528643,0.0405205,nan,nan,0,-0.34086,-0.301336,-2.92448,1.8315,-0.48043,-0.53946,nan,nan,0,0.493877,0.668921,2.31074,-5.78754,0.736938,0.786485,nan,nan,0,-0.0147471,-0.371723,-0.362291,4.21201,-0.217374,nan,5.94568,7.16056,1,-0.0106078,0.0733256,-1.47405,-2.49026,-0.0053039,nan,-0.147802,-1.61855,1,0.336464,-0.476596,1.91794,11.9902,-0.231768,-0.231089,nan,nan,0,1.28519,0.0257907,0.90527,32.1123,0.592595,0.828156,nan,nan,0,1.00956,0.371133,-2.56237,8.71795,0.814782,0.430166,nan,nan,0,-0.0987472,0.415236,-0.807072,12.9182,0.440626,0.54976,nan,nan,0,0.775736,-0.102033,0.637444,13.5969,0.177868,nan,8.84038,8.98935,1,-1.15256,0.0597308,2.83441,-16.4596,-0.576278,nan,-23.3319,-19.2421,1,0,0.955851,0.009602,0.03957,0.291016,0.270876,-0.586138,1.30951,4.03772,3.98939,15.1347
1787645125286383008,-0.896967,-0.442098,0.583042,0.399501,0.4,-0,-0.207018,0.0465636,0.0639016,0.604633,0.400438,-0.527766,1.11971,0.809834,0.425782,1.01574,11.5507,0.804917,0.923545,nan,nan,0,0.14921,0.13643,0.76411,-0.854698,0.124605,0.00420135,nan,nan,0,-0.330156,-0.327606,-2.4519,1.29426,-0.475078,-0.51134,nan,nan,0,0.349077,0.693274,2.16344,-4.95727,0.664539,0.77989,nan,nan,0,-0.0873459,-0.370081,0.114518,5.03703,-0.253673,nan,3.90252,6.81114,1,-0.0760922,0.0531148,-1.96627,-1.28443,-0.0380461,nan,0.21458,-0.283808,1,0.353611,-0.459339,1.66017,6.17827,-0.223194,-0.311936,nan,nan,0,0.989017,0.0342274,0.831621,29.768,0.444508,0.761186,nan,nan,0,0.969544,0.354067,-1.39013,7.69231,0.794772,0.593418,nan,nan,0,-0.230658,0.4091,-0.463376,11.8926,0.374671,0.508571,nan,nan,0,0.766604,-0.0998455,0.0751676,11.2096,0.173302,nan,9.44741,8.37502,1,-1.15678,0.0794593,1.56432,-16.7312,-0.578392,nan,-22.082,-21.5323,1,0,0.954124,0.012704,0.037416,0.29679,0.400438,-0.527766,1.11971,1.50997,-0.124809,13.8829
1787645125296302641,-0.939192,-0.343393,0.583048,0.399511,0.4,-0,-0.207018,0.0487844,0.0578506,0.61602,0.175086,-0.329614,1.1159,0.878778,0.437095,1.13849,8.47375,0.839389,0.842989,nan,nan,0,0.331331,0.142758,0.567711,-2.46642,0.215666,0.0331558,nan,nan,0,-0.332467,-0.347931,-1.81975,1.24542,-0.476233,-0.487498,nan,nan,0,0.223724,0.713791,1.96091,-5.05495,0.601862,0.733378,nan,nan,0,-0.0680244,-0.366434,0.669397,4.87341,-0.244012,nan,3.28066,5.45092,1,-0.0977057,0.0336499,-2.03525,-0.153366,-0.0488529,nan,0.577791,0.463587,1,0.559691,-0.44419,1.40854,3.83395,-0.120154,-0.289011,nan,nan,0,0.924832,0.0426645,0.831621,26.4469,0.412416,0.613401,nan,nan,0,0.9937,0.347931,-0.187191,8.52259,0.80685,0.735945,nan,nan,0,-0.173934,0.406223,-0.21174,6.61783,0.403033,0.44361,nan,nan,0,0.860039,-0.103915,-0.462083,10.7189,0.220019,nan,12.0308,8.86397,1,-1.1326,0.0797105,-0.485683,-18.1667,-0.566302,nan,-18.6519,-22.1244,1,0,0.95247,0.014467,0.034943,0.302274,0.175086,-0.329614,1.1159,0.874236,-1.55068,10.0042
1787645125306334710,-0.970593,-0.240726,0.583054,0.399521,0.4,-0,-0.556867,0.0519428,0.0533641,0.624017,0.244768,-0.553077,0.514283,0.918223,0.4486,1.17532,7.83883,0.859111,0.81585,nan,nan,0,0.258608,0.147169,0.402001,-2.8083,0.179304,0.114892,nan,nan,0,-0.458264,-0.362504,-1.34103,0.708183,-0.539132,-0.476086,nan,nan,0,0.2194,0.729898,1.73382,-6.37363,0.5997,0.667675,nan,nan,0,-0.0937259,-0.356467,1.1759,3.85878,-0.256863,nan,1.72228,3.91145,1,-0.0562176,0.013055,-1.88051,0.199121,-0.0281088,nan,1.58585,0.795856,1,0.0914097,-0.431918,1.17532,5.05495,-0.354295,-0.217958,nan,nan,0,0.866276,0.0501428,0.702735,23.5653,0.383138,0.483547,nan,nan,0,0.564564,0.352917,0.757972,9.59707,0.592282,0.803106,nan,nan,0,-0.145705,0.405265,-0.0767183,3.34554,0.417148,0.403029,nan,nan,0,0.49876,-0.114335,-1.15913,12.3405,0.0393799,nan,7.1187,10.3247,1,-1.12526,0.0584645,-2.4695,-19.5161,-0.56263,nan,-14.9286,-20.4037,1,0,0.951271,0.016519,0.033351,0.306099,0.244768,-0.553077,0.514283,-1.95833,2.35647,8.88879
1787645125316409693,-0.990807,-0.13528,0.58306,0.399531,0.4,-0,-0.556867,0.0541279,0.0481832,0.62726,0.15633,-0.541703,0.215692,0.909975,0.460489,1.21214,6.37363,0.854987,0.827272,nan,nan,0,0.210105,0.150045,0.254703,-0.170937,0.155052,0.172644,nan,nan,0,-0.425325,-0.372667,-0.929819,0.0732574,-0.522663,-0.49381,nan,nan,0,0.366267,0.744855,1.4024,-13.1136,0.673134,0.618663,nan,nan,0,-0.0541882,-0.342244,1.48852,2.62336,-0.237094,nan,1.44747,2.49836,1,-0.0269748,-0.00747791,-1.75026,0.353477,-0.0134874,nan,2.44511,1.20359,1,-0.207971,-0.421564,1.00961,6.37363,-0.503986,-0.228921,nan,nan,0,0.836577,0.0553203,0.432689,21.8559,0.368289,0.407265,nan,nan,0,0.305039,0.365764,1.48833,8.57143,0.462519,0.75118,nan,nan,0,-0.202915,0.404881,-0.0521679,0.708183,0.388542,0.397679,nan,nan,0,0.326429,-0.131068,-2.0324,11.5619,-0.0467857,nan,5.99848,10.262,1,-1.06996,0.0275778,-3.48597,-19.0878,-0.53498,nan,-11.6478,-17.2036,1,0,0.950796,0.018304,0.031252,0.307691,0.15633,-0.541703,0.215692,-1.63624,-0.629594,7.46379
1787645125326302230,-0.9996,-0.0282687,0.583065,0.39954,0.4,-0,-0.556867,0.0557107,0.042163,0.627493,0.0650181,-0.718702,-0.089569,0.806312,0.472377,1.21828,8.91331,0.803156,0.844307,nan,nan,0,0.0859326,0.151579,0.107406,1.97802,0.0929663,0.181953,nan,nan,0,-0.309673,-0.380912,-0.800934,-0.463982,-0.464836,-0.515003,nan,nan,0,0.523491,0.756743,0.942094,-13.5531,0.751745,0.62145,nan,nan,0,-0.0147313,-0.329901,1.70258,2.20208,-0.217366,nan,1.38487,1.48862,1,-0.0268712,-0.0180676,-1.52505,0.850717,-0.0134356,nan,2.42654,1.78276,1,-0.673753,-0.412359,0.868444,5.05495,-0.736876,-0.34273,nan,nan,0,0.885059,0.0564709,-0.0276184,20.8303,0.39253,0.372012,nan,nan,0,0.196389,0.381104,1.42695,7.74115,0.408195,0.617752,nan,nan,0,-0.2639,0.404498,0.00306892,-1.5873,0.35805,0.396608,nan,nan,0,0.0431809,-0.15181,-2.28171,10.4397,-0.18841,nan,2.14159,8.67383,1,-1.02451,-0.0055341,-3.42915,-17.2665,-0.512257,nan,-10.058,-13.8336,1,0,0.950784,0.019983,0.028637,0.307878,0.0650181,-0.718702,-0.089569,-1.39043,0.786922,8.76003
1787645125336375925,-0.996869,0.079073,0.58307,0.399549,0.4,-0,-0.556867,0.055317,0.0345776,0.626017,-0.0474168,-0.763837,-0.0708194,0.627454,0.484457,1.19987,7.35043,0.713727,0.836651,nan,nan,0,-0.0723984,0.152154,0.0521679,1.5873,0.0138008,0.150553,nan,nan,0,-0.213525,-0.389158,-0.917544,-0.512817,-0.416762,-0.505014,nan,nan,0,0.485873,0.763646,0.5002,-9.69475,0.732937,0.673178,nan,nan,0,-0.0209523,-0.311349,1.82789,1.36088,-0.220476,nan,0.438721,0.996108,1,0.0157655,-0.0325647,-1.18367,1.13309,0.00788276,nan,2.98894,2.23451,1,-1.11035,-0.403731,0.770247,0.317459,-0.955174,-0.526323,nan,nan,0,0.808073,0.0534029,-0.395864,18.6813,0.354037,0.369392,nan,nan,0,0.145253,0.390883,0.579986,6.2271,0.382626,0.49091,nan,nan,0,-0.218707,0.405648,0.174916,-6.2271,0.380646,0.382497,nan,nan,0,-0.215275,-0.176587,-1.88552,6.4593,-0.317637,nan,-2.10849,5.92235,1,-0.924858,-0.0396167,-2.14398,-15.0284,-0.462429,nan,-9.4684,-11.3484,1,0,0.951052,0.020986,0.024956,0.307304,-0.0474168,-0.763837,-0.0708194,0.953823,0.941584,10.1341
1787645125346325677,-0.982643,0.185508,0.583076,0.399558,0.4,-0,-0.556867,0.0551931,0.0279827,0.625587,-0.0558745,-0.53752,0.0310623,0.503608,0.496346,1.18759,5.44566,0.651804,0.789009,nan,nan,0,-0.0931395,0.152346,0.00920582,1.29426,0.00343027,0.0886987,nan,nan,0,-0.195618,-0.399512,-0.960506,-0.0732574,-0.407809,-0.467086,nan,nan,0,0.293987,0.766331,0.23629,-5.78754,0.636993,0.718208,nan,nan,0,-0.0404301,-0.296763,1.89057,1.17391,-0.230215,nan,-0.506671,0.604526,1,0.0340368,-0.0380131,-0.81361,1.53273,0.0170184,nan,2.87136,2.57915,1,-0.936956,-0.397019,0.708872,-2.17339,-0.868478,-0.745779,nan,nan,0,0.677862,0.0486083,-0.543161,15.6044,0.288931,0.367498,nan,nan,0,0.224264,0.390116,-0.273115,4.81075,0.422132,0.410977,nan,nan,0,-0.128793,0.409675,0.420414,-8.37607,0.425604,0.374451,nan,nan,0,-0.0914781,-0.186838,-1.34153,3.12673,-0.255739,nan,-0.399232,2.01733,1,-0.870427,-0.049518,-1.41793,-12.3495,-0.435213,nan,-9.44397,-10.0909,1,0,0.951141,0.021948,0.021797,0.307203,-0.0558745,-0.53752,0.0310623,-0.017038,3.75683,12.0897
1787645125356308449,-0.957085,0.289808,0.583081,0.399567,0.4,-0,-0.245637,0.0548502,0.0239179,0.625258,-0.0588001,-0.368432,-0.0663695,0.452312,0.508427,1.19373,4.27351,0.626156,0.720042,nan,nan,0,0.0728594,0.152154,-0.0214806,-1.0989,0.0864297,0.0334895,nan,nan,0,-0.215898,-0.407182,-0.71501,0.0244217,-0.417949,-0.430123,nan,nan,0,0.0630923,0.76729,0.0644436,-3.49207,0.521546,0.704951,nan,nan,0,-0.0465295,-0.278142,1.89309,0.711704,-0.233265,nan,-1.26895,-0.0412176,1,0.0449566,-0.0407259,-0.243105,1.7682,0.0224783,nan,2.26078,2.74432,1,-0.667752,-0.390692,0.592261,-7.64347,-0.733876,-0.874037,nan,nan,0,0.453384,0.0434313,-0.481788,10.6227,0.176692,0.338946,nan,nan,0,0.0153263,0.385706,-0.438826,2.71062,0.317663,0.390137,nan,nan,0,-0.10943,0.414085,0.494062,-7.93651,0.435285,0.390203,nan,nan,0,-0.121524,-0.194975,-0.771777,0.359833,-0.270762,nan,-1.49489,-0.538005,1,-0.745065,-0.0605689,-1.2401,-9.64751,-0.372532,nan,-7.49876,-9.59456,1,0,0.951202,0.022414,0.019808,0.307112,-0.0588001,-0.368432,-0.0663695,-2.011,1.42488,9.72278
1787645125366249892,-0.920488,0.39077,0.583086,0.399576,0.4,-0,-0.245637,0.0550442,0.0209733,0.624422,-0.0119284,-0.42445,-0.0378774,0.272195,0.520123,1.17532,3.68742,0.536097,0.661014,nan,nan,0,0.15189,0.151771,-0.0521679,-3.15018,0.125945,0.0323126,nan,nan,0,-0.0814991,-0.412743,-0.444963,0.854698,-0.35075,-0.413254,nan,nan,0,-0.0851722,0.767098,-0.046031,-4.7619,0.447414,0.630439,nan,nan,0,-0.0609602,-0.259568,1.83084,0.129707,-0.24048,nan,-2.07818,-0.832943,1,0.0588365,-0.0437949,0.336561,1.93534,0.0294183,nan,1.69155,2.52221,1,-0.620978,-0.386665,0.309939,-11.3553,-0.710489,-0.858658,nan,nan,0,-0.00137497,0.0397882,-0.297665,9.45055,-0.0506875,0.270255,nan,nan,0,-0.073404,0.381104,-0.432689,1.88034,0.273298,0.366761,nan,nan,0,-0.26799,0.419837,0.506338,-7.39927,0.356005,0.414477,nan,nan,0,-0.304906,-0.203099,-0.733594,-0.359134,-0.362453,nan,-4.477,-1.51336,1,-0.622003,-0.0765684,-1.39273,-9.3406,-0.311001,nan,-4.94389,-8.70856,1,0,0.951332,0.022967,0.018428,0.306756,-0.0119284,-0.42445,-0.0378774,-2.68447,2.29859,6.08453
1787645125376232601,-0.873274,0.487229,0.583091,0.399584,0.4,-0,-0.245637,0.0547427,0.0163442,0.624152,-0.14548,-0.58065,0.0452643,0.129642,0.531628,1.14463,0.952377,0.464821,0.599969,nan,nan,0,0.0602159,0.150812,-0.101268,-3.15018,0.080108,0.0714916,nan,nan,0,0.0821888,-0.414852,-0.09513,0.170937,-0.268906,-0.389408,nan,nan,0,-0.269558,0.765756,-0.199466,-9.10867,0.355221,0.534212,nan,nan,0,-0.23338,-0.243055,1.72443,-0.0323451,-0.32669,nan,-5.51388,-1.62619,1,0.17288,-0.0368988,0.870643,1.60836,0.0864401,nan,2.3942,1.96311,1,-0.928088,-0.385131,0.0767183,-9.40171,-0.864044,-0.786066,nan,nan,0,-0.337362,0.0380626,-0.11968,6.61783,-0.218681,0.132969,nan,nan,0,-0.135774,0.378612,-0.217878,0.757019,0.242113,0.322326,nan,nan,0,-0.289582,0.425015,0.537024,-7.00854,0.345209,0.404835,nan,nan,0,-0.531061,-0.211104,-0.937206,-0.769209,-0.475531,nan,-7.84912,-2.64956,1,-0.440375,-0.0918305,-1.5602,-8.37187,-0.220187,nan,-1.51041,-6.91033,1,0,0.951378,0.023537,0.016177,0.306697,-0.14548,-0.58065,0.0452643,-2.92906,-0.728019,4.35788
1787645125386212661,-0.815985,0.578073,0.583096,0.399592,0.4,-0,-0.245637,0.0529034,0.0116623,0.624148,-0.250137,-0.496501,-0.0109481,0.148469,0.54275,1.11394,-0.757019,0.474235,0.530409,nan,nan,0,0.0806108,0.14947,-0.162642,-1.5873,0.0903054,0.0930168,nan,nan,0,0.0132701,-0.414469,0.046031,0.805862,-0.303365,-0.337969,nan,nan,0,-0.42084,0.761729,-0.494062,-13.895,0.27958,0.437767,nan,nan,0,-0.404174,-0.228604,1.57321,-0.892734,-0.412087,nan,-8.78173,-3.24912,1,0.263638,-0.0234697,1.38831,1.32735,0.131819,nan,2.5762,1.66934,1,-0.831988,-0.385706,-0.0705805,-10.4762,-0.815994,-0.780943,nan,nan,0,-0.345183,0.037487,-0.0337563,3.15018,-0.222592,-0.04578,nan,nan,0,-0.196509,0.374968,-0.457238,-0.170937,0.211745,0.27709,nan,nan,0,-0.250139,0.431535,0.71501,-11.0134,0.364931,0.374916,nan,nan,0,-0.498232,-0.218967,-1.02749,-2.67506,-0.459116,nan,-6.86397,-4.80681,1,-0.282797,-0.10457,-1.37565,-7.79523,-0.141399,nan,0.95861,-4.24963,1,0,0.951396,0.023381,0.013668,0.306774,-0.250137,-0.496501,-0.0109481,-3.05183,0.422943,4.27397
1787645125396231345,-0.749281,0.662252,0.5831,0.399601,0.4,-0,-0.245637,0.0499788,0.00710302,0.624268,-0.417479,-0.404691,0.0835341,0.217398,0.55368,1.07098,-2.17339,0.508699,0.484245,nan,nan,0,0.131052,0.147169,-0.26084,0.170937,0.115526,0.0952609,nan,nan,0,-0.0770182,-0.41466,0.0276184,2.51526,-0.348509,-0.302675,nan,nan,0,-0.691098,0.753675,-0.935957,-17.265,0.144451,0.348616,nan,nan,0,-0.729074,-0.216194,1.34964,-2.30001,-0.574537,nan,-14.5665,-5.88981,1,0.267847,-0.00533435,1.76261,1.23606,0.133924,nan,1.53381,1.76012,1,-0.582392,-0.386473,-0.0889931,-11.6972,-0.691196,-0.804792,nan,nan,0,-0.518086,0.0367203,-0.113543,0.463982,-0.309043,-0.176113,nan,nan,0,-0.221028,0.368449,-0.770247,0.170937,0.199486,0.238903,nan,nan,0,-0.181011,0.439971,0.874582,-17.5092,0.399495,0.359467,nan,nan,0,-0.322576,-0.231248,-1.1209,-4.87723,-0.371288,nan,-3.22006,-6.39585,1,-0.0966256,-0.116116,-0.377602,-6.22195,-0.0483128,nan,2.60051,-1.50557,1,0,0.951404,0.022689,0.011052,0.306908,-0.417479,-0.404691,0.0835341,-2.47039,-0.497084,4.85807
1787645125406230383,-0.673931,0.738794,0.583105,0.399609,0.4,-0,-0.262505,0.0458244,0.00448252,0.624278,-0.427575,-0.266665,-0.0489303,0.2006,0.563651,0.985056,-2.90598,0.5003,0.479262,nan,nan,0,-0.0609121,0.144101,-0.328352,0.0244217,0.0195439,0.101344,nan,nan,0,-0.227008,-0.412743,0.224015,2.90598,-0.423504,-0.309289,nan,nan,0,-0.808449,0.740637,-1.46378,-18.3394,0.0857757,0.24873,nan,nan,0,-0.943241,-0.203708,1.0049,-4.30051,-0.681621,nan,-18.2343,-9.86326,1,0.281269,0.0115323,2.09138,1.54986,0.140634,nan,0.735998,1.61144,1,-0.466786,-0.387432,-0.0889931,-12.7228,-0.633393,-0.775383,nan,nan,0,-0.61789,0.0346107,-0.254703,-4.37119,-0.358945,-0.259028,nan,nan,0,-0.299385,0.35982,-0.837758,-0.415138,0.160308,0.212122,nan,nan,0,0.023164,0.449367,0.966643,-18.779,0.501582,0.369888,nan,nan,0,-0.146157,-0.239544,-1.24367,-5.71455,-0.283079,nan,0.341794,-5.71227,1,0.00118693,-0.103772,1.20713,-3.9096,0.000593467,nan,1.32027,0.503555,1,0,0.951442,0.021115,0.009168,0.306965,-0.427575,-0.266665,-0.0489303,-3.0101,1.10888,7.47748
1787645125416230192,-0.590803,0.806816,0.58311,0.399616,0.4,-0,-0.262505,0.0422379,0.00283468,0.6232,-0.378477,-0.183699,-0.158079,0.108061,0.573046,0.911407,-3.58974,0.45403,0.489739,nan,nan,0,-0.371997,0.140649,-0.340627,-0.268623,-0.135999,0.0782309,nan,nan,0,-0.339697,-0.410058,0.309939,1.97802,-0.479849,-0.354793,nan,nan,0,-0.808844,0.721653,-2.07752,-21.0256,0.0855781,0.153848,nan,nan,0,-1.05476,-0.199448,0.432604,-7.28207,-0.737381,nan,-19.4766,-14.2874,1,0.419838,0.0379401,2.35306,1.21659,0.209919,nan,1.62977,1.02845,1,-0.443554,-0.388199,-0.0521679,-12.1856,-0.621777,-0.707831,nan,nan,0,-0.711069,0.030776,-0.426551,-7.15507,-0.405534,-0.320245,nan,nan,0,-0.373536,0.352725,-0.64136,-2.71062,0.123232,0.186531,nan,nan,0,0.0672584,0.459339,0.991194,-15.7509,0.523629,0.42031,nan,nan,0,-0.145861,-0.252515,-1.35208,-4.60443,-0.28293,nan,0.963562,-3.00632,1,0.0241936,-0.0821945,2.53098,-1.0868,0.0120968,nan,-0.967727,1.03268,1,0,0.951639,0.019666,0.007823,0.306485,-0.378477,-0.183699,-0.158079,-2.27351,1.27415,7.21136
1787645125426210793,-0.500854,0.865532,0.583114,0.399624,0.4,-0,-0.262505,0.0386701,0.00162855,0.621179,-0.384332,-0.123999,-0.214818,0.108507,0.581484,0.819346,-3.19902,0.454253,0.482447,nan,nan,0,-0.530003,0.137197,-0.322214,-1.88034,-0.215002,-0.00716191,nan,nan,0,-0.484998,-0.406415,0.371314,0.757019,-0.552499,-0.418291,nan,nan,0,-0.819122,0.699027,-2.67898,-24.0049,0.0804392,0.097074,nan,nan,0,-1.23884,-0.199109,-0.510188,-10.7421,-0.829422,nan,-21.2957,-17.5293,1,0.439837,0.0603177,2.62594,0.835704,0.219919,nan,0.849114,0.803197,1,-0.516417,-0.388391,-0.00306892,-9.98779,-0.658208,-0.650948,nan,nan,0,-0.699253,0.025599,-0.543161,-12.3321,-0.399626,-0.369396,nan,nan,0,-0.303838,0.347548,-0.5002,-3.68742,0.158081,0.155374,nan,nan,0,0.135393,0.469309,0.991194,-13.2112,0.557696,0.479955,nan,nan,0,-0.0844462,-0.267683,-1.42329,-3.29364,-0.252223,nan,2.67605,-0.311066,1,0.0597906,-0.0518319,3.55342,-0.202032,0.0298953,nan,-2.87832,0.00935449,1,0,0.951979,0.01816,0.006684,0.305548,-0.384332,-0.123999,-0.214818,-0.75207,0.731635,5.61516
1787645125436237105,-0.405123,0.914262,0.583118,0.399632,0.4,-0,-0.262505,0.0349967,0.00115853,0.619233,-0.397223,-0.0356254,-0.154907,0.0702018,0.589154,0.727284,-3.19902,0.435101,0.466673,nan,nan,0,-0.710388,0.133938,-0.352901,-3.39439,-0.305194,-0.117463,nan,nan,0,-0.677884,-0.403923,0.181053,-0.561661,-0.648942,-0.487999,nan,nan,0,-0.798236,0.664703,-3.34183,-21.2698,0.0908822,0.0759321,nan,nan,0,-1.34248,-0.21118,-1.62523,-12.7319,-0.881239,nan,-21.0142,-19.4851,1,0.458894,0.0869095,2.57269,0.632562,0.229447,nan,0.417087,0.669076,1,-0.562054,-0.388199,0.0337563,-8.42491,-0.681027,-0.63461,nan,nan,0,-0.658795,0.0200381,-0.543161,-14.9206,-0.379397,-0.397229,nan,nan,0,-0.192367,0.342371,-0.524749,-4.42002,0.213816,0.143393,nan,nan,0,0.195634,0.478705,1.06484,-8.62027,0.587817,0.527188,nan,nan,0,-0.042404,-0.280518,-1.24727,-1.27609,-0.231202,nan,3.59695,1.65214,1,0.0733268,-0.0115754,4.30437,-0.56657,0.0366634,nan,-5.00939,-1.8702,1,0,0.952307,0.016489,0.005883,0.304637,-0.397223,-0.0356254,-0.154907,-1.12659,-0.313217,3.14996
1787645125446421081,-0.304714,0.952444,0.583123,0.399639,0.4,-0,-0.262505,0.0297283,0.0014236,0.617695,-0.653793,0.0414765,-0.166093,-0.0946109,0.595673,0.635223,-3.58974,0.352695,0.450278,nan,nan,0,-0.795883,0.129336,-0.518612,-5.34798,-0.347942,-0.221907,nan,nan,0,-0.892626,-0.404498,-0.193328,-1.68498,-0.756313,-0.568438,nan,nan,0,-0.791114,0.627887,-3.81441,-22.149,0.094443,0.0764173,nan,nan,0,-1.331,-0.23537,-2.94783,-14.2737,-0.875499,nan,-17.9828,-20.2348,1,0.520603,0.114696,2.60919,0.347481,0.260302,nan,0.454374,0.402852,1,-0.665396,-0.387815,0.046031,-7.10622,-0.732698,-0.649828,nan,nan,0,-0.535906,0.0148606,-0.530887,-15.2625,-0.317953,-0.398462,nan,nan,0,-0.09961,0.338152,-0.365176,-5.49451,0.260195,0.165972,nan,nan,0,0.319584,0.490977,1.13235,-5.10378,0.649792,0.56369,nan,nan,0,-0.0127137,-0.290709,-0.920215,0.20841,-0.216357,nan,3.98264,2.95218,1,0.084072,0.0327587,4.59211,-1.92977,0.042036,nan,-6.60984,-4.00133,1,0,0.952582,0.013944,0.005196,0.303917,-0.653793,0.0414765,-0.166093,-1.81138,-3.93953,3.34107
1787645125456428595,-0.200784,0.979636,0.583127,0.399646,0.4,-0,-0.182274,0.0223835,0.00177443,0.615969,-0.76645,0.0176825,-0.123304,-0.180564,0.601426,0.604536,-9.54823,0.309718,0.411881,nan,nan,0,-0.75057,0.122816,-0.66591,-16.6789,-0.325285,-0.3023,nan,nan,0,-0.802467,-0.409483,-0.604536,-3.5409,-0.711234,-0.66259,nan,nan,0,-0.79785,0.590496,-3.28659,-63.1746,0.0910751,0.0848266,nan,nan,0,-1.29052,-0.261499,-2.03573,-34.2549,-0.85526,nan,-17.7281,-19.2942,1,0.502771,0.132302,0.839224,5.09876,0.251385,nan,2.31367,0.338794,1,-0.902051,-0.387623,0.046031,-8.91331,-0.851025,-0.686022,nan,nan,0,-0.383421,0.00968313,-0.444963,-28.0586,-0.241711,-0.36918,nan,nan,0,-0.0776832,0.336043,-0.156505,-5.83639,0.271158,0.210202,nan,nan,0,0.421769,0.502866,1.18759,-4.56654,0.700884,0.60477,nan,nan,0,-0.0290481,-0.296042,-0.359469,0.589414,-0.224524,nan,3.04233,3.63229,1,0.0860403,0.0775622,4.53249,-4.00235,0.0430202,nan,-7.83499,-5.93426,1,0,0.952889,0.010396,0.004238,0.30311,-0.76645,0.0176825,-0.123304,-1.18406,-1.11009,3.21256
1787645125466605528,-0.0945327,0.995522,0.583131,0.399653,0.4,-0,-0.182274,0.0154109,-0.000469656,0.615962,-0.0122778,-0.792711,-0.168713,0.51152,0.605644,0.254703,1.53846,0.65576,0.36014,nan,nan,0,-0.964074,0.11879,-0.193328,-26.8864,-0.432037,-0.337275,nan,nan,0,-0.715206,-0.413318,-0.0644426,-11.1111,-0.667603,-0.717002,nan,nan,0,-0.872822,0.571896,-1.31034,-71.1355,0.0535888,0.0904373,nan,nan,0,-1.65769,-0.251694,2.17522,-31.2828,-1.03884,nan,-30.8131,-19.0001,1,0.44079,0.113909,-2.58978,3.63901,0.220395,nan,7.07925,1.79208,1,-1.02805,-0.387815,-0.0521679,-7.74115,-0.914023,-0.756523,nan,nan,0,-0.331616,0.0110254,0.359039,-25.5678,-0.215808,-0.311895,nan,nan,0,-0.0399155,0.342371,1.206,-13.5531,0.290042,0.249258,nan,nan,0,0.459114,0.517247,1.58652,-6.56898,0.719557,0.653663,nan,nan,0,-0.0963179,-0.292592,0.559475,-0.484105,-0.258159,nan,0.365952,3.4329,1,0.141346,0.122262,4.40747,-5.26276,0.0706732,nan,-8.15887,-7.46356,1,0,0.952918,0.007414,0.002112,0.303128,-0.0122778,-0.792711,-0.168713,9.59467,3.77634,17.7489
1787645125476811852,0.0128131,0.999918,0.583135,0.39966,0.4,-0,-0.182274,0.0277804,-0.00495572,0.60518,1.53027,0.689094,-1.41464,-0.162341,0.603726,-0.352901,3.49207,0.31883,0.434471,nan,nan,0,-2.53024,0.118598,-0.0398932,-14.1392,-1.21512,-0.37643,nan,nan,0,-1.84879,-0.407566,0.770247,-14.0904,-1.23439,-0.714522,nan,nan,0,-0.721551,0.567294,-0.23629,-49.4505,0.129224,0.0800961,nan,nan,0,-1.15789,-0.219642,3.88692,-21.3809,-0.788944,nan,-25.756,-23.8996,1,0.915713,0.0793328,-3.78609,1.84063,0.457856,nan,17.0348,5.07935,1,-0.654874,-0.388391,-0.101268,-5.29915,-0.727437,-0.840398,nan,nan,0,-0.353058,0.0171614,0.653635,-10.525,-0.226529,-0.254903,nan,nan,0,-0.345152,0.364422,2.02842,-7.78999,0.137424,0.275364,nan,nan,0,1.02518,0.530286,1.32261,4.81075,1.00259,0.695609,nan,nan,0,-0.180882,-0.280811,1.00732,2.68252,-0.300441,nan,-2.19803,1.96817,1,0.184666,0.159078,2.8686,-5.4507,0.0923332,nan,-6.30523,-8.18459,1,0,0.954462,0.013997,0.001774,0.297997,1.53027,0.689094,-1.41464,7.1093,0.756272,38.1091
1787645125486408017,0.120015,0.992772,0.583139,0.399667,0.4,-0,-0.182274,0.0311522,0.00319348,0.598042,-0.2675,1.26973,-0.19103,-1.41462,0.597399,-0.708872,2.75946,-0.307311,0.450706,nan,nan,0,-2.78568,0.116488,-0.316077,-14.0904,-1.34284,-0.668519,nan,nan,0,-1.46036,-0.399896,0.524749,-11.9902,-1.04018,-0.874736,nan,nan,0,-0.414276,0.56461,-0.395864,-37.8266,0.282862,0.0894634,nan,nan,0,-0.251637,-0.184842,2.96441,-19.7265,-0.335818,nan,-9.73079,-27.3898,1,1.05398,0.0439748,-2.51888,2.93141,0.52699,nan,18.2688,10.4654,1,-0.802003,-0.391651,-0.408138,-8.32722,-0.801001,-0.836614,nan,nan,0,-0.52912,0.0219555,0.352901,-5.68987,-0.31456,-0.225425,nan,nan,0,0.00603218,0.370366,-0.0583057,-0.561661,0.313016,0.239712,nan,nan,0,0.795774,0.544284,1.28579,6.71551,0.887887,0.809472,nan,nan,0,-0.0185056,-0.270006,1.15374,1.63946,-0.219253,nan,0.0457723,-0.21716,1,0.0490754,0.174619,1.09009,-5.88685,0.0245377,nan,-6.13757,-7.39483,1,0,0.955515,0.014414,0.006114,0.294525,-0.2675,1.26973,-0.19103,-2.89513,-10.972,23.0503
1787645125496396662,0.225835,0.974166,0.583143,0.399674,0.4,-0,-0.182274,0.0269304,0.0132673,0.604443,-0.416555,0.307499,1.29762,-0.681101,0.58877,-0.776384,-0.366302,0.0594496,0.18667,nan,nan,0,-2.50862,0.110736,-0.610673,-30.1587,-1.20431,-1.05067,nan,nan,0,0.0179702,-0.403347,-0.659773,-14.9695,-0.301015,-1.02635,nan,nan,0,-0.26791,0.556172,-0.85617,-32.9915,0.356045,0.161534,nan,nan,0,-0.216934,-0.166232,1.3814,-21.147,-0.318467,nan,-7.40034,-22.088,1,0.857429,0.0344341,-0.22558,7.65249,0.428714,nan,12.1668,15.104,1,-1.25084,-0.397403,-0.561574,-10.9646,-1.02542,-0.80626,nan,nan,0,-0.394237,0.0208054,-0.389727,3.93163,-0.247119,-0.247283,nan,nan,0,0.443529,0.357519,-1.4515,1.78266,0.531765,0.238187,nan,nan,0,0.457527,0.559624,1.46991,12.5275,0.718764,0.894799,nan,nan,0,-0.112683,-0.259778,1.08014,-0.267572,-0.266342,nan,-1.84993,-1.10536,1,0.0167984,0.169928,-0.677675,-5.28042,0.00839918,nan,-3.82936,-6.06037,1,0,0.954596,0.01088,0.01034,0.297523,-0.416555,0.307499,1.29762,-19.6575,-6.6346,0.931893
1787645125506372910,0.329051,0.944312,0.583147,0.39968,0.4,-0,-0.6,0.025455,0.015089,0.617623,-0.139725,-0.103713,1.24124,0.260562,0.581676,-0.813209,-8.71795,0.530281,-0.00100589,nan,nan,0,-2.44979,0.1046,-0.66591,-47.2527,-1.17489,-1.24277,nan,nan,0,0.124429,-0.412168,-0.948232,-18.8278,-0.247785,-0.82944,nan,nan,0,-0.442212,0.546968,-1.08939,-25.9585,0.268894,0.262579,nan,nan,0,-0.637,-0.161954,0.139983,-17.5192,-0.5285,nan,-13.0391,-13.6002,1,0.76824,0.05063,2.77288,9.48257,0.38412,nan,5.84537,15.0466,1,-1.37686,-0.402772,-0.604536,-8.62027,-1.08843,-0.869448,nan,nan,0,-0.125556,0.0139017,-0.819346,-0.561661,-0.112778,-0.263555,nan,nan,0,0.176164,0.34122,-1.90567,4.0293,0.398082,0.345623,nan,nan,0,0.836881,0.574964,1.83816,11.2576,0.90844,0.857566,nan,nan,0,-0.13877,-0.252289,0.891423,-0.561207,-0.279385,nan,-2.28549,-1.4026,1,0.0507956,0.15512,-1.96141,-4.3396,0.0253978,nan,-0.949552,-4.46146,1,0,0.95262,0.009832,0.011055,0.303802,-0.139725,-0.103713,1.24124,-0.908164,7.42517,4.86684
1787645125516358436,0.428471,0.903555,0.583151,0.399687,0.4,-0,-0.6,0.0276826,0.0160893,0.628879,0.192066,0.272101,0.936525,0.31649,0.57343,-0.831621,-14.6764,0.558245,0.136427,nan,nan,0,-2.89925,0.0982723,-0.604536,-53.6996,-1.39962,-1.26149,nan,nan,0,0.076278,-0.412168,0.592261,-17.3626,-0.271861,-0.503395,nan,nan,0,-0.443618,0.536614,-0.911407,-28.6447,0.268191,0.304952,nan,nan,0,-0.602752,-0.163345,-0.0413722,-17.055,-0.511376,nan,-12.119,-10.0225,1,0.912351,0.103967,5.85076,12.7878,0.456175,nan,1.79012,10.2752,1,-1.47295,-0.409291,-0.684322,-11.2088,-1.13648,-0.982437,nan,nan,0,0.198556,0.00488949,-0.923681,-4.85959,0.0492781,-0.215311,nan,nan,0,0.0848951,0.326263,-1.18759,4.46886,0.352448,0.420054,nan,nan,0,1.16227,0.595289,2.07138,6.61783,1.07113,0.842085,nan,nan,0,-0.155191,-0.245169,0.776409,-0.765665,-0.287596,nan,-2.64956,-1.8516,1,0.0595267,0.128646,-3.00462,-3.30462,0.0297634,nan,1.54046,-2.30444,1,0,0.950882,0.010674,0.01193,0.309138,0.192066,0.272101,0.936525,1.60315,5.10008,5.83776
1787645125526281528,0.522948,0.852364,0.583154,0.399693,0.4,-0,-0.6,0.0267492,0.0159074,0.636449,-0.298176,-0.519952,0.475763,0.854287,0.565376,-0.800934,-9.64591,0.827143,0.374025,nan,nan,0,-2.66718,0.0936704,-0.359039,-57.2161,-1.28359,-1.29616,nan,nan,0,-0.032239,-0.392034,2.61147,-14.7741,-0.326119,-0.305816,nan,nan,0,-0.554735,0.532012,-0.273115,-29.2308,0.212632,0.297108,nan,nan,0,-0.760759,-0.153894,1.25726,-16.345,-0.590379,nan,-17.1629,-10.5114,1,0.860339,0.15781,4.92933,12.4015,0.430169,nan,0.776778,4.72455,1,-1.52842,-0.417153,-0.813209,-12.2344,-1.16421,-1.07796,nan,nan,0,0.448406,-0.0046978,-0.948232,-5.64103,0.174203,-0.0999308,nan,nan,0,-0.150995,0.323387,0.150368,1.0989,0.234503,0.412201,nan,nan,0,1.30028,0.614465,2.1573,4.0293,1.14014,0.924173,nan,nan,0,-0.143712,-0.237997,0.6617,-1.58129,-0.281856,nan,-2.52764,-2.3245,1,0.0576807,0.0917158,-3.62819,-1.84063,0.0288403,nan,3.55602,0.224222,1,0,0.94971,0.010214,0.011738,0.312742,-0.298176,-0.519952,0.475763,-3.42787,-2.73724,13.0966
1787645125536467629,0.611389,0.79133,0.583158,0.399699,0.4,-0,-0.6,0.0261063,0.0108594,0.63635,0.182241,-0.0298849,-0.43514,0.749685,0.557706,-0.733422,-4.07815,0.774842,0.610173,nan,nan,0,-2.92356,0.0904102,-0.408138,-45.7876,-1.41178,-1.31821,nan,nan,0,-0.271914,-0.35656,3.81441,-13.3089,-0.445957,-0.258897,nan,nan,0,-0.514953,0.53182,0.0276184,-23.5165,0.232524,0.262892,nan,nan,0,-0.684887,-0.132559,2.0472,-9.30396,-0.552443,nan,-17.7668,-13.622,1,0.94697,0.190161,2.72685,7.62967,0.473485,nan,4.40944,1.74952,1,-1.53121,-0.426549,-1.02802,-11.4042,-1.1656,-1.13912,nan,nan,0,0.54019,-0.0135183,-0.850034,-1.14774,0.220095,0.0425654,nan,nan,0,-0.218795,0.331249,0.923681,-0.122101,0.200603,0.342335,nan,nan,0,1.37504,0.638817,2.23709,9.64591,1.17752,1.03924,nan,nan,0,-0.177158,-0.234523,0.55529,-1.47738,-0.298579,nan,-3.07488,-2.55385,1,-0.00321466,0.0557845,-3.84763,-0.257836,-0.00160733,nan,4.04968,2.54679,1,0,0.949735,0.010699,0.00924,0.312735,0.182241,-0.0298849,-0.43514,4.88474,0.372296,19.9676
1787645125546425476,0.692773,0.721155,0.583161,0.399705,0.4,-0,-0.6,0.0252473,0.0111718,0.629905,-0.181544,0.209097,-0.757581,0.353381,0.551187,-0.610673,0.366302,0.57669,0.757277,nan,nan,0,-2.53141,0.0831242,-0.843896,-46.3736,-1.21571,-1.34775,nan,nan,0,-0.53212,-0.321278,3.1577,-7.88766,-0.57606,-0.319958,nan,nan,0,-0.492728,0.531053,-0.14423,-21.6117,0.243636,0.236252,nan,nan,0,-0.614334,-0.118075,0.999598,-7.68272,-0.517167,nan,-15.4676,-16.5253,1,0.926118,0.201097,0.586662,4.5585,0.463059,nan,6.97888,2.33242,1,-1.33399,-0.439013,-1.32875,-11.2088,-1.06699,-1.16662,nan,nan,0,0.51184,-0.0213804,-0.739559,1.39194,0.20592,0.157131,nan,nan,0,-0.247364,0.339111,0.635223,-1.78266,0.186318,0.261035,nan,nan,0,1.13041,0.662786,2.47031,13.7485,1.0552,1.12893,nan,nan,0,-0.165471,-0.230714,0.337626,-2.33488,-0.292735,nan,-2.6772,-2.74577,1,-0.0135715,0.0194878,-3.54374,1.68393,-0.00678575,nan,4.52741,4.04367,1,0,0.950741,0.010272,0.009221,0.309675,-0.181544,0.209097,-0.757581,3.46615,-0.133725,12.6407
1787645125556326222,0.76616,0.64265,0.583165,0.399711,0.4,-0,-0.046183,0.0229132,0.0136702,0.622815,-0.271374,0.157592,-0.790656,-0.0396342,0.54601,-0.444963,2.22222,0.380183,0.736818,nan,nan,0,-1.78806,0.0716186,-1.29193,-43.6386,-0.844029,-1.32188,nan,nan,0,-0.5929,-0.297693,2.10207,-8.91331,-0.60645,-0.439424,nan,nan,0,-0.465285,0.52741,-0.438826,-20.3419,0.257358,0.231575,nan,nan,0,-0.511426,-0.120254,-0.502737,-10.5337,-0.465713,nan,-11.337,-16.7263,1,0.948628,0.199958,-0.643565,3.94595,0.474314,nan,9.19603,4.93279,1,-1.08528,-0.454353,-1.61721,-10.6227,-0.942638,-1.14043,nan,nan,0,0.326373,-0.0280914,-0.622948,5.73871,0.113186,0.21127,nan,nan,0,-0.153715,0.340837,0.0337563,-2.51526,0.233143,0.206875,nan,nan,0,0.67165,0.690014,2.83242,14.5788,0.825825,1.13441,nan,nan,0,-0.111377,-0.228653,0.11502,-1.86334,-0.265689,nan,-1.46876,-2.76128,1,0.033525,-0.0100999,-2.756,2.58368,0.0167625,nan,4.93987,4.65726,1,0,0.951842,0.008811,0.010016,0.306297,-0.271374,0.157592,-0.790656,-2.55247,-3.28731,9.53388
1787645125566269158,0.8307,0.556721,0.583168,0.399717,0.4,-0,-0.046183,0.0195262,0.0140871,0.613127,-0.347366,0.0798581,-1.07918,-0.374911,0.54275,-0.279252,3.63858,0.212544,0.588461,nan,nan,0,-1.23398,0.0558953,-1.66017,-43.199,-0.56699,-1.14158,nan,nan,0,-0.889688,-0.28312,1.16304,-10.2808,-0.754844,-0.546186,nan,nan,0,-0.567418,0.521082,-0.721148,-18.5836,0.206291,0.240736,nan,nan,0,-0.46757,-0.134715,-1.86007,-11.8499,-0.443785,nan,-8.02734,-14.2351,1,0.908087,0.188802,-1.27795,5.77094,0.454044,nan,9.87416,7.74613,1,-0.781776,-0.472377,-1.87498,-9.30403,-0.790888,-1.05699,nan,nan,0,0.0818229,-0.0334606,-0.5002,10.525,-0.00908856,0.191347,nan,nan,0,-0.259222,0.338536,-0.377452,-2.41758,0.180389,0.198658,nan,nan,0,0.46376,0.720311,3.1086,13.7973,0.72188,1.02177,nan,nan,0,-0.102858,-0.230635,-0.0924473,-2.4014,-0.261429,nan,-0.939136,-2.25288,1,0.0744665,-0.0338524,-1.73269,3.14892,0.0372333,nan,4.73161,4.76183,1,0,0.953327,0.007182,0.009661,0.301697,-0.347366,0.0798581,-1.07918,1.10652,2.57627,5.10864
1787645125576306279,0.885647,0.464359,0.583171,0.399722,0.4,-0,-0.046183,0.0150393,0.0144298,0.602952,-0.433669,-0.0253793,-0.924407,-0.254524,0.540832,-0.156505,0.65934,0.272738,0.395127,nan,nan,0,-0.996037,0.0384459,-1.73996,-44.7619,-0.448019,-0.86039,nan,nan,0,-0.726329,-0.275066,0.76411,-13.4554,-0.673164,-0.650017,nan,nan,0,-0.51324,0.51322,-0.757972,-24.884,0.23338,0.234617,nan,nan,0,-0.480213,-0.157534,-2.53995,-14.7232,-0.450107,nan,-6.43012,-10.5696,1,0.980191,0.169936,-2.03155,8.56962,0.490096,nan,12.6521,9.72722,1,-0.510994,-0.492511,-2.04069,-7.39927,-0.655497,-0.930536,nan,nan,0,-0.096522,-0.0378704,-0.402001,7.35043,-0.098261,0.107919,nan,nan,0,-0.109123,0.331058,-0.923681,-0.561661,0.255439,0.19669,nan,nan,0,0.235534,0.748882,3.20067,2.02686,0.607767,0.863534,nan,nan,0,-0.05202,-0.232621,-0.353687,-1.58075,-0.23601,nan,0.411918,-1.48421,1,0.111509,-0.0427987,-0.571138,3.31389,0.0557546,nan,3.81331,4.54886,1,0,0.954863,0.005038,0.009122,0.296862,-0.433669,-0.0253793,-0.924407,1.99101,-1.28975,4.26431
1787645125586382378,0.930366,0.366631,0.583175,0.399728,0.4,-0,-0.046183,0.0101909,0.0139392,0.593661,-0.403269,-0.00363358,-0.926683,-0.30207,0.539874,-0.0521679,-4.27351,0.248965,0.277471,nan,nan,0,-0.756227,0.0231061,-1.39626,-39.6337,-0.328114,-0.608121,nan,nan,0,-0.742838,-0.265095,1.23055,-20.8791,-0.681419,-0.700478,nan,nan,0,-0.52981,0.508235,-0.340627,-32.7473,0.225095,0.22794,nan,nan,0,-0.443014,-0.178733,-2.04643,-13.5486,-0.431507,nan,-5.77744,-7.63697,1,0.957425,0.141506,-2.96886,10.412,0.478712,nan,14.5695,11.6322,1,-0.37502,-0.513988,-2.16958,-5.54334,-0.58751,-0.786607,nan,nan,0,-0.205122,-0.0407467,-0.224015,3.39439,-0.152561,0.000710257,nan,nan,0,-0.143871,0.31936,-1.19987,0.317459,0.238064,0.212545,nan,nan,0,0.170154,0.78052,3.08405,-9.54823,0.575077,0.717886,nan,nan,0,-0.0358535,-0.236789,-0.401899,-1.26708,-0.227927,nan,0.913021,-0.535354,1,0.145827,-0.0425135,0.454558,3.35893,0.0729135,nan,2.78097,3.94453,1,0,0.956242,0.002834,0.008155,0.292446,-0.403269,-0.00363358,-0.926683,1.33912,-0.316881,7.12912
1787645125596348989,0.96434,0.264665,0.583178,0.399733,0.4,-0,-0.046183,0.00754572,0.0135109,0.584639,-0.0447163,0.0673295,-0.849415,-0.489935,0.539106,-0.107405,-5.59219,0.155033,0.238542,nan,nan,0,-0.965102,0.0144768,-0.604536,-36.7521,-0.432551,-0.428911,nan,nan,0,-0.89922,-0.249755,1.53129,-21.9048,-0.75961,-0.702146,nan,nan,0,-0.543773,0.507084,-0.0521679,-31.8681,0.218114,0.226288,nan,nan,0,-0.447178,-0.196023,-1.48756,-9.60921,-0.433589,nan,-6.08347,-6.11545,1,1.01219,0.114588,-2.64882,10.0439,0.506096,nan,15.7185,13.5833,1,-0.36586,-0.535463,-2.14503,-3.24786,-0.58293,-0.66472,nan,nan,0,-0.260718,-0.042089,-0.113543,0.757019,-0.180359,-0.0919746,nan,nan,0,-0.0946754,0.307088,-1.18759,0.757019,0.262662,0.231981,nan,nan,0,0.213493,0.808324,2.62988,-19.5116,0.596747,0.617489,nan,nan,0,-0.0511895,-0.238928,-0.47071,-0.299566,-0.235595,nan,0.82272,0.368967,1,0.132001,-0.028125,1.30612,2.95836,0.0660007,nan,0.86459,3.02306,1,0,0.957556,0.001666,0.007556,0.288141,-0.0447163,0.0673295,-0.849415,0.710898,-0.005786,14.2893
1787645125606479721,0.987176,0.159639,0.583181,0.399739,0.4,-0,0.0433523,0.00586168,0.0153595,0.576672,-0.308231,0.351799,-0.762358,-0.927662,0.537189,-0.224015,-5.83639,-0.063831,0.203136,nan,nan,0,-1.02866,0.013135,0.046031,-20.4884,-0.464329,-0.369591,nan,nan,0,-0.941837,-0.236716,0.942094,-19.1209,-0.780918,-0.717813,nan,nan,0,-0.510308,0.507851,0.0889931,-27.8144,0.234846,0.223064,nan,nan,0,-0.243127,-0.206733,-0.584493,-8.34614,-0.331564,nan,-3.49232,-5.77226,1,1.0131,0.102089,-0.58362,10.9797,0.506551,nan,13.0093,14.759,1,-0.540442,-0.557898,-1.95477,-1.29426,-0.670221,-0.595651,nan,nan,0,-0.35775,-0.0432396,-0.0889931,-0.757019,-0.228875,-0.153601,nan,nan,0,-0.0712138,0.296926,-0.776384,0.805862,0.274393,0.247747,nan,nan,0,0.261474,0.833252,1.77065,-22.442,0.620737,0.579222,nan,nan,0,-0.0651916,-0.245278,-0.486373,0.0430666,-0.242596,nan,0.823426,0.898953,1,0.115255,-0.0104498,1.97859,2.36445,0.0576274,nan,-0.925563,1.71963,1,0,0.958692,0.000626,0.008196,0.284326,-0.308231,0.351799,-0.762358,-0.31561,-6.05173,11.8019
1787645125616474578,0.998607,0.0527652,0.583184,0.399744,0.4,-0,0.0433523,0.00115623,0.0188939,0.569292,-0.341195,0.37723,-0.692606,-1.06831,0.534313,-0.365176,-6.03175,-0.134154,0.0993916,nan,nan,0,-1.04954,0.0146689,0.205604,-18.6813,-0.474771,-0.396596,nan,nan,0,-0.951684,-0.233457,0.174916,-16.2882,-0.785842,-0.749204,nan,nan,0,-0.49711,0.508043,0.00306892,-25.7631,0.241445,0.225296,nan,nan,0,-0.205224,-0.208623,-0.04228,-7.06441,-0.312612,nan,-3.57621,-5.16178,1,1.02436,0.111815,1.51837,12.2815,0.512181,nan,9.73342,14.0831,1,-0.672029,-0.574197,-1.75837,0.0732574,-0.736015,-0.601117,nan,nan,0,-0.386299,-0.044198,-0.11968,-2.51526,-0.24315,-0.19763,nan,nan,0,-0.00137018,0.290598,-0.770247,1.78266,0.309315,0.262845,nan,nan,0,0.199765,0.844373,1.26738,-25.4701,0.589883,0.586293,nan,nan,0,-0.106004,-0.251499,-0.418925,1.62657,-0.263002,nan,0.225796,1.02169,1,0.115336,0.00824752,2.32207,0.353672,0.0576679,nan,-2.00049,0.120768,1,0,0.959719,-0.002098,0.009229,0.2808,-0.341195,0.37723,-0.692606,-1.2927,-2.84943,10.72
1787645125626354604,0.998502,-0.0547209,0.583187,0.399749,0.4,-0,0.0433523,-0.00119609,0.0227145,0.563479,-0.22932,0.324064,-0.424266,-0.943541,0.529519,-0.518612,-9.54823,-0.0717705,-0.0291707,nan,nan,0,-1.15241,0.0171614,0.273115,-18.4371,-0.526205,-0.440122,nan,nan,0,-0.774972,-0.236525,-0.4511,-15.7509,-0.697486,-0.773897,nan,nan,0,-0.45216,0.507084,-0.11968,-25.6654,0.26392,0.232753,nan,nan,0,-0.191379,-0.205825,0.341512,-6.97281,-0.305689,nan,-4.00752,-4.33094,1,0.999619,0.135119,2.99522,12.2172,0.499809,nan,6.44788,11.6515,1,-0.67849,-0.589921,-1.47605,-1.05006,-0.739245,-0.657976,nan,nan,0,-0.430822,-0.0457325,-0.168779,-4.12698,-0.265411,-0.228467,nan,nan,0,0.049111,0.282545,-0.702735,1.78266,0.334556,0.283643,nan,nan,0,0.123565,0.853577,0.629086,-21.221,0.551782,0.594888,nan,nan,0,-0.0931329,-0.251382,-0.297234,0.386956,-0.256566,nan,0.264385,0.734924,1,0.111333,0.0355913,2.50767,0.164713,0.0556665,nan,-3.15925,-1.39953,1,0,0.960508,-0.003732,0.010743,0.278016,-0.22932,0.324064,-0.424266,-1.19551,-0.859164,8.42688
1787645125636427341,0.98686,-0.161578,0.58319,0.399754,0.4,-0,0.0433523,-0.00264144,0.0276234,0.559383,-0.0016873,0.360227,-0.488274,-0.899766,0.523383,-0.672048,-12.0879,-0.0498828,-0.0919369,nan,nan,0,-1.43014,0.0202298,0.316077,-19.707,-0.66507,-0.48488,nan,nan,0,-0.829135,-0.243044,-0.647498,-16.7277,-0.724568,-0.757116,nan,nan,0,-0.434256,0.505934,-0.101268,-25.7143,0.272872,0.246193,nan,nan,0,-0.195409,-0.196334,0.980171,-6.82937,-0.307704,nan,-5.36821,-4.08897,1,1.01074,0.170013,3.78582,11.423,0.505371,nan,4.382,8.41173,1,-0.605697,-0.602767,-1.19987,-2.0757,-0.702849,-0.711305,nan,nan,0,-0.331235,-0.047842,-0.217878,-6.81319,-0.215617,-0.250349,nan,nan,0,0.0648672,0.278134,-0.316077,1.24542,0.342434,0.309609,nan,nan,0,0.126133,0.856262,0.107405,-18.1441,0.553067,0.582115,nan,nan,0,-0.086838,-0.253162,-0.216334,0.704223,-0.253419,nan,0.31549,0.409465,1,0.101041,0.0605259,2.39367,-0.63991,0.0505203,nan,-3.89067,-2.63078,1,0,0.961043,-0.005082,0.01291,0.27605,-0.0016873,0.360227,-0.488274,-5.1954,-2.60842,6.58612
1787645125646417623,0.963815,-0.26657,0.583193,0.399759,0.4,-0,0.0433523,-0.000986661,0.0304928,0.553894,0.232051,0.130001,-0.622037,-0.633253,0.515904,-0.751834,-15.7021,0.0833735,-0.0898272,nan,nan,0,-1.66236,0.0238729,0.420414,-26.9841,-0.781182,-0.561631,nan,nan,0,-1.00232,-0.246304,-0.205604,-17.0208,-0.81116,-0.73261,nan,nan,0,-0.514581,0.504783,-0.113543,-25.5189,0.23271,0.261034,nan,nan,0,-0.338464,-0.182881,1.54968,-5.80714,-0.379232,nan,-9.19679,-4.74633,1,1.04035,0.205216,2.95031,10.0245,0.520173,nan,5.02323,5.6441,1,-0.50913,-0.613698,-1.04029,-3.19902,-0.654565,-0.726122,nan,nan,0,-0.166055,-0.0499511,-0.187191,-8.47375,-0.133027,-0.246715,nan,nan,0,0.0298268,0.277367,-0.00306892,0.952377,0.324913,0.330767,nan,nan,0,0.18105,0.854153,-0.340627,-18.2906,0.580525,0.564514,nan,nan,0,-0.112318,-0.256812,-0.13036,0.645481,-0.266159,nan,-0.131599,0.266463,1,0.0757485,0.0767258,1.91904,-1.96202,0.0378742,nan,-4.0441,-3.48373,1,0,0.96178,-0.004643,0.01453,0.273396,0.232051,0.130001,-0.622037,-1.96741,1.74599,6.85754
1787645125656403738,0.929634,-0.368485,0.583196,0.399764,0.4,-0,0.0126564,0.00164381,0.031874,0.54813,0.213985,-0.0857927,-0.54627,-0.247624,0.508235,-0.788659,-13.7485,0.276188,-0.0257855,nan,nan,0,-1.62272,0.0290504,0.549299,-26.5446,-0.761362,-0.66911,nan,nan,0,-0.887135,-0.247262,-0.0705805,-16.4347,-0.753567,-0.750718,nan,nan,0,-0.605495,0.503633,-0.107405,-23.0281,0.187253,0.257316,nan,nan,0,-0.488177,-0.167982,1.25383,-1.89464,-0.454089,nan,-11.8945,-6.68751,1,0.981836,0.221246,1.09852,8.48686,0.490918,nan,6.44238,4.77133,1,-0.415926,-0.622901,-0.862308,-3.44322,-0.607963,-0.70242,nan,nan,0,-0.0610451,-0.0516768,-0.162642,-8.08303,-0.0805225,-0.203483,nan,nan,0,-0.00879496,0.280052,0.432689,0.0732574,0.305603,0.33593,nan,nan,0,0.205786,0.847825,-0.739559,-16.8742,0.592893,0.563543,nan,nan,0,-0.0954319,-0.25651,-0.111157,0.191208,-0.257716,nan,0.124529,0.0909206,1,0.023473,0.0929701,1.17291,-2.38506,0.0117365,nan,-4.19638,-3.88629,1,0,0.962559,-0.003522,0.015564,0.2706,0.213985,-0.0857927,-0.54627,-3.51853,-1.8401,8.63141
1787645125666344434,0.884708,-0.466145,0.583198,0.399769,0.4,-0,0.0126564,0.00362983,0.029508,0.540919,0.299835,-0.295289,-0.838849,0.201333,0.499798,-0.843896,-12.1367,0.500666,0.106951,nan,nan,0,-1.41337,0.0340357,0.475651,-25.2747,-0.656684,-0.743901,nan,nan,0,-0.923034,-0.251289,-0.69046,-13.0159,-0.771517,-0.766263,nan,nan,0,-0.679332,0.502099,-0.187191,-19.2186,0.150334,0.229387,nan,nan,0,-0.692077,-0.162019,0.375768,-3.64725,-0.556038,nan,-14.3543,-9.209,1,0.954756,0.218777,-0.709702,6.72996,0.477378,nan,8.8226,5.73511,1,-0.219069,-0.630763,-0.776384,-1.44078,-0.509534,-0.657634,nan,nan,0,0.0848577,-0.0532107,-0.14423,-5.25031,-0.00757115,-0.140926,nan,nan,0,-0.0625576,0.285996,0.567711,-0.268623,0.278721,0.325402,nan,nan,0,0.161643,0.839196,-1.05871,-12.967,0.570821,0.575662,nan,nan,0,-0.15341,-0.256405,-0.0526171,0.161052,-0.286705,nan,-0.981556,0.00350684,1,-0.027148,0.1001,0.218198,-2.73891,-0.013574,nan,-3.73753,-3.92403,1,0,0.963548,-0.002193,0.014702,0.267119,0.299835,-0.295289,-0.838849,0.34391,-0.782425,10.9871
1787645125676532432,0.829558,-0.558421,0.583201,0.399773,0.4,-0,0.0126564,0.00681621,0.0279884,0.533576,0.34236,0.035386,-0.649184,0.0528869,0.491169,-0.843896,-8.47375,0.426443,0.295673,nan,nan,0,-1.33793,0.0371037,0.205604,-26.105,-0.618965,-0.736575,nan,nan,0,-0.666153,-0.263369,-1.34103,-11.9414,-0.643076,-0.769322,nan,nan,0,-0.568894,0.498647,-0.438826,-19.7558,0.205553,0.189905,nan,nan,0,-0.578441,-0.162431,-0.341927,-6.3615,-0.499221,nan,-11.2747,-11.7051,1,0.866771,0.20362,-1.42164,6.49861,0.433385,nan,9.02542,7.63533,1,-0.0717037,-0.63805,-0.702735,-0.415138,-0.435852,-0.590014,nan,nan,0,0.164807,-0.0547447,-0.14423,-2.8083,0.0324037,-0.0720505,nan,nan,0,0.0930222,0.290598,0.402001,-0.0244217,0.356511,0.3045,nan,nan,0,0.00940784,0.826349,-1.37171,-8.62027,0.494704,0.579759,nan,nan,0,-0.142689,-0.256526,-0.026841,-0.0734189,-0.281345,nan,-0.828403,-0.295878,1,-0.102911,0.0965356,-0.663921,-2.78474,-0.0514554,nan,-3.44385,-3.60669,1,0,0.964535,-0.000402,0.014397,0.263561,0.34236,0.035386,-0.649184,0.873575,0.113051,9.92559
1787645125686360936,0.764819,-0.644245,0.583204,0.399778,0.4,-0,0.0126564,0.00906264,0.0277054,0.526662,0.192243,0.0212319,-0.722849,-0.18406,0.483499,-0.71501,-6.76434,0.30797,0.418374,nan,nan,0,-0.992638,0.0376787,0.0337563,-28.547,-0.446319,-0.682679,nan,nan,0,-0.673685,-0.276792,-1.29193,-12.674,-0.646842,-0.729365,nan,nan,0,-0.600649,0.49232,-0.71501,-23.2234,0.189675,0.178692,nan,nan,0,-0.504369,-0.171152,-0.986059,-9.87332,-0.462184,nan,-8.70704,-12.3242,1,0.813185,0.188692,-1.65822,8.20608,0.406592,nan,9.02434,9.04206,1,0.122861,-0.644378,-0.573849,0.170937,-0.338569,-0.509624,nan,nan,0,0.181251,-0.0562787,-0.168779,-0.708183,0.0406253,-0.0104297,nan,nan,0,0.0929611,0.292899,0.11968,0.170937,0.356481,0.311999,nan,nan,0,-0.179488,0.810817,-1.62335,-5.39683,0.400256,0.551356,nan,nan,0,-0.205411,-0.258831,-0.0723795,-0.389592,-0.312705,nan,-1.77704,-0.627944,1,-0.124059,0.0832427,-1.35691,-2.73537,-0.0620294,nan,-2.32279,-3.17575,1,0,0.965441,0.000769,0.014554,0.26021,0.192243,0.0212319,-0.722849,2.55755,0.95998,7.09715
1787645125696597841,0.69124,-0.722626,0.583206,0.399782,0.4,-0,0.0126564,0.0093785,0.0274348,0.519566,0.0145487,0.0585086,-0.713085,-0.326821,0.477938,-0.475651,-4.32234,0.23659,0.413506,nan,nan,0,-0.559369,0.0376787,0.00920582,-29.0842,-0.229685,-0.581426,nan,nan,0,-0.586991,-0.284845,-0.586123,-13.895,-0.603496,-0.678168,nan,nan,0,-0.638682,0.484266,-0.800934,-25.3724,0.170659,0.184012,nan,nan,0,-0.398743,-0.184172,-1.15786,-12.4834,-0.409371,nan,-6.14519,-10.857,1,0.772222,0.171395,-2.20965,9.67711,0.386111,nan,9.75596,9.609,1,0.265932,-0.64898,-0.402001,1.63614,-0.267034,-0.421818,nan,nan,0,0.138432,-0.0581965,-0.187191,1.88034,0.0192161,0.0283388,nan,nan,0,0.100396,0.292515,-0.0705805,1.05006,0.360198,0.335796,nan,nan,0,-0.397308,0.792984,-1.83202,-6.61783,0.291346,0.48549,nan,nan,0,-0.311356,-0.261238,-0.116001,-0.32182,-0.365678,nan,-3.4814,-1.1105,1,-0.13011,0.0633975,-1.96116,-2.49931,-0.0650549,nan,-0.911837,-2.53442,1,0,0.96636,0.001008,0.014461,0.256782,0.0145487,0.0585086,-0.713085,3.39285,-1.28375,5.61678
1787645125706277015,0.609669,-0.792656,0.583209,0.399787,0.4,-0,0.118643,0.00928884,0.0273529,0.511822,0.0822123,0.0177825,-0.798734,-0.317158,0.474487,-0.322214,-2.90598,0.241421,0.337009,nan,nan,0,-0.105565,0.0384459,0.113543,-25.1282,-0.00278248,-0.419066,nan,nan,0,-0.49157,-0.285804,0.09513,-14.7741,-0.555785,-0.636027,nan,nan,0,-0.631102,0.477171,-0.635223,-28.254,0.174449,0.181923,nan,nan,0,-0.31228,-0.193112,-0.83234,-12.377,-0.36614,nan,-4.80747,-8.52428,1,0.677819,0.145853,-2.42138,9.34839,0.33891,nan,9.42376,10.0001,1,0.428573,-0.651664,-0.217878,3.7851,-0.185713,-0.335884,nan,nan,0,0.190526,-0.0597305,-0.125817,2.5641,0.0452628,0.0369346,nan,nan,0,0.0965965,0.291173,-0.156505,2.22222,0.358298,0.353004,nan,nan,0,-0.594677,0.771317,-2.0591,-9.30403,0.192662,0.391715,nan,nan,0,-0.499044,-0.261594,-0.128201,-0.915016,-0.459522,nan,-6.73518,-2.13504,1,-0.0881113,0.0425747,-2.38347,-2.00267,-0.0440557,nan,0.976287,-1.53525,1,0,0.967348,0.001031,0.014406,0.253039,0.0822123,0.0177825,-0.798734,2.43096,3.48044,9.01529
1787645125716282097,0.52105,-0.853526,0.583211,0.399791,0.4,-0,0.118643,0.0103008,0.0263783,0.503831,0.212051,-0.0176714,-0.867474,-0.105411,0.471419,-0.316077,-2.66178,0.347295,0.270638,nan,nan,0,0.358722,0.0403633,0.205604,-17.851,0.229361,-0.211687,nan,nan,0,-0.333911,-0.281202,0.573849,-14.0415,-0.476955,-0.594002,nan,nan,0,-0.532776,0.472761,-0.402001,-29.6215,0.223612,0.177202,nan,nan,0,-0.217317,-0.199979,-0.441453,-9.14863,-0.318658,nan,-3.4916,-6.39701,1,0.526475,0.122046,-2.08434,9.41804,0.263238,nan,7.36225,10.0611,1,0.41764,-0.652623,-0.0398932,6.47131,-0.19118,-0.254532,nan,nan,0,0.418233,-0.0603056,-0.0398932,2.36874,0.159116,0.0390211,nan,nan,0,0.0384275,0.290406,-0.0153437,2.17339,0.329214,0.360058,nan,nan,0,-0.697311,0.751183,-2.31688,-13.1136,0.141344,0.287113,nan,nan,0,-0.740134,-0.263923,-0.219496,-1.58223,-0.580067,nan,-10.7358,-4.11648,1,-0.067867,0.0157567,-2.70476,-1.46064,-0.0339335,nan,2.56644,-0.0902967,1,0,0.968356,0.0017,0.014056,0.249169,0.212051,-0.0176714,-0.867474,4.78862,-0.32047,12.14
1787645125726269965,0.426406,-0.904532,0.583214,0.399795,0.4,-0,0.118643,0.0117214,0.0274996,0.495168,0.167714,0.288829,-0.729226,-0.34994,0.467584,-0.426551,-1.92918,0.22503,0.274226,nan,nan,0,0.584609,0.0434313,0.352901,-11.4042,0.342305,0.0177146,nan,nan,0,-0.036372,-0.275641,0.481788,-12.0879,-0.328186,-0.53891,nan,nan,0,-0.285739,0.469885,-0.217878,-29.0354,0.34713,0.190979,nan,nan,0,0.182328,-0.202397,-0.292094,-6.81341,-0.118836,nan,3.36276,-4.70447,1,0.306414,0.10702,-1.23305,8.24834,0.153207,nan,3.23518,9.06132,1,0.549412,-0.651664,0.168778,7.78999,-0.125294,-0.202384,nan,nan,0,0.776757,-0.0603056,0.0214815,3.15018,0.338378,0.0800752,nan,nan,0,0.0919761,0.290406,0.0521679,1.8315,0.355988,0.351505,nan,nan,0,-0.506356,0.722612,-2.75263,-16.8742,0.236822,0.198551,nan,nan,0,-0.675263,-0.26603,-0.422052,-2.78489,-0.547631,nan,-9.22297,-7.1554,1,-0.25546,-0.00988796,-2.78975,-0.356012,-0.12773,nan,0.649363,1.52146,1,0,0.969418,0.002312,0.014766,0.244957,0.167714,0.288829,-0.729226,0.701265,0.594518,11.861
1787645125736256263,0.32683,-0.945083,0.583216,0.399799,0.4,-0,0.118643,0.0133178,0.030612,0.48999,0.156839,0.279045,-0.36442,-0.432617,0.462215,-0.579986,-1.39194,0.183691,0.271288,nan,nan,0,0.376422,0.0482249,0.561574,-5.0061,0.238211,0.214538,nan,nan,0,0.173646,-0.272382,0.309939,-9.79243,-0.223177,-0.446264,nan,nan,0,-0.132158,0.468543,-0.0889931,-28.84,0.423921,0.250813,nan,nan,0,0.328788,-0.204557,-0.143023,-5.55317,-0.0456059,nan,5.77781,-1.48015,1,0.181813,0.103967,-0.000236899,7.43479,0.0909066,nan,-0.391443,6.34773,1,0.621539,-0.648405,0.395864,8.42491,-0.0892304,-0.162637,nan,nan,0,1.06268,-0.0601139,0.0337563,4.56654,0.48134,0.18775,nan,nan,0,0.350017,0.29194,0.14423,1.78266,0.485009,0.347432,nan,nan,0,-0.510712,0.69174,-3.23135,-16.9719,0.234644,0.179818,nan,nan,0,-0.652632,-0.272071,-0.818037,-5.56005,-0.536316,nan,-8.02153,-9.05995,1,-0.401993,-0.0360398,-2.54752,0.996602,-0.200996,nan,-1.12742,1.95829,1,0,0.970027,0.002747,0.016463,0.242419,0.156839,0.279045,-0.36442,-4.03266,-1.57531,9.07627
1787645125746260648,0.223474,-0.97471,0.583218,0.399803,0.4,-0,0.118643,0.0151433,0.0339023,0.488155,0.169235,0.15385,0.0193596,-0.387488,0.455503,-0.69046,-1.3431,0.206256,0.23434,nan,nan,0,0.11183,0.055512,0.788659,-2.02686,0.105915,0.291336,nan,nan,0,0.284623,-0.268355,0.444963,-7.20391,-0.167689,-0.331127,nan,nan,0,-0.0260913,0.468543,0.0153437,-20.7326,0.476954,0.338033,nan,nan,0,0.344141,-0.204466,0.202424,-2.95722,-0.0379297,nan,5.52515,2.41802,1,0.0584088,0.110452,0.651716,5.52645,0.0292044,nan,-3.41501,2.60128,1,0.485414,-0.642844,0.610673,8.66911,-0.157293,-0.122952,nan,nan,0,1.18959,-0.0589633,0.156505,7.39927,0.544793,0.334981,nan,nan,0,0.640516,0.292899,0.11968,1.44078,0.630258,0.392985,nan,nan,0,-0.538498,0.656458,-3.66711,-10.1832,0.220751,0.202656,nan,nan,0,-0.713952,-0.282054,-1.44957,-6.67405,-0.566976,nan,-7.79789,-8.98608,1,-0.572261,-0.0553573,-1.99934,1.28256,-0.28613,nan,-3.92418,0.880247,1,0,0.970224,0.00325,0.018277,0.241495,0.169235,0.15385,0.0193596,-3.72426,0.64295,8.73503
1787645125756259502,0.117533,-0.993069,0.583221,0.399807,0.4,-0,-0.140539,0.0180988,0.0364736,0.489954,0.305654,0.179468,0.291641,-0.207489,0.448025,-0.782521,-2.12454,0.296256,0.207896,nan,nan,0,-0.0902709,0.0647159,0.997331,1.24542,0.00486454,0.240521,nan,nan,0,0.221856,-0.262794,0.616811,-3.58974,-0.199072,-0.231831,nan,nan,0,0.206741,0.468734,0.0521679,-13.3577,0.593371,0.419189,nan,nan,0,0.363263,-0.198031,0.710913,0.513559,-0.0283685,nan,4.87183,4.78836,1,-0.0825784,0.118414,0.832327,2.3373,-0.0412892,nan,-6.03958,-0.984302,1,0.694017,-0.635173,0.837758,8.47375,-0.0529914,-0.118551,nan,nan,0,1.4012,-0.056087,0.377452,10.8669,0.650599,0.46396,nan,nan,0,1.07791,0.2952,0.28539,2.27106,0.848957,0.497272,nan,nan,0,-0.573364,0.617724,-3.93102,-7.49695,0.203318,0.219444,nan,nan,0,-0.568003,-0.300243,-2.09118,-6.45269,-0.494001,nan,-3.64478,-8.06951,1,-0.803522,-0.073672,-1.60132,0.367838,-0.401761,nan,-7.44069,-1.30486,1,0,0.969981,0.004355,0.019885,0.242324,0.305654,0.179468,0.291641,-3.32297,1.06985,7.9961
1787645125766273472,0.0102298,-0.999948,0.583223,0.399811,0.4,-0,-0.140539,0.0220783,0.0383924,0.493726,0.401497,0.0994772,0.412124,0.072242,0.439588,-0.868444,-3.15018,0.436121,0.230261,nan,nan,0,-0.00306042,0.0754538,1.11394,1.19658,0.0484698,0.128926,nan,nan,0,0.0157915,-0.256274,0.672048,-1.78266,-0.302104,-0.186451,nan,nan,0,0.311976,0.469885,0.11968,-6.66666,0.645988,0.505462,nan,nan,0,0.215033,-0.18755,1.15322,3.0419,-0.102484,nan,1.2475,5.30715,1,-0.0627422,0.121823,0.596985,-0.761051,-0.0313711,nan,-5.49129,-3.95026,1,0.924061,-0.625394,1.05257,6.86203,0.0620307,-0.102397,nan,nan,0,1.54496,-0.0501428,0.678185,14.2857,0.72248,0.569853,nan,nan,0,1.27177,0.30172,0.886857,3.58974,0.945887,0.659692,nan,nan,0,-0.583616,0.581867,-3.99853,-9.45055,0.198192,0.218491,nan,nan,0,-0.55269,-0.324558,-2.27402,-12.0312,-0.486345,nan,-2.2515,-5.97038,1,-0.876648,-0.0894536,-1.07927,-4.3325,-0.438324,nan,-8.8472,-4.28605,1,0,0.969497,0.006012,0.021309,0.244098,0.401497,0.0994772,0.412124,-2.57716,1.4863,7.05808
1787645125776365162,-0.0971936,-0.995265,0.583225,0.399815,0.4,-0,-0.140539,0.0276365,0.040101,0.497178,0.590979,0.115816,0.24561,0.483145,0.430384,-0.929819,-3.58974,0.641573,0.314273,nan,nan,0,0.0511623,0.0860004,0.960506,5.44566,0.0755812,0.054774,nan,nan,0,-0.280349,-0.248413,0.782521,-0.903542,-0.450175,-0.215506,nan,nan,0,0.487668,0.471611,0.248566,-4.12698,0.733834,0.587182,nan,nan,0,0.0540757,-0.175179,1.50832,4.85409,-0.182962,nan,-2.53487,3.82669,1,-0.00760527,0.126243,0.0361065,-3.05493,-0.00380263,nan,-3.95554,-5.48925,1,1.13101,-0.613698,1.2551,3.63858,0.165503,-0.0364077,nan,nan,0,1.61725,-0.0418973,0.837758,23.2723,0.758623,0.658961,nan,nan,0,1.19676,0.310732,0.733422,11.746,0.90838,0.824107,nan,nan,0,-0.476878,0.546777,-2.70353,-31.7216,0.251561,0.209225,nan,nan,0,-0.411395,-0.330802,-0.125439,-13.3937,-0.415698,nan,-2.78317,-4.0001,1,-0.922574,-0.0839816,1.19656,-6.86588,-0.461287,nan,-13.114,-7.48617,1,0,0.969041,0.008458,0.02283,0.245695,0.590979,0.115816,0.24561,-1.77709,2.85349,5.7228
1787645125786345134,-0.203495,-0.979076,0.583227,0.399818,0.4,-0,-0.140539,0.0256336,0.0364496,0.501985,-1.07791,-0.0995639,0.981899,0.434149,0.421755,-0.85617,-1.3431,0.617074,0.461666,nan,nan,0,0.023948,0.0932865,0.64136,1.14774,0.061974,0.0424031,nan,nan,0,-0.168684,-0.246304,-0.156505,1.97802,-0.394342,-0.313378,nan,nan,0,0.419059,0.477171,0.518612,4.66422,0.699529,0.664607,nan,nan,0,0.0665597,-0.160904,1.45943,3.97786,-0.17672,nan,-2.7427,0.806246,1,-0.189334,0.11668,-1.34726,-3.25806,-0.0946669,nan,-4.3195,-5.09504,1,1.08799,-0.598549,1.61721,4.37119,0.143996,0.0618664,nan,nan,0,2.37167,-0.0349946,0.629086,28.7424,1.13584,0.724645,nan,nan,0,2.17914,0.316868,0.604536,16.1416,1.39957,0.913182,nan,nan,0,-0.451913,0.527218,-1.67245,-31.2821,0.264044,0.218919,nan,nan,0,-0.308566,-0.317055,2.09423,-11.1991,-0.364283,nan,-4.79431,-3.60433,1,-1.31918,-0.0586765,2.77874,-8.78582,-0.659589,nan,-22.1955,-11.1505,1,0,0.968483,0.007887,0.020834,0.248078,-1.07791,-0.0995639,0.981899,4.55865,-11.0085,29.5657
1787645125796485580,-0.307447,-0.951565,0.583229,0.399822,0.4,-0,-0.140539,0.0194361,0.0401105,0.511693,0.088158,0.602946,0.561539,0.847504,0.413126,-0.868444,2.0757,0.823752,0.578861,nan,nan,0,0.101965,0.0982723,0.444963,0.268623,0.100982,0.051433,nan,nan,0,-0.413398,-0.250139,-0.377452,-0.21978,-0.516699,-0.386846,nan,nan,0,0.591177,0.48254,0.573849,14.5788,0.785589,0.706664,nan,nan,0,-0.133687,-0.148993,1.51033,0.662839,-0.276844,nan,-6.74029,-1.76347,1,-0.0330546,0.0989485,-2.37042,-3.64965,-0.0165273,nan,0.091351,-4.05167,1,1.74463,-0.580142,1.94249,9.89011,0.472317,0.130712,nan,nan,0,2.89728,-0.0296254,0.506338,30.1587,1.39864,0.880762,nan,nan,0,2.15838,0.322428,0.653635,17.8999,1.38919,1.0923,nan,nan,0,-0.330248,0.513796,-1.29193,-18.779,0.324876,0.241595,nan,nan,0,0.0453773,-0.290716,2.94211,-4.98976,-0.187311,nan,-0.794014,-4.47977,1,-1.37351,-0.029487,2.49942,-9.75744,-0.686754,nan,-23.4671,-16.4845,1,0,0.967258,0.004325,0.021859,0.252813,0.088158,0.602946,0.561539,2.97535,15.0828,23.3915
1787645125806434826,-0.407845,-0.913051,0.583232,0.399826,0.4,-0,-0.127338,0.0235576,0.0460803,0.512908,0.540605,0.509677,-0.156503,1.30162,0.404881,-0.76411,4.17583,1.05081,0.694031,nan,nan,0,-0.13307,0.102299,0.444963,-1.92918,-0.0165352,0.0712537,nan,nan,0,-0.755149,-0.253782,-0.420414,-3.19902,-0.687575,-0.448641,nan,nan,0,0.503373,0.48906,0.727284,11.5018,0.741687,0.74128,nan,nan,0,-0.294692,-0.134923,1.41222,-1.31774,-0.357346,nan,-9.90314,-4.29595,1,0.0866439,0.0679493,-3.23558,-2.90038,0.0433219,nan,4.11455,-1.9727,1,1.73875,-0.558857,2.19413,9.10867,0.469377,0.260855,nan,nan,0,2.21821,-0.0238729,0.66591,28.8889,1.05911,1.1294,nan,nan,0,1.06517,0.337577,2.12048,15.6532,0.842585,1.28293,nan,nan,0,-0.0841371,0.500181,-1.42081,-11.5018,0.447931,0.278277,nan,nan,0,0.26064,-0.263917,2.90141,-3.767,-0.0796801,nan,2.09617,-3.92714,1,-1.0709,-0.0197708,0.379145,-13.235,-0.535451,nan,-16.0391,-20.8254,1,0,0.96704,0.005547,0.02527,0.253305,0.540605,0.509677,-0.156503,-3.31327,6.64981,6.01125
1787645125816372088,-0.503529,-0.863978,0.583234,0.399829,0.4,-0,-0.127338,0.0321579,0.0518626,0.510662,0.941036,-0.0783458,-0.400442,1.23798,0.398554,-0.567711,6.47131,1.01899,0.859908,nan,nan,0,-0.0928354,0.108051,0.622948,-7.83883,0.00358228,0.0525605,nan,nan,0,-0.550611,-0.256658,-0.150367,-6.95971,-0.585305,-0.552642,nan,nan,0,0.411835,0.498264,1.00961,10.9157,0.695917,0.757186,nan,nan,0,-0.197425,-0.122776,1.05689,-1.73689,-0.308713,nan,-8.09313,-7.20426,1,0.0408873,0.0311813,-3.6122,-1.81248,0.0204436,nan,5.09617,1.35025,1,0.920297,-0.535655,2.38439,14.0904,0.0601487,0.395008,nan,nan,0,1.08214,-0.0142856,1.10167,34.7985,0.491071,1.21102,nan,nan,0,0.286616,0.371708,3.86351,15.7021,0.453308,1.20301,nan,nan,0,-0.211091,0.487143,-1.46991,-8.47375,0.384455,0.350103,nan,nan,0,-0.0116559,-0.236827,2.77196,-5.00223,-0.215828,nan,-3.42297,-1.49346,1,-0.855185,-0.0357891,-2.73988,-16.8627,-0.427593,nan,-7.64429,-19.897,1,0,0.967234,0.009004,0.029144,0.252045,0.941036,-0.0783458,-0.400442,-5.98987,1.84931,1.30846
1787645125826287808,-0.593393,-0.804913,0.583236,0.399832,0.4,-0,-0.127338,0.0410401,0.0478392,0.503896,0.76131,-0.514052,-0.76444,1.18559,0.394335,-0.371314,13.8462,0.992795,0.984104,nan,nan,0,-0.236915,0.115913,0.813209,-6.56898,-0.0684576,0.0202806,nan,nan,0,-0.370242,-0.261643,-0.874582,-4.7619,-0.495121,-0.611076,nan,nan,0,0.822423,0.509002,1.27351,10.2808,0.901212,0.738992,nan,nan,0,0.0500025,-0.118712,0.0850146,-2.04585,-0.184999,nan,-2.44754,-8.51471,1,0.0299127,-0.00510744,-3.12176,-0.097242,0.0149564,nan,5.28455,4.12679,1,-0.499753,-0.511302,2.41508,23.0769,-0.649877,0.329558,nan,nan,0,0.979116,-0.00201321,1.16918,51.6483,0.439558,0.970941,nan,nan,0,-0.292803,0.406032,2.72195,19.7558,0.163598,0.878297,nan,nan,0,-0.237823,0.473336,-1.28579,-6.2271,0.371088,0.395191,nan,nan,0,-0.524821,-0.205093,3.39822,-3.46931,-0.47241,nan,-14.4534,-1.22384,1,-0.827013,-0.0849007,-4.58553,-19.5982,-0.413506,nan,-2.97988,-13.9618,1,0,0.96807,0.013904,0.028271,0.248692,0.76131,-0.514052,-0.76444,1.14325,-0.082793,2.33819
1787645125836416739,-0.676395,-0.736539,0.583238,0.399836,0.4,-0,-0.127338,0.0452324,0.0431968,0.496556,0.383602,-0.51766,-0.724656,1.20185,0.39165,-0.224015,15.7509,1.00092,1.02305,nan,nan,0,-0.395316,0.123583,0.745697,-4.7619,-0.147658,-0.0194454,nan,nan,0,-0.157068,-0.27775,-1.87498,-3.5409,-0.388534,-0.582984,nan,nan,0,1.35818,0.524725,1.49446,6.17827,1.16909,0.780726,nan,nan,0,0.131857,-0.124864,-0.94397,-5.58119,-0.144072,nan,0.743678,-6.42301,1,0.0747563,-0.0259053,-2.07177,2.6481,0.0373782,nan,5.00615,5.22651,1,-1.10063,-0.488868,2.14503,22.2955,-0.950314,-0.0511023,nan,nan,0,1.73276,0.00527287,0.487926,52.2344,0.816381,0.659738,nan,nan,0,-0.342773,0.412743,-0.199466,17.3626,0.138613,0.495141,nan,nan,0,-0.245992,0.461448,-1.00961,-2.66178,0.367004,0.396507,nan,nan,0,-0.472703,-0.167152,4.22365,-3.38592,-0.446352,nan,-16.1075,-6.31965,1,-0.91746,-0.113519,-3.25945,-17.4254,-0.45873,nan,-5.46714,-7.4719,1,0,0.968982,0.01661,0.026485,0.245142,0.383602,-0.51766,-0.724656,3.15979,-4.29639,11.9266
1787645125846238495,-0.751577,-0.659645,0.583239,0.399839,0.4,-0,-0.127338,0.0495482,0.0357238,0.491033,0.593189,-0.81905,-0.146813,1.12132,0.391075,0.0276184,13.6508,0.960662,1.02015,nan,nan,0,-0.366662,0.130486,0.647498,-5.25031,-0.133331,-0.0790473,nan,nan,0,-0.0106985,-0.298076,-2.03456,-1.68498,-0.315349,-0.497921,nan,nan,0,1.36704,0.53949,1.70313,8.08303,1.17352,0.937537,nan,nan,0,0.127644,-0.139258,-1.5653,-4.60724,-0.146178,nan,2.10576,-2.54655,1,0.0417512,-0.0379126,-1.07921,3.16989,0.0208756,nan,3.38246,5.19836,1,-1.12108,-0.469884,1.81975,11.3065,-0.960541,-0.537119,nan,nan,0,1.43083,0.00508118,-0.168779,29.0354,0.665414,0.597566,nan,nan,0,-0.277671,0.398554,-1.73996,8.66911,0.171164,0.230163,nan,nan,0,-0.406058,0.452819,-0.800934,-3.10134,0.286971,0.382764,nan,nan,0,-0.462608,-0.127917,3.61158,-0.2719,-0.441304,nan,-16.3859,-12.5627,1,-0.850007,-0.122413,0.0993309,-12.4769,-0.425004,nan,-9.22672,-5.05823,1,0,0.969666,0.019685,0.02334,0.242515,0.593189,-0.81905,-0.146813,5.0008,5.81151,15.2276
1787645125856262170,-0.818069,-0.575121,0.583241,0.399842,0.4,-0,-0.162889,0.053334,0.0259904,0.492887,0.217189,-0.52819,0.511862,0.944975,0.393185,0.322214,11.9902,0.872488,0.996644,nan,nan,0,-0.16943,0.135472,0.438826,-5.34798,-0.0347151,-0.122532,nan,nan,0,-0.0488443,-0.316484,-1.77678,0.21978,-0.334422,-0.399449,nan,nan,0,1.13699,0.560774,2.08365,16.9231,1.05849,1.09118,nan,nan,0,0.0650779,-0.155769,-1.813,-1.64838,-0.177461,nan,1.96028,0.722589,1,-0.00659724,-0.0442048,-0.253801,3.48194,-0.00329862,nan,1.60789,4.38329,1,-0.856433,-0.453586,1.56811,-2.3199,-0.828217,-0.862406,nan,nan,0,1.21779,0.00297213,-0.156505,18.8278,0.558894,0.641075,nan,nan,0,0.169621,0.381104,-1.6479,0.757019,0.39481,0.131586,nan,nan,0,-0.4681,0.445341,-0.751834,-2.02686,0.25595,0.345525,nan,nan,0,-0.356236,-0.107757,1.63014,-6.36543,-0.388118,nan,-12.2578,-15.7643,1,-0.952621,-0.103507,2.5354,-6.83591,-0.476311,nan,-14.9872,-6.95903,1,0,0.969444,0.022687,0.019102,0.243513,0.217189,-0.52819,0.511862,9.09878,2.09739,18.2817
1787645125866224651,-0.875099,-0.483943,0.583243,0.399845,0.4,-0,-0.162889,0.0537911,0.0218189,0.499043,0.0241043,-0.0768205,0.71251,0.871516,0.398362,0.598398,11.1111,0.835758,0.944384,nan,nan,0,0.157983,0.138156,0.193329,-5.64103,0.128991,-0.105977,nan,nan,0,-0.0765424,-0.332208,-1.44536,1.8315,-0.348271,-0.340204,nan,nan,0,0.82681,0.584935,2.58692,20.1954,0.903405,1.13144,nan,nan,0,-0.0972132,-0.172399,-1.86669,0.30352,-0.258607,nan,-0.217238,2.33315,1,-0.0629301,-0.0421621,0.678947,3.09893,-0.031465,nan,-0.697509,2.86503,1,-0.121704,-0.43978,1.28579,-9.74359,-0.460852,-0.946113,nan,nan,0,1.44802,0.00412273,0.248566,16.8254,0.674009,0.629287,nan,nan,0,0.872755,0.365381,-1.57425,-0.854698,0.746377,0.200721,nan,nan,0,-0.515269,0.438437,-0.684322,-4.37119,0.232365,0.297407,nan,nan,0,-0.151487,-0.101873,0.406919,-10.8507,-0.285744,nan,-7.04586,-15.0287,1,-1.05954,-0.0812707,2.06863,-5.61697,-0.529772,nan,-16.558,-11.0422,1,0,0.968694,0.023365,0.017208,0.246552,0.0241043,-0.0768205,0.71251,1.89302,-2.72206,10.4276
1787645125876220747,-0.92201,-0.387167,0.583245,0.399849,0.4,-0,-0.162889,0.0532646,0.0196764,0.507054,0.00239932,-0.0664594,0.897313,0.806951,0.406032,0.837758,9.10867,0.803475,0.884146,nan,nan,0,0.367629,0.138348,-0.0276184,-6.08059,0.233814,-0.0132561,nan,nan,0,-0.133668,-0.342371,-0.911407,3.19902,-0.376834,-0.327502,nan,nan,0,0.572447,0.61389,3.01041,16.3858,0.776224,1.05447,nan,nan,0,-0.183125,-0.191158,-1.69757,1.3313,-0.301563,nan,-1.31779,1.94979,1,-0.100011,-0.0263494,1.5272,1.74468,-0.0500053,nan,-3.00047,0.75741,1,0.468716,-0.429425,0.911407,-10.0366,-0.165642,-0.788063,nan,nan,0,1.44188,0.00949144,0.659773,14.9695,0.670942,0.62912,nan,nan,0,1.41133,0.349465,-1.56811,0.317459,1.01566,0.428384,nan,nan,0,-0.627074,0.431343,-0.721148,-7.25275,0.176463,0.257426,nan,nan,0,-0.177418,-0.106055,-0.80846,-11.4787,-0.298709,nan,-5.5302,-11.3821,1,-1.08785,-0.0710207,0.400837,-8.20001,-0.543925,nan,-14.7884,-14.311,1,0,0.967709,0.02331,0.016199,0.250465,0.00239932,-0.0664594,0.897313,2.03519,-3.16702,4.28068
1787645125886216781,-0.958256,-0.28591,0.583247,0.399852,0.4,-0,-0.162889,0.0538381,0.0190326,0.516081,0.137968,-0.177622,0.896735,0.776513,0.415811,1.04643,7.10622,0.788256,0.835058,nan,nan,0,0.364985,0.137197,-0.138092,-3.88278,0.232492,0.113637,nan,nan,0,-0.247304,-0.347356,-0.279252,1.0989,-0.433652,-0.344089,nan,nan,0,0.490361,0.643419,3.3541,8.91331,0.735181,0.919682,nan,nan,0,-0.161471,-0.207875,-1.50807,0.97608,-0.290736,nan,-0.638003,0.479653,1,-0.0917745,-0.00469925,1.97278,0.666609,-0.0458872,nan,-4.1948,-1.54995,1,0.441399,-0.422523,0.616811,-8.27839,-0.179301,-0.492042,nan,nan,0,1.11342,0.0185041,1.02802,14.6764,0.506712,0.649858,nan,nan,0,1.22858,0.337577,-0.76411,4.90842,0.92429,0.728184,nan,nan,0,-0.598658,0.423865,-0.782521,-12.2344,0.190671,0.217166,nan,nan,0,-0.203083,-0.122426,-1.95073,-6.89158,-0.311542,nan,-3.69295,-7.38066,1,-1.03926,-0.0823454,-1.55858,-11.7762,-0.51963,nan,-10.7807,-15.0334,1,0,0.966563,0.023596,0.016066,0.254835,0.137968,-0.177622,0.896735,-2.33995,-1.79769,-0.781075
1787645125896210410,-0.98342,-0.181345,0.583248,0.399855,0.4,-0,-0.162889,0.0567582,0.0145077,0.522212,0.359503,-0.506917,0.39186,0.700486,0.427508,1.23669,4.71307,0.750243,0.802478,nan,nan,0,0.20682,0.135664,-0.162642,-0.805862,0.15341,0.203233,nan,nan,0,-0.296321,-0.346781,0.11968,-0.122101,-0.458161,-0.382836,nan,nan,0,0.545889,0.677551,3.40934,-0.21978,0.762944,0.802768,nan,nan,0,-0.0733073,-0.21826,-1.35893,0.273867,-0.246654,nan,1.04463,-0.513656,1,-0.0734094,0.0102732,1.96052,-1.14054,-0.0367047,nan,-4.35012,-3.40469,1,-0.265684,-0.417345,0.506338,-2.5641,-0.532842,-0.264133,nan,nan,0,0.74719,0.0309677,1.34103,16.8254,0.323595,0.611447,nan,nan,0,0.594339,0.342754,1.03416,8.86447,0.607169,0.912596,nan,nan,0,-0.581955,0.416961,-0.727284,-17.8999,0.199023,0.191917,nan,nan,0,-0.60858,-0.146777,-3.05809,-3.18655,-0.51429,nan,-8.27581,-4.39939,1,-0.898373,-0.10174,-2.41694,-15.3073,-0.449186,nan,-6.79798,-13.1348,1,0,0.965743,0.025541,0.01433,0.25784,0.359503,-0.506917,0.39186,-1.29539,0.409066,2.13387
1787645125906222899,-0.997208,-0.0746799,0.58325,0.399857,0.4,-0,-0.225068,0.0589668,0.0100488,0.524796,0.0193599,-0.382373,0.0430906,0.765502,0.44093,1.37171,4.95727,0.782751,0.775234,nan,nan,0,0.029828,0.133554,-0.273115,5.29915,0.064914,0.213546,nan,nan,0,-0.320318,-0.346206,-0.00306892,-0.757019,-0.470159,-0.425355,nan,nan,0,0.807273,0.71034,3.18839,-10.7204,0.893636,0.750285,nan,nan,0,0.0267359,-0.232748,-1.23437,-0.653468,-0.196632,nan,3.11562,-0.221397,1,-0.0062955,0.031138,1.42013,-2.51002,-0.00314775,nan,-3.15877,-4.35465,1,-0.7984,-0.412168,0.524749,0.463982,-0.7992,-0.282444,nan,nan,0,1.19225,0.0443902,1.26738,27.8144,0.546123,0.49133,nan,nan,0,0.284487,0.361162,1.99773,11.746,0.452243,0.859705,nan,nan,0,-0.430865,0.411401,-0.494062,-25.3236,0.274568,0.188049,nan,nan,0,-0.728565,-0.181486,-3.59067,-6.15123,-0.574283,nan,-8.36186,-4.27972,1,-0.943613,-0.121306,-1.11559,-16.0081,-0.471807,nan,-8.84164,-9.97293,1,0,0.965377,0.027167,0.012497,0.259138,0.0193599,-0.382373,0.0430906,-3.93447,-5.03995,8.02197
1787645125916208446,-0.99946,0.0328506,0.583252,0.39986,0.4,-0,-0.225068,0.0564671,0.00693725,0.521971,-0.379897,-0.290607,-0.51218,0.96428,0.454928,1.40854,7.74115,0.88214,0.767076,nan,nan,0,-0.201192,0.130103,-0.33449,3.5409,-0.0505959,0.157305,nan,nan,0,-0.407643,-0.349849,-0.598398,0.21978,-0.513822,-0.455904,nan,nan,0,1.02884,0.742171,2.72195,-10.2808,1.00442,0.786544,nan,nan,0,-0.0541203,-0.240957,-1.22831,-0.140861,-0.23706,nan,1.97887,1.20215,1,0.109597,0.0341121,0.596103,-3.14672,0.0547987,nan,-0.273557,-4.0561,1,-1.05357,-0.406991,0.543161,1.24542,-0.926786,-0.497475,nan,nan,0,2.04519,0.0528274,0.622948,28.547,0.972593,0.452696,nan,nan,0,0.0203332,0.376119,1.07712,14.4811,0.320167,0.671451,nan,nan,0,-0.150621,0.4091,-0.0398932,-29.6703,0.41469,0.217433,nan,nan,0,-0.616336,-0.208367,-2.65491,-9.16771,-0.518168,nan,-6.86067,-6.02113,1,-0.950469,-0.11693,1.63055,-13.9786,-0.475235,nan,-13.195,-8.78941,1,0,0.96577,0.026379,0.010634,0.257834,-0.379897,-0.290607,-0.51218,-3.54602,3.45223,14.7892
1787645125926218281,-0.990151,0.140003,0.583253,0.399863,0.4,-0,-0.225068,0.0557951,0.00555097,0.515952,0.102211,-0.215035,-0.661585,1.0656,0.469693,1.31034,6.17827,0.932798,0.805286,nan,nan,0,-0.205288,0.127226,-0.21174,0.512817,-0.0526441,0.0604172,nan,nan,0,-0.331331,-0.361546,-1.05257,0.512817,-0.475665,-0.484496,nan,nan,0,0.858718,0.76844,2.26164,-7.10622,0.919359,0.884085,nan,nan,0,-0.0815659,-0.253425,-1.20526,0.868476,-0.250783,nan,1.90034,2.20987,1,0.062411,0.0336217,-0.292497,-2.76492,0.0312055,nan,0.366261,-2.34056,1,-0.799262,-0.401046,0.561574,-2.8083,-0.799631,-0.739977,nan,nan,0,1.72355,0.053978,-0.0583057,21.8071,0.811774,0.627808,nan,nan,0,-0.135483,0.377078,-0.138092,8.96215,0.242259,0.474261,nan,nan,0,-0.143253,0.411401,0.273115,-22.2955,0.418374,0.298393,nan,nan,0,-0.482972,-0.227911,-1.4237,-8.65009,-0.451486,nan,-5.68957,-7.30317,1,-0.91309,-0.0798158,4.07812,-10.3319,-0.456545,nan,-17.419,-10.9767,1,0,0.966547,0.026263,0.009799,0.254949,0.102211,-0.215035,-0.661585,-0.882794,6.49107,16.3082
1787645125936215511,-0.969387,0.245538,0.583255,0.399866,0.4,-0,-0.225068,0.0587505,0.00579708,0.508101,0.400737,0.0777602,-0.849279,1.088,0.48254,1.28579,5.93407,0.944002,0.869035,nan,nan,0,0.00811478,0.125692,-0.107405,-3.98046,0.0540574,-0.018384,nan,nan,0,-0.216006,-0.367682,-0.420414,-2.61295,-0.418003,-0.493381,nan,nan,0,0.480814,0.789149,2.01001,-1.78266,0.730407,0.93911,nan,nan,0,-0.0394654,-0.263861,-0.966521,1.20745,-0.229733,nan,2.64427,2.36656,1,-0.00264366,0.0261227,-1.02518,-1.46467,-0.00132183,nan,0.714432,-0.420059,1,-0.31444,-0.395678,0.481788,-10.0366,-0.55722,-0.849279,nan,nan,0,0.996268,0.0535946,0.0337563,19.6581,0.448134,0.787452,nan,nan,0,-0.310118,0.37516,-0.162642,2.41758,0.154941,0.324643,nan,nan,0,-0.0594067,0.414277,0.316077,-12.3321,0.460297,0.376804,nan,nan,0,-0.183311,-0.238898,-1.19106,-7.61832,-0.301656,nan,-0.409947,-7.17889,1,-0.833926,-0.0366332,3.95399,-10.2827,-0.416963,nan,-17.3409,-14.7243,1,0,0.967501,0.0277,0.010186,0.251135,0.400737,0.0777602,-0.849279,-0.115479,4.60382,11.8008
1787645125946207635,-0.937408,0.348233,0.583257,0.399869,0.4,-0,-0.225068,0.0643677,0.00873415,0.50046,0.546026,0.0807021,-0.70556,0.914586,0.494045,1.29806,7.15507,0.857293,0.919471,nan,nan,0,0.206469,0.125501,0.00306892,-6.76434,0.153235,-0.0195255,nan,nan,0,-0.129902,-0.370174,-0.23629,-3.2967,-0.374951,-0.467935,nan,nan,0,0.179529,0.80679,1.96704,-2.36874,0.579765,0.880919,nan,nan,0,-0.00815929,-0.270143,-0.753844,1.47096,-0.21408,nan,3.093,2.40186,1,-0.077161,0.0139451,-1.30941,-0.497004,-0.0385805,nan,0.388351,0.795269,1,-0.0161131,-0.39261,0.291528,-10.1832,-0.408057,-0.772149,nan,nan,0,0.457191,0.056087,0.395864,19.3651,0.178596,0.719362,nan,nan,0,-0.232626,0.374585,-0.0214806,-0.903542,0.193687,0.219234,nan,nan,0,-0.132354,0.417728,0.359039,-7.59463,0.423823,0.429966,nan,nan,0,-0.134455,-0.249433,-1.18711,-6.41745,-0.277227,nan,0.807861,-4.67019,1,-0.764637,-0.0109331,2.41267,-12.0077,-0.382318,nan,-14.7606,-16.9949,1,0,0.968379,0.030095,0.012197,0.24736,0.546026,0.0807021,-0.70556,-4.84229,0.97692,6.91513
1787645125956228674,-0.894583,0.446902,0.583258,0.399871,0.4,-0,0.104841,0.0692232,0.00927249,0.494034,0.296823,-0.147315,-0.509652,0.812735,0.507276,1.35944,6.42247,0.806368,0.915524,nan,nan,0,0.28515,0.125309,-0.0398932,-3.83395,0.192575,0.0488832,nan,nan,0,-0.12583,-0.373626,-0.420414,-1.05006,-0.372915,-0.42308,nan,nan,0,0.119222,0.826157,1.88112,-6.42247,0.549611,0.743368,nan,nan,0,0.0589207,-0.276397,-0.537853,1.42896,-0.18054,nan,4.16177,2.66033,1,-0.0919642,0.00135671,-1.31768,0.329226,-0.0459821,nan,0.556348,1.09684,1,-0.222381,-0.391076,0.0889931,-7.10622,-0.511191,-0.598981,nan,nan,0,0.432595,0.0627985,0.782521,17.7045,0.166298,0.481165,nan,nan,0,-0.252895,0.373242,-0.303802,-3.39439,0.183553,0.174424,nan,nan,0,-0.153114,0.421947,0.4511,-5.29915,0.413443,0.445986,nan,nan,0,-0.247216,-0.25982,-1.00512,-5.54789,-0.333608,nan,-1.07489,-1.48312,1,-0.719176,-0.00361003,0.0582001,-14.0645,-0.359588,nan,-10.7666,-16.3414,1,0,0.969094,0.032421,0.012954,0.244208,0.296823,-0.147315,-0.509652,-3.81551,-2.36129,2.53126
1787645125966216814,-0.841408,0.540401,0.58326,0.399874,0.4,-0,0.104841,0.0703454,0.00799437,0.491632,-0.00963464,-0.232872,0.0533149,0.576363,0.521274,1.42695,6.17827,0.688182,0.868972,nan,nan,0,0.22575,0.124542,-0.09513,-2.27106,0.162875,0.129778,nan,nan,0,-0.0694858,-0.379378,-0.598398,0.268623,-0.344743,-0.387675,nan,nan,0,0.187451,0.841497,1.61721,-16.8742,0.583726,0.619394,nan,nan,0,0.105525,-0.280523,-0.313873,1.93131,-0.157238,nan,4.7858,3.26235,1,-0.034264,-0.00850025,-0.989474,0.495446,-0.017132,nan,1.22526,0.90133,1,-0.351668,-0.391267,-0.0398932,-4.27351,-0.575834,-0.496294,nan,nan,0,0.534262,0.0718102,0.90527,13.1624,0.217131,0.269944,nan,nan,0,-0.12896,0.363847,-1.23669,-0.561661,0.24552,0.169872,nan,nan,0,-0.196037,0.428275,0.721148,-7.98535,0.391981,0.435517,nan,nan,0,-0.217707,-0.26393,-0.288664,-4.57544,-0.318854,nan,-1.48934,-0.254865,1,-0.68811,-0.0136169,-1.57808,-15.1482,-0.344055,nan,-7.54602,-13.3709,1,0,0.969365,0.033136,0.012432,0.243059,-0.00963464,-0.232872,0.0533149,-1.31193,-1.16485,4.06462
1787645125976207624,-0.778496,0.627649,0.583261,0.399876,0.4,-0,0.104841,0.0689545,0.00553132,0.494244,-0.291416,-0.215631,0.4988,0.232085,0.535847,1.47605,4.95727,0.516042,0.787879,nan,nan,0,0.194327,0.122816,-0.193328,1.53846,0.147164,0.170766,nan,nan,0,-0.010115,-0.385898,-0.647498,2.71062,-0.315057,-0.362535,nan,nan,0,0.00647345,0.854728,0.991194,-19.5604,0.493237,0.565661,nan,nan,0,0.11231,-0.282558,-0.0691041,2.43406,-0.153845,nan,4.6086,4.00092,1,0.0526226,-0.0148212,-0.65885,0.614819,0.0263113,nan,2.22225,0.853671,1,-0.209038,-0.391842,-0.0583057,-3.10134,-0.504519,-0.499521,nan,nan,0,0.358701,0.0794802,0.696597,9.84127,0.12935,0.183704,nan,nan,0,0.0909385,0.344288,-2.2555,2.85714,0.355469,0.195938,nan,nan,0,-0.202198,0.437671,1.02188,-13.1624,0.388901,0.415082,nan,nan,0,-0.0704429,-0.261738,0.657144,-3.84194,-0.245221,nan,-0.40763,-0.738263,1,-0.595063,-0.0352055,-1.9488,-13.4056,-0.297531,nan,-4.94658,-9.79157,1,0,0.969063,0.032747,0.011112,0.244376,-0.291416,-0.215631,0.4988,0.79665,0.055663,6.8215
1787645125986241238,-0.706576,0.707637,0.583263,0.399879,0.4,-0,0.104841,0.0649573,0.00356222,0.500402,-0.408147,-0.0282068,0.692657,-0.0303552,0.550612,1.4515,2.46642,0.384822,0.662607,nan,nan,0,0.102312,0.120132,-0.279252,3.44322,0.101156,0.171628,nan,nan,0,-0.00936609,-0.393185,-0.745697,3.7851,-0.314683,-0.337973,nan,nan,0,-0.358032,0.859521,0.359039,-21.6606,0.310984,0.53163,nan,nan,0,0.0230904,-0.280471,0.243064,3.20808,-0.198455,nan,2.50595,4.40332,1,0.150768,-0.0208217,-0.33842,0.570094,0.0753842,nan,3.39381,1.30197,1,-0.0514787,-0.392417,-0.046031,-3.10134,-0.425739,-0.514588,nan,nan,0,-0.185374,0.0842748,0.389727,7.59463,-0.142687,0.150016,nan,nan,0,0.0498495,0.320127,-2.34756,5.59219,0.334925,0.262487,nan,nan,0,-0.0637075,0.449559,1.24897,-17.1673,0.458146,0.397863,nan,nan,0,0.0175447,-0.249089,1.41196,-2.52502,-0.201228,nan,-0.442782,-1.23176,1,-0.392629,-0.0501672,-1.49496,-10.5925,-0.196315,nan,-2.14199,-6.81384,1,0,0.968364,0.031021,0.009765,0.247412,-0.408147,-0.0282068,0.692657,0.983225,1.78322,8.36712
1787645125996211089,-0.626479,0.779438,0.583264,0.399881,0.4,-0,0.104841,0.0616968,0.00346325,0.50735,-0.284641,0.105146,0.669622,-0.132037,0.56461,1.37785,0.610504,0.333981,0.516949,nan,nan,0,-0.030973,0.117256,-0.297665,2.5641,0.0345135,0.144635,nan,nan,0,-0.0349787,-0.397978,-0.297665,2.61295,-0.327489,-0.32059,nan,nan,0,-0.53544,0.858563,-0.28539,-20.928,0.22228,0.444883,nan,nan,0,-0.0742097,-0.278368,0.510509,3.36365,-0.247105,nan,0.328456,3.79221,1,0.288729,-0.0190707,-0.0849601,0.946969,0.144364,nan,5.03049,2.21168,1,-0.0104757,-0.392801,-0.0337563,-3.73627,-0.405238,-0.487603,nan,nan,0,-0.906719,0.0865755,0.168778,5.68987,-0.50336,0.0422549,nan,nan,0,-0.323956,0.299994,-1.80747,4.42002,0.148022,0.317464,nan,nan,0,-0.12316,0.462598,1.29806,-14.9695,0.42842,0.411711,nan,nan,0,-0.0420202,-0.234454,1.51088,-0.0930273,-0.23101,nan,-2.1458,-1.26209,1,-0.179029,-0.0592642,-0.48716,-8.76219,-0.0895143,nan,-0.176763,-4.3543,1,0,0.967547,0.029422,0.009416,0.250792,-0.284641,0.105146,0.669622,1.33527,2.98095,8.57638
1787645126006218992,-0.539133,0.842221,0.583265,0.399884,0.4,-0,-0.297145,0.0590153,0.00428021,0.513708,-0.351853,0.114946,0.603928,-0.110784,0.578607,1.21828,-1.88034,0.344608,0.399753,nan,nan,0,-0.420262,0.113612,-0.359039,3.2967,-0.160131,0.0944636,nan,nan,0,-0.0429675,-0.397978,0.0705805,2.41758,-0.331484,-0.31762,nan,nan,0,-0.564399,0.850701,-0.917544,-25.8608,0.207801,0.328773,nan,nan,0,-0.279454,-0.270106,0.788605,2.78929,-0.349727,nan,-3.96964,2.15824,1,0.432627,-0.0200141,0.295972,1.62982,0.216313,nan,6.64586,3.51666,1,-0.25372,-0.393185,-0.0276184,-2.51526,-0.52686,-0.444109,nan,nan,0,-1.2386,0.0867672,-0.046031,1.05006,-0.6693,-0.193017,nan,nan,0,-0.390558,0.288105,-0.751834,3.10134,0.114721,0.27857,nan,nan,0,-0.130886,0.475254,1.24283,-14.7741,0.424557,0.428322,nan,nan,0,-0.0341204,-0.224198,0.586274,0.951335,-0.22706,nan,-0.979571,-1.44531,1,-0.0734126,-0.048889,1.56107,-6.07316,-0.0367063,nan,-1.97612,-2.42973,1,0,0.966786,0.027992,0.009564,0.253867,-0.351853,0.114946,0.603928,-1.17895,0.420729,8.79721
1787645126016213057,-0.445546,0.895259,0.583267,0.399886,0.4,-0,-0.297145,0.054253,0.00559072,0.519197,-0.574123,0.118647,0.498171,-0.19734,0.588003,0.991194,-3.15018,0.30133,0.342117,nan,nan,0,-0.684034,0.109969,-0.420414,1.97802,-0.292017,-0.0109859,nan,nan,0,-0.266723,-0.397403,0.046031,2.51526,-0.443362,-0.323329,nan,nan,0,-0.600871,0.837279,-1.55584,-26.6911,0.189564,0.243189,nan,nan,0,-0.492102,-0.261858,1.00069,1.74644,-0.456051,nan,-8.2978,-0.694551,1,0.597506,-0.014802,0.791979,2.40751,0.298753,nan,8.21867,5.01778,1,-0.490029,-0.393568,-0.0337563,-1.8315,-0.645015,-0.454184,nan,nan,0,-1.11758,0.0854249,-0.181053,-6.27595,-0.608788,-0.457335,nan,nan,0,-0.342465,0.284462,-0.352901,0.903542,0.138767,0.19388,nan,nan,0,0.072511,0.486184,1.18759,-11.3553,0.526256,0.431393,nan,nan,0,0.0733218,-0.224431,0.0208707,0.96457,-0.173339,nan,1.75693,-1.32086,1,-0.00171977,-0.0295488,2.71947,-3.93761,-0.000859884,nan,-3.21854,-1.91771,1,0,0.966153,0.025497,0.009663,0.256524,-0.574123,0.118647,0.498171,-1.87977,-0.456764,9.47707
1787645126026223304,-0.346802,0.937938,0.583268,0.399888,0.4,-0,-0.297145,0.048611,0.0072917,0.524517,-0.536824,0.245909,0.514675,-0.372664,0.596056,0.727284,-3.93163,0.213668,0.315031,nan,nan,0,-0.991356,0.105367,-0.457238,-0.415138,-0.445678,-0.153549,nan,nan,0,-0.358541,-0.395678,0.266977,1.29426,-0.48927,-0.365256,nan,nan,0,-0.599608,0.818871,-2.2064,-27.9121,0.190196,0.198955,nan,nan,0,-0.615162,-0.251523,1.00015,-0.930571,-0.517581,nan,-10.8123,-4.54341,1,0.651848,-0.00210354,1.70052,3.85063,0.325924,nan,7.29005,6.44269,1,-0.774588,-0.393951,-0.0214806,-1.88034,-0.787294,-0.531291,nan,nan,0,-0.907958,0.0815902,-0.5002,-14.5788,-0.503979,-0.606371,nan,nan,0,-0.291642,0.281586,-0.279252,-1.19658,0.164179,0.142074,nan,nan,0,0.33158,0.49788,1.00347,-11.7949,0.65579,0.46216,nan,nan,0,0.104171,-0.224518,-0.421908,0.349783,-0.157914,nan,2.96399,-0.103898,1,0.0374679,0.00439294,3.41694,-2.84761,0.018734,nan,-4.69517,-2.66934,1,0,0.965537,0.022527,0.009821,0.259099,-0.536824,0.245909,0.514675,-0.563782,0.773665,7.58855
1787645126036237298,-0.244044,0.969764,0.583269,0.39989,0.4,-0,-0.297145,0.0440991,0.0101141,0.528819,-0.4149,0.252768,0.328167,-0.451257,0.601233,0.432689,-4.81075,0.174371,0.273058,nan,nan,0,-1.45366,0.100381,-0.530887,-6.91087,-0.676832,-0.307142,nan,nan,0,-0.624951,-0.392034,0.402001,-0.0732574,-0.622476,-0.429266,nan,nan,0,-0.61384,0.788574,-2.95517,-23.4188,0.18308,0.183742,nan,nan,0,-0.760225,-0.243154,0.845425,-3.66176,-0.590113,nan,-13.4117,-8.23446,1,0.746039,0.0232748,2.78165,4.71048,0.37302,nan,6.31988,6.91849,1,-1.09162,-0.394144,-0.0276184,-3.49207,-0.945809,-0.652863,nan,nan,0,-0.659037,0.0735364,-0.923681,-17.1184,-0.379519,-0.609446,nan,nan,0,-0.269623,0.277367,-0.530887,-2.27106,0.175189,0.136126,nan,nan,0,0.627325,0.506701,0.813209,-7.30159,0.803662,0.543783,nan,nan,0,0.0107881,-0.23058,-0.731721,0.864118,-0.204606,nan,2.00666,1.66662,1,0.0333319,0.0406205,3.60515,-2.67935,0.0166659,nan,-6.12636,-4.01446,1,0,0.965029,0.01996,0.010642,0.261165,-0.4149,0.252768,0.328167,-1.53414,1.41182,5.33316
1787645126046234439,-0.13846,0.990368,0.583271,0.399893,0.4,-0,-0.297145,0.0404013,0.0123193,0.531938,-0.370167,0.234116,0.325835,-0.357443,0.603918,0.162642,-6.2271,0.221278,0.220847,nan,nan,0,-2.12165,0.0932865,-0.733422,-10.8181,-1.01082,-0.488909,nan,nan,0,-0.625152,-0.388199,0.303802,-2.41758,-0.622576,-0.517811,nan,nan,0,-0.531833,0.755209,-3.52595,-18.2906,0.224084,0.181005,nan,nan,0,-0.691478,-0.236455,0.338302,-6.49579,-0.555739,nan,-11.6824,-11.2433,1,0.874407,0.0666429,4.15957,5.15299,0.437204,nan,4.87747,6.23355,1,-1.24897,-0.394719,-0.0705805,-7.20391,-1.02449,-0.800578,nan,nan,0,-0.348584,0.0614562,-1.14463,-22.1001,-0.224292,-0.517272,nan,nan,0,-0.0626138,0.271807,-0.402001,-3.39439,0.278693,0.15235,nan,nan,0,0.823224,0.513988,0.727284,-2.75946,0.901612,0.667287,nan,nan,0,-0.0838763,-0.240318,-1.02986,2.64249,-0.251938,nan,1.13809,2.623,1,0.0236394,0.078855,3.54444,-3.84148,0.0118197,nan,-7.32772,-5.46538,1,0,0.964655,0.01787,0.011251,0.262666,-0.370167,0.234116,0.325835,0.173683,-2.2373,3.13423
1787645126056435523,-0.0312722,0.999511,0.583272,0.399895,0.4,-0,-0.258097,0.0351332,0.0143745,0.535882,-0.695119,0.286011,0.392212,-0.315677,0.60411,-0.0276184,-7.93651,0.242161,0.200508,nan,nan,0,-2.25292,0.0836992,-1.07098,-14.6764,-1.07646,-0.73475,nan,nan,0,-0.576954,-0.388007,-0.0889931,-4.46886,-0.598477,-0.591006,nan,nan,0,-0.467213,0.713025,-3.96784,-12.2344,0.256393,0.194781,nan,nan,0,-0.513121,-0.237416,-0.365934,-8.34704,-0.46656,nan,-7.47114,-12.3177,1,0.920097,0.112797,5.3005,4.84242,0.460048,nan,2.46679,4.91434,1,-1.22683,-0.396061,-0.187191,-10.0855,-1.01341,-0.9338,nan,nan,0,-0.119552,0.0497594,-1.18759,-15.7021,-0.109776,-0.376059,nan,nan,0,0.0150075,0.269889,-0.09513,-3.88278,0.317504,0.201343,nan,nan,0,0.851766,0.522424,0.825483,5.49451,0.915883,0.796574,nan,nan,0,-0.101314,-0.249876,-1.18753,3.23801,-0.260657,nan,1.40395,2.44133,1,0.0223866,0.11281,3.13689,-4.74335,0.0111933,nan,-7.75383,-6.73644,1,0,0.964177,0.015036,0.01158,0.264577,-0.695119,0.286011,0.392212,-1.57433,-6.40297,3.28499
1787645126066273681,0.0762789,0.997087,0.583273,0.399897,0.4,-0,-0.258097,0.0247934,0.0165709,0.538772,-1.17786,0.286502,0.183478,-0.314257,0.60296,-0.131955,-16.337,0.242871,0.212607,nan,nan,0,-1.39612,0.0716186,-1.45764,-24.8352,-0.648062,-0.951229,nan,nan,0,-0.338897,-0.392226,-0.653635,-4.7619,-0.479448,-0.616288,nan,nan,0,-0.456577,0.676784,-3.79599,-51.1111,0.261712,0.223125,nan,nan,0,-0.305732,-0.246,-1.75659,-12.3319,-0.362866,nan,-1.45541,-10.5679,1,0.740869,0.154362,2.19077,14.9,0.370435,nan,3.19603,3.28069,1,-1.19316,-0.398937,-0.352901,-13.3089,-0.99658,-1.00735,nan,nan,0,-0.0161218,0.0392127,-1.09553,-25.3236,-0.0580609,-0.229386,nan,nan,0,-0.101939,0.270464,0.09513,-2.22222,0.259031,0.263944,nan,nan,0,0.735668,0.532012,1.15077,10.9646,0.857834,0.884402,nan,nan,0,-0.0343376,-0.265131,-1.4469,3.96486,-0.227169,nan,3.49904,1.99784,1,-0.00229446,0.140026,2.52501,-6.30975,-0.00114723,nan,-8.02271,-7.51579,1,0,0.963854,0.009744,0.011285,0.266011,-1.17786,0.286502,0.183478,-1.11667,-4.08401,5.97833
1787645126076229720,0.182949,0.983122,0.583274,0.399899,0.4,-0,-0.258097,0.0132864,0.0184041,0.540908,-0.670216,-0.306366,0.242579,0.13761,0.603151,-0.0276184,-8.91331,0.468805,0.230899,nan,nan,0,-1.43182,0.0583882,-1.21214,-45.4457,-0.665908,-0.926382,nan,nan,0,-0.135778,-0.391651,0.708872,-15.3602,-0.377889,-0.574681,nan,nan,0,-0.502918,0.655883,-1.7461,-72.8938,0.238541,0.248123,nan,nan,0,-0.471763,-0.255026,-0.674609,-12.7687,-0.445882,nan,-5.66805,-6.55497,1,0.807499,0.137045,-3.76865,8.84369,0.403749,nan,13.6541,3.829,1,-1.14027,-0.403731,-0.543161,-11.8437,-0.970137,-1.02271,nan,nan,0,-0.080257,0.036912,0.174916,-26.5446,-0.0901285,-0.117888,nan,nan,0,-0.120336,0.279668,1.78292,-13.1136,0.249832,0.286572,nan,nan,0,0.704703,0.54601,1.80747,4.27351,0.842351,0.902396,nan,nan,0,-0.0289715,-0.276652,-1.92084,3.28044,-0.224486,nan,4.70708,2.49537,1,0.0176519,0.161897,2.36055,-6.87168,0.00882593,nan,-8.13296,-7.93227,1,0,0.963603,0.003943,0.010642,0.267093,-0.670216,-0.306366,0.242579,-0.219022,0.874033,14.6507
1787645126086267182,0.287502,0.95778,0.583276,0.399901,0.4,-0,-0.258097,0.0210119,0.01144,0.533821,1.12462,-0.0512334,-1.7284,-0.0968587,0.601042,-0.328352,-0.805862,0.351571,0.314506,nan,nan,0,-2.71182,0.0482249,-0.935957,-37.6801,-1.30591,-0.790244,nan,nan,0,-1.73201,-0.369983,2.58079,-16.7766,-1.17601,-0.486356,nan,nan,0,-0.661929,0.649747,-0.328352,-42.3199,0.159036,0.253191,nan,nan,0,-0.721841,-0.262774,-0.544963,-5.33499,-0.57092,nan,-9.96769,-4.57556,1,1.24524,0.0912289,-4.68726,2.93438,0.622621,nan,22.9727,8.63244,1,-0.790839,-0.410442,-0.727284,-9.20635,-0.795419,-1.00454,nan,nan,0,-0.182404,0.0432396,0.776384,-9.35287,-0.141202,-0.0717693,nan,nan,0,-0.325761,0.309198,3.17612,-10.8181,0.14712,0.275252,nan,nan,0,1.05154,0.567102,2.04069,17.0696,1.01577,0.880144,nan,nan,0,-0.227175,-0.294171,-1.77353,2.68651,-0.323587,nan,1.63074,3.66887,1,-0.00537361,0.175295,0.717211,-5.64515,-0.00268681,nan,-6.41526,-8.01001,1,0,0.964536,0.008625,0.008288,0.263676,1.12462,-0.0512334,-1.7284,4.62412,8.50366,49.9621
1787645126096214911,0.38873,0.921352,0.583277,0.399903,0.4,-0,-0.258097,0.0244518,0.0191212,0.522509,-0.0636083,1.59608,-0.490699,-1.69425,0.593947,-0.813209,0.757019,-0.447125,0.371016,nan,nan,0,-3.09223,0.0397882,-0.813209,-28.4005,-1.49612,-0.904427,nan,nan,0,-1.42308,-0.34774,1.80747,-10.4274,-1.02154,-0.670658,nan,nan,0,-0.198935,0.646103,-0.457238,-27.619,0.390533,0.221861,nan,nan,0,0.418793,-0.271859,-0.98702,-3.5592,-0.000603638,nan,10.9745,-5.8796,1,1.17499,0.0527273,-3.52611,6.68202,0.587494,nan,21.3322,15.7026,1,-0.994985,-0.42003,-1.04029,-7.30159,-0.897492,-0.926518,nan,nan,0,-0.32439,0.0489926,0.309939,10.1343,-0.212195,-0.086391,nan,nan,0,0.0277372,0.326263,0.942094,-1.19658,0.323869,0.226938,nan,nan,0,0.865451,0.588003,2.12662,12.7228,0.922726,0.912286,nan,nan,0,-0.154721,-0.308692,-1.5914,2.52336,-0.287361,nan,3.1337,3.5432,1,-0.00575204,0.173605,-1.04288,-5.52811,-0.00287602,nan,-3.73012,-7.07486,1,0,0.96598,0.009341,0.012393,0.258149,-0.0636083,1.59608,-0.490699,-0.146791,-17.3068,25.1639
1787645126106223854,0.485459,0.874259,0.583278,0.399905,0.4,-0,-0.219491,0.0182979,0.0294579,0.524959,-0.755027,0.542283,0.674565,-1.37913,0.584743,-0.960506,-1.29426,-0.289563,0.115647,nan,nan,0,-2.21762,0.0298171,-1.12008,-30.8913,-1.05881,-1.19128,nan,nan,0,-0.250977,-0.339686,0.322214,-12.381,-0.435488,-0.913349,nan,nan,0,-0.102013,0.637666,-0.923681,-25.4701,0.438993,0.258663,nan,nan,0,0.626358,-0.282435,-1.11075,-4.97177,0.103179,nan,15.1626,-1.20535,1,0.835567,0.0350772,-0.907691,11.9014,0.417783,nan,12.8427,20.1225,1,-1.2246,-0.431918,-1.26124,-7.49695,-1.0123,-0.876295,nan,nan,0,-0.484817,0.0449653,-0.66591,10.0366,-0.292409,-0.140294,nan,nan,0,0.330464,0.314375,-2.06524,8.47375,0.475232,0.233643,nan,nan,0,0.513427,0.610054,2.2555,7.39927,0.746713,0.940507,nan,nan,0,-0.0577209,-0.323798,-1.30328,2.16591,-0.23886,nan,4.92774,3.0991,1,0.011058,0.151258,-2.28253,-6.36627,0.00552901,nan,-0.948069,-5.03516,1,0,0.965639,0.005013,0.016597,0.259307,-0.755027,0.542283,0.674565,-9.13706,-12.9378,-2.34816
1787645126116233061,0.576571,0.817047,0.583279,0.399907,0.4,-0,-0.219491,0.0122327,0.0314762,0.532786,-0.445754,-0.00186103,0.854704,-0.475438,0.574772,-0.966643,-13.6996,0.162281,-0.171993,nan,nan,0,-1.99272,0.0171614,-1.29806,-41.0501,-0.946358,-1.26902,nan,nan,0,0.0208775,-0.343521,-0.5002,-18.9255,-0.299561,-0.834814,nan,nan,0,-0.200259,0.626737,-1.27351,-24.2979,0.389871,0.348371,nan,nan,0,0.162983,-0.290434,-0.890724,-3.39463,-0.128508,nan,7.00347,7.38751,1,0.880459,0.0491789,2.77654,15.6671,0.440229,nan,7.5667,18.0106,1,-1.28399,-0.445532,-1.3533,-9.40171,-1.04199,-0.911961,nan,nan,0,-0.384938,0.035378,-1.12622,2.3199,-0.242469,-0.214892,nan,nan,0,0.175079,0.288297,-2.37211,6.27595,0.39754,0.328885,nan,nan,0,0.622575,0.635173,2.5992,4.81075,0.801288,0.881452,nan,nan,0,-0.0768288,-0.333308,-1.02868,2.26256,-0.248414,nan,4.51429,3.58855,1,0.0073218,0.124491,-3.39618,-3.21374,0.0036609,nan,1.46937,-2.41353,1,0,0.964614,0.001757,0.016792,0.263123,-0.445754,-0.00186103,0.854704,-0.728262,13.3927,2.26136
1787645126126214060,0.66101,0.750377,0.58328,0.399909,0.4,-0,-0.219491,0.0131418,0.0344524,0.539607,-0.082116,0.0226549,0.544941,-0.1151,0.565952,-0.850034,-23.0281,0.34245,-0.152596,nan,nan,0,-2.33445,0.0033555,-1.41468,-47.1062,-1.11722,-1.14798,nan,nan,0,-0.111991,-0.339686,1.04029,-24.1514,-0.365996,-0.574501,nan,nan,0,-0.185575,0.614656,-0.942094,-26.6911,0.397212,0.398974,nan,nan,0,-0.032819,-0.287482,1.10759,-2.44873,-0.226409,nan,0.476141,10.361,1,0.995967,0.0910955,4.30074,17.5504,0.497984,nan,5.75554,11.9303,1,-1.21687,-0.45838,-1.27351,-10.6715,-1.00843,-0.979757,nan,nan,0,-0.122422,0.0234895,-1.05257,-9.15751,-0.111211,-0.254759,nan,nan,0,0.0520466,0.276025,-0.708872,2.5641,0.336023,0.398886,nan,nan,0,0.7643,0.661635,2.69126,-1.48962,0.87215,0.818489,nan,nan,0,-0.110493,-0.340966,-0.798901,2.30657,-0.265247,nan,3.84854,4.22692,1,0.067781,0.0860756,-4.13432,-1.69877,0.0338905,nan,4.63592,0.334374,1,0,0.963689,0.001741,0.018353,0.266388,-0.082116,0.0226549,0.544941,3.45049,12.4222,2.32006
1787645126136207849,0.737799,0.675021,0.583281,0.39991,0.4,-0,-0.219491,0.0149948,0.0316825,0.544137,0.221563,-0.150159,0.258702,0.299835,0.55809,-0.76411,-18.2418,0.549918,0.0666697,nan,nan,0,-2.82594,-0.00891638,-1.13235,-44.0293,-1.36297,-1.07516,nan,nan,0,-0.292768,-0.316292,2.77718,-20.4396,-0.456384,-0.397247,nan,nan,0,-0.254488,0.608712,-0.524749,-22.9304,0.362756,0.409106,nan,nan,0,-0.215793,-0.257148,3.64436,4.73749,-0.317897,nan,-7.59272,6.40374,1,1.1139,0.14148,4.55702,12.6407,0.55695,nan,5.62857,7.06911,1,-1.30686,-0.470652,-1.19987,-13.1136,-1.05343,-1.01617,nan,nan,0,0.169955,0.0142851,-0.843896,-9.40171,0.0349774,-0.215345,nan,nan,0,-0.0299516,0.278709,0.659773,0.21978,0.295024,0.395147,nan,nan,0,0.987901,0.689055,2.71581,-6.91087,0.98395,0.817991,nan,nan,0,-0.155289,-0.34805,-0.502137,2.46687,-0.287644,nan,2.86741,4.3184,1,0.126871,0.0412914,-4.38627,0.243704,0.0634354,nan,7.24372,3.06811,1,0,0.9631,0.002964,0.017272,0.268569,0.221563,-0.150159,0.258702,-1.27445,-3.71105,13.4819
1787645126146212414,0.806048,0.59185,0.583282,0.399912,0.4,-0,-0.219491,0.0117666,0.0315571,0.544054,-0.767107,0.0711785,-0.33252,-0.138616,0.550229,-0.678185,-10.6715,0.330692,0.323174,nan,nan,0,-1.63935,-0.0211887,-1.09553,-43.0037,-0.769674,-1.15678,nan,nan,0,-0.297833,-0.282544,2.89379,-13.1136,-0.458917,-0.368093,nan,nan,0,-0.315246,0.604494,-0.328352,-17.4603,0.332377,0.394418,nan,nan,0,0.15435,-0.219282,3.46273,12.5162,-0.132825,nan,-2.1681,-0.929177,1,0.867398,0.164197,1.46575,12.1673,0.433699,nan,5.88642,5.43792,1,-1.31597,-0.484075,-1.24283,-10.7204,-1.05798,-1.03586,nan,nan,0,0.149607,0.00527287,-0.825483,-5.54334,0.0248034,-0.106801,nan,nan,0,-0.332609,0.292132,1.19373,-0.463982,0.143696,0.351358,nan,nan,0,0.954727,0.719927,2.52555,-4.61539,0.967364,0.880945,nan,nan,0,-0.0896989,-0.350402,-0.13187,3.94307,-0.254849,nan,3.54216,3.74448,1,0.0449814,0.000559623,-3.91297,2.23985,0.0224907,nan,6.52738,5.65102,1,0,0.963116,0.001427,0.016778,0.268557,-0.767107,0.0711785,-0.33252,2.40584,-6.3701,13.1512
1787645126156210944,0.864968,0.501827,0.583283,0.399914,0.4,-0,-0.00480269,0.00127014,0.0319968,0.539729,-0.786492,0.135794,-0.389336,-0.28817,0.544667,-0.567711,-8.13187,0.255915,0.426028,nan,nan,0,-0.822786,-0.0305843,-1.04029,-40.4151,-0.361393,-1.08442,nan,nan,0,-0.116387,-0.263177,1.93636,-10.6227,-0.368193,-0.405193,nan,nan,0,-0.271478,0.601809,-0.328352,-18.2418,0.354261,0.365379,nan,nan,0,0.155133,-0.201044,1.36543,5.6147,-0.132433,nan,0.353238,-4.22071,1,0.819737,0.155925,-1.68795,7.92918,0.409869,nan,10.1502,6.19947,1,-1.10979,-0.495963,-1.3533,-8.42491,-0.954896,-1.05057,nan,nan,0,-0.0843472,-0.00162983,-0.733422,-2.90598,-0.0921736,-0.0139772,nan,nan,0,-0.268636,0.299227,0.66591,-0.463982,0.175682,0.263724,nan,nan,0,0.526688,0.741979,2.4028,-0.903542,0.753344,0.94122,nan,nan,0,-0.00875378,-0.350203,0.202646,2.9586,-0.214377,nan,4.44995,3.30071,1,0.0613457,-0.0304144,-3.02875,3.82949,0.0306729,nan,6.37574,6.90857,1,0,0.963686,-0.003653,0.015588,0.266557,-0.786492,0.135794,-0.389336,-4.05293,0.845965,15.733
1787645126166212481,0.913876,0.405994,0.583284,0.399916,0.4,-0,-0.00480269,-0.00239146,0.0321819,0.534993,-0.236125,-0.173446,-0.628659,-0.0284511,0.539682,-0.481788,-2.61295,0.385774,0.379973,nan,nan,0,-0.801212,-0.0415139,-1.10781,-36.5568,-0.350606,-0.778562,nan,nan,0,-0.457078,-0.248796,1.16304,-7.98535,-0.538539,-0.411619,nan,nan,0,-0.348257,0.597207,-0.5002,-14.0904,0.315872,0.349052,nan,nan,0,-0.245378,-0.197632,0.0401418,0.0830558,-0.332689,nan,-4.78719,-2.76099,1,1.01814,0.133524,-2.26258,6.2718,0.509072,nan,14.6603,8.38397,1,-0.799728,-0.510727,-1.52515,-8.71795,-0.799864,-1.0239,nan,nan,0,-0.222465,-0.00853252,-0.672048,0.0244217,-0.161232,-0.0104644,nan,nan,0,-0.226787,0.304213,0.426551,-2.75946,0.196606,0.1936,nan,nan,0,0.319454,0.765564,2.32301,-0.122101,0.649727,0.898914,nan,nan,0,-0.039271,-0.345803,0.53763,2.12869,-0.229636,nan,3.25943,3.48533,1,0.103927,-0.050409,-1.54525,4.79501,0.0519636,nan,5.38905,6.79893,1,0,0.964304,-0.005406,0.015202,0.264302,-0.236125,-0.173446,-0.628659,-0.271093,4.78015,13.6667
1787645126176205302,0.952205,0.30546,0.583285,0.399917,0.4,-0,-0.00480269,-0.00625764,0.0320647,0.527675,-0.479214,0.146076,-0.771461,-0.435549,0.534888,-0.463376,-3.24786,0.182226,0.349305,nan,nan,0,-0.721577,-0.0522523,-1.01574,-25.177,-0.310789,-0.49458,nan,nan,0,-0.734793,-0.242085,0.573849,-7.78999,-0.677396,-0.4475,nan,nan,0,-0.366794,0.590496,-0.733422,-15.8486,0.306603,0.335136,nan,nan,0,-0.0392262,-0.202219,-0.812112,-0.128037,-0.229613,nan,0.259369,-2.12578,1,1.01364,0.111342,-1.74616,7.19783,0.506822,nan,14.4836,11.468,1,-0.645679,-0.526643,-1.58652,-8.13187,-0.72284,-0.932722,nan,nan,0,-0.29194,-0.0154362,-0.678185,2.02686,-0.19597,-0.0724962,nan,nan,0,-0.25139,0.306705,0.11968,-3.39439,0.184305,0.174466,nan,nan,0,0.293582,0.787999,2.16958,-3.7851,0.636791,0.783012,nan,nan,0,-0.0769644,-0.339603,0.74887,2.82859,-0.248482,nan,2.06594,3.49338,1,0.114205,-0.0554815,-0.0351204,4.84711,0.0571024,nan,3.4302,5.84592,1,0,0.965254,-0.007201,0.014661,0.260801,-0.479214,0.146076,-0.771461,1.29439,-4.73917,6.04184
1787645126186207745,0.979511,0.201389,0.583286,0.399919,0.4,-0,-0.00480269,-0.0136718,0.0330349,0.519829,-0.822079,0.179319,-0.736842,-0.636318,0.529711,-0.506338,-2.5641,0.0818411,0.293375,nan,nan,0,-0.356758,-0.0618396,-0.819346,-15.0672,-0.128379,-0.341005,nan,nan,0,-0.620368,-0.240935,-0.14423,-6.17827,-0.620184,-0.546224,nan,nan,0,-0.376157,0.580908,-0.935957,-14.8718,0.301922,0.319212,nan,nan,0,0.148319,-0.21485,-1.26937,-0.479421,-0.135841,nan,4.66937,-1.30471,1,0.932078,0.104204,-0.249177,9.55482,0.466039,nan,11.2288,13.5247,1,-0.555583,-0.544667,-1.697,-4.22466,-0.677791,-0.819776,nan,nan,0,-0.433693,-0.0232978,-0.757972,1.5873,-0.266846,-0.142867,nan,nan,0,-0.251952,0.301528,-0.837758,-0.21978,0.184024,0.176735,nan,nan,0,0.174656,0.809475,1.88112,-14.9695,0.577328,0.684658,nan,nan,0,-0.0687815,-0.331636,0.930069,2.70562,-0.244391,nan,1.65849,2.87225,1,0.158833,-0.0465991,1.31729,4.08566,0.0794165,nan,1.80454,4.25961,1,0,0.966228,-0.01085,0.014205,0.257066,-0.822079,0.179319,-0.736842,0.642054,-1.48837,3.84733
1787645126196215160,0.995479,0.094986,0.583287,0.399921,0.4,-0,-0.00480269,-0.023234,0.0338256,0.514143,-0.998374,0.0673271,-0.47079,-0.55727,0.524534,-0.579986,-3.73627,0.121365,0.192321,nan,nan,0,0.0899002,-0.0683589,-0.678185,-11.9902,0.0949501,-0.228832,nan,nan,0,-0.344731,-0.247454,-0.923681,-6.03175,-0.482366,-0.616068,nan,nan,0,-0.416132,0.571321,-1.09553,-14.2369,0.281934,0.307542,nan,nan,0,0.164726,-0.229127,-1.74125,1.06071,-0.127637,nan,6.16404,1.35475,1,0.84549,0.113664,1.257,11.2503,0.422745,nan,7.38692,12.9677,1,-0.544456,-0.560391,-1.75223,-2.3199,-0.672228,-0.729761,nan,nan,0,-0.546416,-0.0303926,-0.782521,-1.0989,-0.323208,-0.209404,nan,nan,0,-0.205949,0.289831,-1.27965,0.65934,0.207026,0.180986,nan,nan,0,0.179113,0.824048,1.46378,-18.1929,0.579556,0.617745,nan,nan,0,-0.0265146,-0.323698,1.10234,1.80672,-0.223257,nan,1.86192,2.07141,1,0.157914,-0.0295441,2.26152,2.89723,0.0789568,nan,-0.137248,2.47098,1,0,0.966884,-0.015533,0.013402,0.254386,-0.998374,0.0673271,-0.47079,-0.451786,-0.830359,0.127365
1787645126206222323,0.999922,-0.0125183,0.583288,0.399922,0.4,-0,0.0662887,-0.0320737,0.0361006,0.508309,-0.730464,0.376901,-0.638011,-0.763777,0.517823,-0.702735,-6.12943,0.0181115,0.125808,nan,nan,0,0.000809878,-0.0731525,-0.352901,-12.381,0.0504049,-0.0793747,nan,nan,0,-0.351625,-0.259918,-1.3042,-7.54578,-0.485812,-0.590263,nan,nan,0,-0.339108,0.559816,-1.12008,-18.3883,0.320446,0.295513,nan,nan,0,0.283886,-0.248983,-2.4137,3.00913,-0.0680568,nan,9.95296,4.46403,1,0.883437,0.133649,2.09438,13.4166,0.441718,nan,6.10052,10.1321,1,-0.551065,-0.578224,-1.75837,-0.708183,-0.675532,-0.680394,nan,nan,0,-0.556363,-0.0382543,-0.770247,-4.81075,-0.328181,-0.272306,nan,nan,0,-0.14973,0.27775,-1.15077,1.0989,0.235135,0.19107,nan,nan,0,0.184266,0.834211,0.960506,-20.928,0.582133,0.582238,nan,nan,0,-0.0363921,-0.309434,1.34098,1.15689,-0.228196,nan,0.831855,1.58903,1,0.118979,0.00256952,2.94216,1.43401,0.0594894,nan,-2.70564,0.636763,1,0,0.967521,-0.020056,0.013436,0.251634,-0.730464,0.376901,-0.638011,-1.89539,-0.207543,4.51281
1787645126216221542,0.992789,-0.119879,0.583289,0.399924,0.4,-0,0.0662887,-0.0389742,0.0394089,0.503627,-0.54287,0.207174,-0.212277,-0.680565,0.510344,-0.757972,-9.35287,0.0597176,0.0739234,nan,nan,0,-0.268091,-0.0725775,0.248566,-11.3065,-0.0840454,0.0282493,nan,nan,0,-0.215222,-0.267588,-0.273115,-12.967,-0.417611,-0.531682,nan,nan,0,-0.294271,0.550804,-0.733422,-28.6447,0.342865,0.298466,nan,nan,0,0.276392,-0.269073,-1.84917,-0.485676,-0.0718038,nan,9.67817,7.5639,1,0.892195,0.143882,0.271985,12.8475,0.446098,nan,8.65849,7.60298,1,-0.630015,-0.595098,-1.62335,-1.3431,-0.715008,-0.665514,nan,nan,0,-0.583926,-0.0455408,-0.69046,-12.674,-0.341963,-0.314395,nan,nan,0,-0.0471543,0.267013,-0.90527,0.317459,0.286423,0.210667,nan,nan,0,0.119349,0.840155,0.346765,-21.0745,0.549675,0.573034,nan,nan,0,-0.0320419,-0.298955,1.44907,0.767893,-0.226021,nan,0.37908,1.13156,1,0.121954,0.0294243,3.22476,0.44439,0.060977,nan,-3.89056,-1.38768,1,0,0.967994,-0.023776,0.014224,0.249437,-0.54287,0.207174,-0.212277,-0.509542,-0.688753,8.2285
1787645126226259069,0.974162,-0.225852,0.58329,0.399925,0.4,-0,0.0662887,-0.0393027,0.0416576,0.501198,0.415737,0.273435,-0.40952,-0.852902,0.502674,-0.788659,-8.18071,-0.0264508,0.0470814,nan,nan,0,-1.18393,-0.0666332,0.751834,-5.15263,-0.541967,0.0205662,nan,nan,0,-0.431578,-0.260493,0.942094,-13.3577,-0.525789,-0.47284,nan,nan,0,-0.265654,0.546585,-0.303802,-26.1538,0.357173,0.317363,nan,nan,0,0.243248,-0.275574,-0.290331,2.95156,-0.0883758,nan,6.98745,9.22137,1,0.982655,0.132953,-1.33852,8.87024,0.491327,nan,12.759,7.66957,1,-0.70885,-0.609671,-1.4024,-0.757019,-0.754425,-0.679774,nan,nan,0,-0.533964,-0.0505266,-0.438826,-12.5275,-0.316982,-0.335871,nan,nan,0,-0.00395489,0.267396,0.383589,-4.07815,0.308023,0.244255,nan,nan,0,0.195334,0.839963,-0.168778,-17.3626,0.587667,0.564812,nan,nan,0,-0.0558253,-0.284042,1.57415,0.824808,-0.237913,nan,-0.746702,0.567976,1,0.100503,0.0612827,3.1273,-0.851677,0.0502513,nan,-5.02189,-3.19841,1,0,0.968265,-0.024196,0.015301,0.248279,0.415737,0.273435,-0.40952,-3.49938,-0.791781,14.7877
1787645126236212368,0.944256,-0.329212,0.583291,0.399927,0.4,-0,0.0662887,-0.0367781,0.0463769,0.495982,0.0179492,0.662396,-0.485014,-1.38655,0.49347,-0.960506,-7.30159,-0.293275,0.0181251,nan,nan,0,-1.45818,-0.0574293,0.960506,-3.24786,-0.67909,-0.182269,nan,nan,0,-0.750842,-0.253782,0.432689,-7.4481,-0.685421,-0.466827,nan,nan,0,-0.247203,0.544092,-0.266977,-18.2906,0.366399,0.339229,nan,nan,0,0.550399,-0.272089,0.792279,5.76235,0.0651994,nan,10.6167,8.5613,1,0.954754,0.119724,-1.35221,7.29307,0.477377,nan,12.7579,9.9154,1,-0.719593,-0.622326,-1.24283,-0.903542,-0.759796,-0.713477,nan,nan,0,-0.451725,-0.054553,-0.414276,-8.71795,-0.275863,-0.335881,nan,nan,0,0.000411212,0.271615,0.291528,-1.29426,0.310206,0.280279,nan,nan,0,0.304534,0.835361,-0.616811,-15.1648,0.642267,0.567828,nan,nan,0,-0.0661556,-0.266971,1.63471,0.583729,-0.243078,nan,-1.61579,-0.205247,1,0.0544066,0.0910832,2.60301,-2.29038,0.0272033,nan,-5.82091,-4.49741,1,0,0.968878,-0.023511,0.017961,0.245763,0.0179492,0.662396,-0.485014,-1.32388,-3.12732,12.0011
1787645126246209563,0.903418,-0.428762,0.583292,0.399928,0.4,-0,0.0662887,-0.0388699,0.0517784,0.492572,-0.22538,0.374403,-0.15502,-1.23643,0.482732,-1.13849,-7.83883,-0.218215,-0.097576,nan,nan,0,-1.10149,-0.0484171,0.85617,-3.93163,-0.500743,-0.453404,nan,nan,0,-0.354968,-0.255316,-0.4511,-4.46886,-0.487484,-0.545952,nan,nan,0,-0.270141,0.54064,-0.383589,-14.4322,0.354929,0.356384,nan,nan,0,0.583258,-0.262205,1.33556,7.7519,0.0816292,nan,10.0309,8.44669,1,0.84514,0.112463,-0.715641,9.10956,0.42257,nan,10.3767,11.8675,1,-0.839759,-0.634215,-1.13235,-0.708183,-0.819879,-0.743781,nan,nan,0,-0.476996,-0.0593467,-0.512475,-8.03419,-0.288498,-0.313204,nan,nan,0,0.0721808,0.271807,-0.0276184,0.268623,0.34609,0.303537,nan,nan,0,0.147903,0.8275,-0.954369,-13.1624,0.563951,0.59594,nan,nan,0,-0.0718493,-0.249894,1.53443,-0.374209,-0.245925,nan,-2.16273,-1.0708,1,0.0267871,0.113601,1.67792,-3.352,0.0133936,nan,-5.52311,-5.27304,1,0,0.969193,-0.025151,0.020364,0.244164,-0.22538,0.374403,-0.15502,-4.72534,-7.06644,5.24506
1787645126256236948,0.852119,-0.523348,0.583292,0.39993,0.4,-0,-0.0552134,-0.0400677,0.0547934,0.491281,-0.0226565,0.0974264,-0.132074,-0.628449,0.470077,-1.31648,-11.3553,0.0857757,-0.19721,nan,nan,0,-0.837125,-0.0415139,0.579986,-13.6508,-0.368563,-0.572466,nan,nan,0,-0.0555921,-0.266438,-1.28579,-4.42002,-0.337796,-0.569302,nan,nan,0,-0.281247,0.536038,-0.487926,-14.3346,0.349376,0.361758,nan,nan,0,0.418736,-0.249896,1.16054,10.4994,-0.000632233,nan,6.98344,9.09503,1,0.752517,0.109281,-0.0284224,11.1525,0.376258,nan,8.05196,11.8214,1,-0.711897,-0.644953,-1.02188,-2.5641,-0.755949,-0.778465,nan,nan,0,-0.454333,-0.0650992,-0.586123,-6.17827,-0.277166,-0.293336,nan,nan,0,-0.0698239,0.271423,-0.0153437,0.854698,0.275088,0.324001,nan,nan,0,0.101551,0.815228,-1.17532,-7.83883,0.540776,0.600113,nan,nan,0,-0.00200989,-0.237259,1.45251,-0.498628,-0.211005,nan,-1.25987,-1.81506,1,-0.00156391,0.120163,0.64568,-3.80808,-0.000781955,nan,-4.59686,-5.39803,1,0,0.969289,-0.026084,0.021696,0.24357,-0.0226565,0.0974264,-0.132074,-2.69372,3.89294,2.92815
1787645126266210329,0.790954,-0.611875,0.583293,0.399931,0.4,-0,-0.0552134,-0.0374491,0.0556963,0.490449,0.394549,-0.0270367,-0.0431457,-0.22215,0.456079,-1.4024,-14.823,0.288925,-0.13244,nan,nan,0,-1.06647,-0.0380626,0.26084,-18.0464,-0.483237,-0.523298,nan,nan,0,0.117359,-0.279476,-1.22441,-5.44566,-0.251321,-0.485688,nan,nan,0,-0.209259,0.531436,-0.494062,-11.9414,0.385371,0.357972,nan,nan,0,0.289237,-0.241549,0.445226,12.4418,-0.0653817,nan,5.49802,8.73171,1,0.757287,0.108992,0.00950746,12.0437,0.378644,nan,8.0753,10.1865,1,-0.567974,-0.654349,-0.90527,-3.19902,-0.683987,-0.786381,nan,nan,0,-0.303617,-0.0710435,-0.579986,-8.32722,-0.201808,-0.282249,nan,nan,0,-0.0326288,0.272573,0.162642,0.903542,0.293686,0.316826,nan,nan,0,0.0700383,0.802572,-1.31648,-7.83883,0.525019,0.5757,nan,nan,0,0.0303741,-0.22491,1.30598,-1.10482,-0.194813,nan,-0.905584,-1.94049,1,-0.0695185,0.117397,-0.478986,-3.93447,-0.0347592,nan,-3.8462,-4.83062,1,0,0.96941,-0.024915,0.022463,0.243143,0.394549,-0.0270367,-0.0431457,-3.92717,0.953976,6.51467
1787645126276211933,0.720631,-0.693319,0.583294,0.399933,0.4,-0,-0.0552134,-0.0307965,0.0569166,0.490018,0.741517,0.062868,-0.0988633,-0.388361,0.442081,-1.34716,-14.9695,0.20582,0.0569549,nan,nan,0,-1.4614,-0.0361447,0.217878,-20,-0.6807,-0.472721,nan,nan,0,0.0724886,-0.284654,-0.0337563,-8.76679,-0.273756,-0.364245,nan,nan,0,-0.081727,0.525493,-0.567711,-11.5995,0.449136,0.364669,nan,nan,0,0.360539,-0.243706,-0.347016,11.0128,-0.0297307,nan,8.00965,7.51083,1,0.708834,0.10867,-0.261798,10.2704,0.354417,nan,7.76511,8.74611,1,-0.352473,-0.662786,-0.800934,-2.95483,-0.576237,-0.749618,nan,nan,0,-0.134771,-0.076221,-0.481788,-8.03419,-0.117385,-0.252324,nan,nan,0,0.101528,0.276025,0.506338,-0.317459,0.360764,0.300684,nan,nan,0,0.0103249,0.789724,-1.46378,-8.27839,0.495162,0.547321,nan,nan,0,0.0532423,-0.212922,1.03662,-1.12475,-0.183379,nan,-0.520921,-1.551,1,-0.170043,0.10713,-1.66346,-3.4219,-0.0850216,nan,-3.26935,-3.88374,1,0,0.969521,-0.021833,0.023868,0.242863,0.741517,0.062868,-0.0988633,-1.1551,6.15909,9.79356
1787645126286215908,0.641963,-0.766736,0.583295,0.399934,0.4,-0,-0.0552134,-0.0236052,0.0572529,0.488293,0.65524,-0.0509125,-0.244462,-0.521523,0.429042,-1.12008,-11.8926,0.139239,0.190366,nan,nan,0,-1.26087,-0.0325017,0.377452,-21.3187,-0.580434,-0.529622,nan,nan,0,-0.0720319,-0.274107,1.32875,-9.30403,-0.346016,-0.28641,nan,nan,0,-0.124254,0.518973,-0.592261,-10.4274,0.427873,0.397217,nan,nan,0,0.355988,-0.249944,-0.76067,8.12924,-0.0320061,nan,8.76884,7.27919,1,0.619408,0.10512,-0.234449,8.28905,0.309704,nan,6.4892,8.01867,1,-0.176749,-0.670456,-0.66591,-1.48962,-0.488375,-0.673006,nan,nan,0,0.0114438,-0.0810146,-0.408138,-5.20146,-0.0442781,-0.192462,nan,nan,0,0.139266,0.283503,0.647498,-1.63614,0.379633,0.315171,nan,nan,0,-0.160341,0.770358,-1.697,-5.59219,0.40983,0.519491,nan,nan,0,-0.0408427,-0.205109,0.897975,-1.13574,-0.230421,nan,-2.2329,-1.02719,1,-0.310676,0.0786223,-2.5757,-2.6205,-0.155338,nan,-3.15526,-2.96254,1,0,0.969797,-0.018366,0.02492,0.24194,0.65524,-0.0509125,-0.244462,1.14376,-1.19439,12.362
1787645126296212522,0.555861,-0.831275,0.583296,0.399935,0.4,-0,-0.0552134,-0.0191323,0.0559635,0.485756,0.357999,0.0710998,-0.272922,-0.702207,0.420413,-0.911407,-7.25275,0.0488964,0.208592,nan,nan,0,-0.410652,-0.0284748,0.457238,-21.514,-0.155326,-0.584433,nan,nan,0,0.125659,-0.259151,1.75223,-7.98535,-0.247171,-0.284501,nan,nan,0,-0.136924,0.513987,-0.530887,-9.49939,0.421538,0.423835,nan,nan,0,0.434005,-0.258282,-0.771874,6.90998,0.0070026,nan,10.4428,7.96789,1,0.411172,0.107174,-0.00793325,7.35752,0.205586,nan,2.96425,7.27301,1,0.0102267,-0.675825,-0.561574,-1.05006,-0.394887,-0.577781,nan,nan,0,0.0696117,-0.0848498,-0.420414,-1.63614,-0.0151942,-0.116974,nan,nan,0,0.179331,0.287722,0.395864,-0.366302,0.399665,0.34739,nan,nan,0,-0.480405,0.753867,-1.88726,-6.03175,0.249797,0.472567,nan,nan,0,-0.135789,-0.199259,0.802334,-0.70724,-0.277895,nan,-3.95574,-1.22703,1,-0.397199,0.0505754,-3.12882,-2.12382,-0.1986,nan,-2.78202,-2.42641,1,0,0.97016,-0.01601,0.024856,0.240652,0.357999,0.0710998,-0.272922,4.15108,-2.29202,11.7862
1787645126306208368,0.463322,-0.88619,0.583296,0.399936,0.4,-0,0.0437475,-0.0166568,0.0557933,0.482271,0.273606,0.0959973,-0.396364,-0.758035,0.411592,-0.76411,-4.66422,0.0209826,0.149331,nan,nan,0,0.623721,-0.0244484,0.309939,-20,0.36186,-0.456267,nan,nan,0,0.224853,-0.241893,1.42081,-6.32478,-0.197573,-0.282123,nan,nan,0,-0.110587,0.509385,-0.359039,-7.98535,0.434706,0.430277,nan,nan,0,0.519544,-0.264378,-0.476484,6.8245,0.0497718,nan,11.71,9.08282,1,0.202033,0.110542,0.37788,6.68583,0.101017,nan,-0.852584,5.45116,1,0.359692,-0.681002,-0.402001,0.561661,-0.220154,-0.479641,nan,nan,0,0.373753,-0.0896435,-0.444963,0.21978,0.136877,-0.0528966,nan,nan,0,0.259624,0.290406,0.205604,1.0989,0.439812,0.377761,nan,nan,0,-0.712496,0.731816,-2.07138,-8.42491,0.133752,0.377832,nan,nan,0,-0.275453,-0.191237,0.706308,-1.02081,-0.347726,nan,-6.53661,-2.36967,1,-0.417262,0.0132268,-3.63676,-1.69765,-0.208631,nan,-1.20059,-2.13271,1,0,0.9706,-0.014745,0.025097,0.23893,0.273606,0.0959973,-0.396364,4.34224,0.961312,10.6201
1787645126316206609,0.365417,-0.930844,0.583297,0.399938,0.4,-0,0.0437475,-0.0146648,0.0567712,0.478176,0.272908,0.265188,-0.413001,-0.549611,0.404114,-0.745697,-5.59219,0.125194,0.0764881,nan,nan,0,1.18977,-0.0225306,0.181053,-13.4066,0.644884,-0.107566,nan,nan,0,0.352074,-0.230772,1.05257,-5.34798,-0.133963,-0.248003,nan,nan,0,-0.0349136,0.506893,-0.230153,-8.18071,0.472543,0.431904,nan,nan,0,0.632251,-0.266261,-0.223893,8.59781,0.106126,nan,13.3694,10.3687,1,0.00500809,0.113979,0.37963,5.37054,0.00250404,nan,-3.91371,2.4165,1,0.862218,-0.683878,-0.248566,3.34554,0.0311092,-0.356473,nan,nan,0,0.835462,-0.0940537,-0.438826,2.02686,0.367731,0.0313326,nan,nan,0,0.453695,0.291365,0.0214815,3.49207,0.536848,0.409256,nan,nan,0,-0.658499,0.709381,-2.33529,-13.1136,0.160751,0.253873,nan,nan,0,-0.173023,-0.184958,0.550027,-1.60888,-0.296511,nan,-4.72942,-4.30048,1,-0.529022,-0.0248087,-3.98693,-1.77125,-0.264511,nan,-1.21068,-1.47773,1,0,0.971087,-0.013842,0.025838,0.236917,0.272908,0.265188,-0.413001,2.15296,2.30324,9.62265
1787645126326216695,0.26328,-0.964719,0.583298,0.399939,0.4,-0,0.0437475,-0.0116828,0.0588348,0.474416,0.309914,0.154509,-0.318104,-0.0196017,0.397212,-0.782521,-6.2271,0.390199,0.0658855,nan,nan,0,1.16421,-0.0204215,0.28539,-6.12943,0.632106,0.301101,nan,nan,0,0.29858,-0.221184,1.11394,-5.29915,-0.16071,-0.194168,nan,nan,0,0.142982,0.505742,-0.0705805,-9.64591,0.561491,0.446203,nan,nan,0,0.420175,-0.268307,-0.22792,9.50332,8.74931e-05,nan,9.73569,11.8348,1,-0.110707,0.115034,-0.0912818,3.04998,-0.0553537,nan,-4.97472,-0.921804,1,1.36887,-0.685029,-0.0398932,6.71551,0.284433,-0.176851,nan,nan,0,1.59688,-0.0982718,-0.389727,4.71307,0.74844,0.179941,nan,nan,0,0.893336,0.291556,0.0889931,4.17583,0.756668,0.464092,nan,nan,0,-0.55521,0.686371,-2.68512,-17.6557,0.212395,0.17331,nan,nan,0,-0.0313349,-0.180416,0.298654,-3.14709,-0.225667,nan,-2.03178,-5.26588,1,-0.768367,-0.065529,-4.179,-1.36196,-0.384183,nan,-3.29113,-0.839031,1,0,0.97152,-0.012587,0.027217,0.235051,0.309914,0.154509,-0.318104,-0.070333,2.06527,7.23206
1787645126336263783,0.158094,-0.987424,0.583298,0.39994,0.4,-0,0.0437475,-0.00831303,0.0604613,0.471739,0.362994,0.0757768,-0.184379,0.43968,0.388774,-0.850034,-5.68987,0.61984,0.179348,nan,nan,0,0.718494,-0.0146689,0.702735,-0.268623,0.409247,0.5656,nan,nan,0,0.0734365,-0.208721,1.29806,-4.56654,-0.273282,-0.160311,nan,nan,0,0.346269,0.505934,0.0583057,-7.78999,0.663135,0.491866,nan,nan,0,0.0494449,-0.268449,-0.102941,11.1194,-0.185278,nan,3.0654,11.732,1,-0.0433931,0.106497,-1.026,0.307751,-0.0216966,nan,-2.30681,-3.35711,1,1.42991,-0.68407,0.187191,10.232,0.314954,0.0520284,nan,nan,0,2.08283,-0.100956,-0.230153,9.20635,0.991414,0.43326,nan,nan,0,1.21679,0.294049,0.414276,3.98046,0.918395,0.58526,nan,nan,0,-0.478897,0.659526,-3.08405,-17.4603,0.250552,0.164394,nan,nan,0,-0.166636,-0.177565,-0.0279789,-3.71364,-0.293318,nan,-4.00938,-4.30986,1,-0.894001,-0.110352,-4.23759,-1.11748,-0.447001,nan,-3.74308,-1.24096,1,0,0.971829,-0.011103,0.028418,0.233702,0.362994,0.0757768,-0.184379,-1.89116,1.54172,8.26759
1787645126346209494,0.0510754,-0.998695,0.583299,0.399941,0.4,-0,0.0437475,-0.00457398,0.0610695,0.471181,0.37632,0.078292,0.0504713,0.706043,0.379762,-0.911407,-2.36874,0.753022,0.386084,nan,nan,0,0.151796,-0.00412273,1.23055,9.25519,0.125898,0.589633,nan,nan,0,-0.0928832,-0.19664,1.13235,-2.41758,-0.356442,-0.189091,nan,nan,0,0.469574,0.507276,0.168778,-3.58974,0.724787,0.570568,nan,nan,0,-0.143086,-0.269049,0.225665,9.54383,-0.281543,nan,-0.775764,8.48674,1,0.046424,0.0878317,-2.2981,-1.85573,0.023212,nan,1.50855,-3.4585,1,1.46462,-0.679085,0.579986,14.7741,0.332312,0.232434,nan,nan,0,2.29037,-0.101148,0.0889931,16.4835,1.09518,0.729808,nan,nan,0,1.36716,0.302679,1.08325,5.49451,0.993579,0.752167,nan,nan,0,-0.383985,0.625969,-3.48299,-14.4811,0.298007,0.198446,nan,nan,0,-0.130076,-0.178471,-0.392001,-2.97347,-0.275038,nan,-2.79183,-3.50276,1,-0.899354,-0.152441,-4.31837,-1.38064,-0.449677,nan,-2.43954,-2.22033,1,0,0.971904,-0.009349,0.029153,0.233376,0.37632,0.078292,0.0504713,-0.895117,-0.395738,8.31197
1787645126356214250,-0.0565349,-0.998401,0.5833,0.399943,0.4,-0,-0.0917217,8.70864e-05,0.0622765,0.472124,0.53489,0.0599613,0.106176,0.931045,0.370558,-0.917544,1.39194,0.865523,0.595394,nan,nan,0,-0.162356,0.0119843,1.76451,7.64347,-0.0311781,0.413872,nan,nan,0,-0.279783,-0.188203,0.647498,-1.88034,-0.449891,-0.264933,nan,nan,0,0.536036,0.509193,0.224015,0.21978,0.758018,0.655558,nan,nan,0,-0.206235,-0.263414,0.309291,9.54157,-0.313118,nan,-2.20355,3.63567,1,0.0981614,0.0600669,-2.66203,-3.86248,0.0490807,nan,3.66346,-1.19135,1,1.40803,-0.671607,0.960506,16.6789,0.304013,0.322663,nan,nan,0,2.25536,-0.0973134,0.537024,24.6886,1.07768,0.964853,nan,nan,0,1.25963,0.319552,2.02842,6.42247,0.939817,0.899188,nan,nan,0,-0.282047,0.585702,-3.72848,-5.83639,0.348976,0.248016,nan,nan,0,-0.0416272,-0.183283,-0.629828,-2.82827,-0.230814,nan,-0.718832,-3.0428,1,-0.858679,-0.191337,-4.50046,-1.76251,-0.42934,nan,-0.389384,-2.51426,1,0,0.971795,-0.007239,0.03028,0.233761,0.53489,0.0599613,0.106176,-0.807934,1.84428,6.67773
1787645126366296180,-0.163491,-0.986545,0.583301,0.399944,0.4,-0,-0.0917217,0.00696473,0.0629015,0.472811,0.794177,-0.00196601,0.0381009,1.1521,0.362121,-0.807072,6.12943,0.976052,0.761017,nan,nan,0,-0.237729,0.03231,2.13275,2.8083,-0.0688643,0.177736,nan,nan,0,-0.443467,-0.185519,0.125817,-3.2967,-0.531733,-0.359164,nan,nan,0,0.577434,0.51322,0.463376,5.49451,0.778717,0.72128,nan,nan,0,-0.182922,-0.265792,-0.299498,6.72269,-0.301461,nan,-0.799163,-0.146169,1,0.090882,0.042052,-1.66493,-3.22719,0.045441,nan,2.59906,1.5209,1,1.16178,-0.658951,1.37785,15.1648,0.180892,0.339893,nan,nan,0,1.94896,-0.0879178,1.10781,31.5263,0.92448,1.08035,nan,nan,0,0.888481,0.347164,3.08405,5.73871,0.754241,0.963643,nan,nan,0,-0.221453,0.547927,-3.68552,-13.6508,0.379274,0.301415,nan,nan,0,-0.0201888,-0.187395,-0.349943,-9.85721,-0.220094,nan,-0.619551,-2.00789,1,-0.800034,-0.235802,-3.91895,-6.71622,-0.400017,nan,0.951973,-1.51558,1,0,0.971724,-0.003981,0.031386,0.233986,0.794177,-0.00196601,0.0381009,-1.94803,1.99647,6.63208
1787645126376243719,-0.268556,-0.963264,0.583301,0.399945,0.4,-0,-0.0917217,0.0171581,0.0636115,0.472775,1.09667,-0.0651497,-0.149714,1.16844,0.355026,-0.616811,9.54823,0.984222,0.888903,nan,nan,0,-0.110801,0.0532107,1.94863,7.15507,-0.00540044,0.00501662,nan,nan,0,-0.438713,-0.187819,-0.444963,-3.24786,-0.529357,-0.453513,nan,nan,0,0.556574,0.520891,0.960506,3.73627,0.768287,0.762124,nan,nan,0,-0.113658,-0.27412,-1.12602,2.44025,-0.266829,nan,1.94422,-1.33854,1,0.0589533,0.03708,0.0221667,-0.525964,0.0294767,nan,-0.261349,2.53574,1,0.861438,-0.642652,1.72768,14.4811,0.030719,0.285963,nan,nan,0,1.43852,-0.0758371,1.13849,52.674,0.66926,1.0567,nan,nan,0,0.378138,0.375352,2.32915,14.3834,0.499069,0.90659,nan,nan,0,-0.248726,0.521657,-2.12662,-30.3053,0.365637,0.347718,nan,nan,0,0.0266534,-0.174898,1.83497,-9.38509,-0.196673,nan,-3.5146,-1.46531,1,-0.69804,-0.24221,0.459047,-7.6935,-0.34902,nan,-3.89287,-0.854529,1,0,0.971726,0.000889,0.032923,0.2338,1.09667,-0.0651497,-0.149714,-5.38387,2.47567,9.08853
1787645126386252719,-0.37051,-0.928828,0.583302,0.399946,0.4,-0,-0.0917217,0.0184526,0.0557155,0.475866,-0.764062,-0.553311,1.12889,0.870463,0.350232,-0.33449,12.4786,0.835231,0.965363,nan,nan,0,0.107973,0.0683589,1.42695,1.3431,0.103986,-0.0525891,nan,nan,0,-0.426243,-0.201626,-1.85043,-0.317459,-0.523122,-0.514302,nan,nan,0,0.579878,0.532779,1.2551,8.62027,0.779939,0.77689,nan,nan,0,0.0515827,-0.288476,-1.41522,-0.792973,-0.184209,nan,5.7722,-0.127786,1,-0.029637,0.0445589,0.991857,1.62724,-0.0148185,nan,-3.26911,1.35358,1,0.438439,-0.620217,2.16958,11.6484,-0.180781,0.17161,nan,nan,0,2.19488,-0.0672083,0.807072,41.3431,1.04744,0.903507,nan,nan,0,1.62951,0.384364,0.279252,18.8278,1.12475,0.735924,nan,nan,0,-0.388402,0.508235,-1.11394,-17.6068,0.295799,0.369965,nan,nan,0,-0.176502,-0.146455,3.30353,-4.1262,-0.298251,nan,-10.2682,-2.7961,1,-1.20655,-0.199523,5.31543,-5.44585,-0.603274,nan,-20.0857,-3.29449,1,0,0.971469,0.002398,0.029242,0.235343,-0.764062,-0.553311,1.12889,3.20286,-4.63203,26.2188
1787645126396329168,-0.468175,-0.883636,0.583302,0.399947,0.4,-0,-0.0917217,0.0161835,0.0597518,0.48898,0.417142,0.847049,1.00167,0.98099,0.348698,-0.125817,14.2369,0.890495,0.944931,nan,nan,0,0.444905,0.0806313,1.18145,-3.73627,0.272453,-0.00733031,nan,nan,0,-0.341704,-0.224827,-2.32301,-0.805862,-0.480852,-0.534403,nan,nan,0,0.519745,0.545051,1.37785,11.4042,0.749872,0.779959,nan,nan,0,-0.0932906,-0.300661,-1.40452,-0.324708,-0.256645,nan,3.64731,2.60527,1,-0.008014,0.0577551,1.44089,0.871979,-0.004007,nan,-4.01419,-1.04718,1,1.8349,-0.599316,2.41508,12.2344,0.517451,0.00703268,nan,nan,0,2.49135,-0.0585799,0.911407,32.6984,1.19567,0.87399,nan,nan,0,2.03377,0.384748,0.266977,8.81563,1.32688,0.781528,nan,nan,0,-0.285828,0.500373,-0.880719,-5.15263,0.347086,0.350638,nan,nan,0,0.671503,-0.117335,3.36438,-1.64392,0.125751,nan,3.46146,-6.2644,1,-1.2867,-0.139136,6.41026,-4.01707,-0.64335,nan,-24.7418,-11.0056,1,0,0.969854,0.000617,0.03094,0.241711,0.417142,0.847049,1.00167,-3.5586,6.39768,19.2313
1787645126408214094,-0.560419,-0.828209,0.583303,0.399948,0.4,-0,-0.189471,0.0254536,0.0664753,0.494852,0.800741,0.329142,0.336155,1.22098,0.349657,0.181053,11.9414,1.01049,0.904068,nan,nan,0,0.32336,0.0940537,1.26738,-10.4762,0.21168,0.113313,nan,nan,0,-0.654263,-0.246112,-1.92408,-4.17583,-0.637132,-0.520336,nan,nan,0,0.352128,0.561733,1.56811,6.47131,0.666064,0.770717,nan,nan,0,-0.266655,-0.312523,-1.32541,2.26905,-0.343327,nan,0.909973,4.23327,1,0.0185438,0.0725272,1.49043,-0.939465,0.00927188,nan,-4.13331,-3.19506,1,1.99729,-0.573813,2.59306,10.1343,0.598644,0.101653,nan,nan,0,1.68531,-0.046308,1.24897,27.5702,0.792655,0.999721,nan,nan,0,1.10789,0.396444,1.61721,6.71551,0.863944,1.02675,nan,nan,0,-0.204773,0.489443,-1.05257,-2.41758,0.387614,0.335646,nan,nan,0,0.95389,-0.0875601,2.87374,-2.86327,0.266945,nan,8.09707,-4.80017,1,-1.04213,-0.0767136,5.35947,-10.2849,-0.521067,nan,-21.3698,-19.415,1,0,0.969035,0.004194,0.035332,0.244344,0.800741,0.329142,0.336155,-8.72583,10.3188,6.53084
1787645126416301435,-0.646173,-0.763191,0.583304,0.399949,0.4,-0,-0.189471,0.0329259,0.0661943,0.49983,0.630483,-0.534178,0.581695,1.06884,0.352725,0.395864,12.0879,0.934421,0.92629,nan,nan,0,0.225132,0.106901,1.48219,-7.74115,0.162566,0.201346,nan,nan,0,-0.604944,-0.257233,-0.886857,-6.17827,-0.612472,-0.548217,nan,nan,0,0.311027,0.578415,1.7461,3.73627,0.645513,0.730859,nan,nan,0,-0.16038,-0.322512,-0.979908,2.92757,-0.29019,nan,2.60112,3.51604,1,-0.0525739,0.0844487,0.888414,-1.89261,-0.0262869,nan,-4.65469,-4.23745,1,0.804216,-0.548502,2.48259,13.5531,0.00210804,0.354967,nan,nan,0,0.962099,-0.0334606,1.48219,33.8217,0.43105,0.995071,nan,nan,0,0.783781,0.419071,2.42121,12.381,0.70189,1.08358,nan,nan,0,-0.339664,0.478897,-1.23669,-1.88034,0.320168,0.350675,nan,nan,0,0.401864,-0.0672965,1.95429,-0.188772,-0.00906806,nan,-0.893443,1.13748,1,-1.14039,-0.0400625,3.30483,-16.9895,-0.570195,nan,-20.8612,-22.8788,1,0,0.968406,0.007759,0.036128,0.246625,0.630483,-0.534178,0.581695,-0.723717,-7.54871,-1.71303
1787645126426258023,-0.724444,-0.689334,0.583304,0.39995,0.4,-0,-0.189471,0.0370939,0.0603105,0.504854,0.18558,-0.521097,0.456089,0.962637,0.357135,0.438826,16.7766,0.881319,0.948387,nan,nan,0,-0.202579,0.121666,1.44536,-1.14774,-0.0512893,0.211395,nan,nan,0,-0.586541,-0.267972,-1.27351,-3.83395,-0.60327,-0.590849,nan,nan,0,0.646498,0.596632,1.83202,-1.05006,0.813249,0.682876,nan,nan,0,-0.0217685,-0.32848,-0.621408,2.55252,-0.220884,nan,4.69797,2.58369,1,-0.0145333,0.0869327,0.0822987,-3.04469,-0.00726665,nan,-2.94943,-4.47493,1,-0.483661,-0.524534,2.32301,25.5678,-0.641831,0.341303,nan,nan,0,1.38463,-0.0185041,1.40854,38.1685,0.642315,0.776847,nan,nan,0,0.611917,0.446491,2.7956,10.6227,0.615959,0.936061,nan,nan,0,-0.209722,0.462982,-1.56197,4.81075,0.385139,0.350772,nan,nan,0,-0.0592467,-0.0571391,0.5407,6.88306,-0.239623,nan,-7.198,3.33718,1,-1.17956,-0.0221795,1.04956,-20.1466,-0.589779,nan,-18.6023,-22.2581,1,0,0.967841,0.010421,0.03382,0.249057,0.18558,-0.521097,0.456089,2.31775,-4.7445,4.68478
1787645126436319414,-0.794326,-0.607492,0.583305,0.399951,0.4,-0,-0.189471,0.0372777,0.0547089,0.50829,0.0639481,-0.429036,0.368051,1.07417,0.361546,0.4511,15.1648,0.937087,0.929722,nan,nan,0,-0.325479,0.13528,1.27351,3.44322,-0.112739,0.120007,nan,nan,0,-0.454499,-0.285804,-1.94249,-2.17339,-0.53725,-0.608752,nan,nan,0,0.897692,0.61504,1.80133,-5.88522,0.938846,0.707626,nan,nan,0,0.00803163,-0.332747,-0.357368,1.70251,-0.205984,nan,4.97276,2.99771,1,0.0366621,0.0818256,-0.853536,-3.22075,0.018331,nan,-0.624532,-3.79671,1,-0.654354,-0.502674,2.10207,21.8559,-0.727177,-0.0391955,nan,nan,0,2.14332,-0.00642347,1.10167,34.5543,1.02166,0.62266,nan,nan,0,0.618021,0.471611,2.29233,6.76434,0.61901,0.756604,nan,nan,0,-0.0808375,0.446107,-1.72768,6.47131,0.449581,0.35698,nan,nan,0,0.06459,-0.0632601,-1.01812,9.72028,-0.177705,nan,-2.47839,0.228422,1,-1.15317,-0.0208682,0.0851027,-21.2003,-0.576587,nan,-16.7992,-20.1095,1,0,0.967476,0.011157,0.031152,0.250787,0.0639481,-0.429036,0.368051,0.372709,-2.25836,8.94264
1787645126446285776,-0.855008,-0.518614,0.583305,0.399952,0.4,-0,-0.189471,0.037819,0.0478729,0.512901,-0.0241753,-0.692414,0.623066,1.2131,0.366723,0.586123,12.1856,1.00655,0.919594,nan,nan,0,-0.340048,0.145251,0.929819,1.97802,-0.120024,-0.00680826,nan,nan,0,-0.518183,-0.308814,-2.48872,-0.21978,-0.569091,-0.588995,nan,nan,0,0.786743,0.632298,1.71541,-4.42002,0.883371,0.806529,nan,nan,0,-0.09508,-0.33733,-0.173962,2.09235,-0.25754,nan,3.05361,3.99029,1,0.0373766,0.0711518,-1.69844,-2.72505,0.0186883,nan,0.97376,-2.10969,1,-0.389382,-0.483691,1.8443,10.4762,-0.594691,-0.456756,nan,nan,0,2.03907,0.00124645,0.64136,30.3053,0.969534,0.718149,nan,nan,0,0.720994,0.487334,1.18145,6.03175,0.670497,0.644608,nan,nan,0,-0.050921,0.428658,-1.7461,5.10378,0.46454,0.393395,nan,nan,0,0.233489,-0.0837149,-2.36689,4.81211,-0.0932556,nan,3.21641,-2.04467,1,-1.19017,-0.0227762,0.0221691,-19.7121,-0.595087,nan,-17.2026,-18.0186,1,0,0.966961,0.012215,0.027942,0.253093,-0.0241753,-0.692414,0.623066,0.244393,-3.60447,12.129
1787645126456296834,-0.905789,-0.42373,0.583306,0.399953,0.4,-0,-0.371522,0.0375787,0.0409526,0.52026,0.0846849,-0.507023,0.840995,0.908187,0.374201,0.727284,12.3321,0.854094,0.948011,nan,nan,0,-0.278947,0.153496,0.696597,-3.10134,-0.0894736,-0.0922665,nan,nan,0,-0.481051,-0.339303,-2.75263,1.44078,-0.550526,-0.568961,nan,nan,0,0.459875,0.648788,1.63562,3.10134,0.719938,0.877487,nan,nan,0,-0.156995,-0.337813,0.14646,2.73248,-0.288497,nan,1.50635,4.01751,1,-0.0234754,0.0476967,-2.21348,-1.54768,-0.0117377,nan,1.53718,-0.0715071,1,-0.197689,-0.465858,1.56197,0.0244217,-0.498845,-0.648549,nan,nan,0,1.39887,0.00584841,0.359039,30.9402,0.649434,0.873508,nan,nan,0,0.917177,0.491553,0.187191,4.56654,0.768588,0.621694,nan,nan,0,-0.0974607,0.411017,-1.52515,4.37119,0.44127,0.434808,nan,nan,0,0.256472,-0.11455,-3.2501,0.224719,-0.0817638,nan,6.02268,-0.366264,1,-1.17424,-0.0213733,-0.221194,-17.4955,-0.587121,nan,-16.6406,-16.9971,1,0,0.966082,0.012887,0.024614,0.256735,0.0846849,-0.507023,0.840995,3.23082,1.47922,15.3074
1787645126466379773,-0.946079,-0.323937,0.583307,0.399954,0.4,-0,-0.371522,0.0398165,0.036555,0.52737,0.347115,-0.230747,0.589987,0.725426,0.382446,0.886857,11.1111,0.762713,0.934003,nan,nan,0,-0.0357739,0.159057,0.481788,-6.71551,0.0321131,-0.116546,nan,nan,0,-0.410306,-0.362888,-2.17572,1.24542,-0.515153,-0.558025,nan,nan,0,0.217437,0.665278,1.70313,6.56898,0.598718,0.844201,nan,nan,0,-0.143333,-0.333985,0.428334,3.04478,-0.281667,nan,1.18864,2.92421,1,-0.0846999,0.0227728,-2.34874,0.0823312,-0.04235,nan,1.56942,1.42163,1,0.0463508,-0.452052,1.29806,-4.22466,-0.376825,-0.637174,nan,nan,0,0.940971,0.00968313,0.469513,30.3053,0.420485,0.854033,nan,nan,0,0.942759,0.491745,-0.0337563,5.29915,0.781379,0.672156,nan,nan,0,-0.146264,0.399704,-0.954369,0.805862,0.416868,0.451936,nan,nan,0,0.284759,-0.145546,-2.8865,-3.82587,-0.0676206,nan,7.05714,3.13842,1,-1.13547,-0.0254991,-0.178625,-17.3185,-0.567736,nan,-15.9992,-16.5912,1,0,0.965177,0.014453,0.022829,0.260194,0.347115,-0.230747,0.589987,1.84509,1.26494,10.7023
1787645126476673585,-0.975412,-0.220391,0.583307,0.399955,0.4,-0,-0.371522,0.0434094,0.033774,0.532621,0.212368,-0.208115,0.550148,0.643208,0.39261,1.06484,9.64591,0.721604,0.861317,nan,nan,0,0.201323,0.161933,0.21174,-6.71551,0.150661,-0.0692516,nan,nan,0,-0.346112,-0.380529,-1.61721,0.122101,-0.483056,-0.540076,nan,nan,0,0.0643164,0.684453,1.7461,1.8315,0.522158,0.735135,nan,nan,0,-0.0393294,-0.327924,0.677354,2.23382,-0.229665,nan,2.42303,1.73172,1,-0.131161,0.000979251,-2.14187,0.915163,-0.0655807,nan,1.21601,2.02634,1,0.153313,-0.44093,1.04029,-4.42002,-0.323344,-0.526292,nan,nan,0,0.653918,0.0160108,0.678185,27.2772,0.276959,0.673462,nan,nan,0,0.787958,0.491169,-0.0583057,7.05739,0.703979,0.736023,nan,nan,0,-0.136881,0.395485,-0.291528,-2.90598,0.421559,0.44291,nan,nan,0,0.261909,-0.164192,-1.36781,-1.49907,-0.0790456,nan,5.03185,5.70373,1,-1.05948,-0.0264018,-0.433013,-15.798,-0.529739,nan,-14.4506,-16.2982,1,0,0.964479,0.016492,0.021998,0.262721,0.212368,-0.208115,0.550148,-1.13496,-0.035975,11.4981
1787645126486368814,-0.993447,-0.114292,0.583308,0.399956,0.4,-0,-0.371522,0.0434651,0.0310185,0.538589,-0.0912891,-0.332192,0.633193,0.454674,0.402964,1.18145,7.93651,0.627337,0.781354,nan,nan,0,0.170025,0.162508,0.046031,-7.00854,0.135012,0.030836,nan,nan,0,-0.23296,-0.39261,-1.27351,-0.21978,-0.42648,-0.512829,nan,nan,0,0.00994487,0.699793,1.61721,-4.81075,0.494972,0.616272,nan,nan,0,0.0299396,-0.319683,0.836598,1.62488,-0.19503,nan,3.10794,1.44966,1,-0.077112,-0.0182785,-1.73157,1.10773,-0.038556,nan,1.98902,1.89124,1,-0.0362909,-0.432493,0.899132,-2.51526,-0.418145,-0.408338,nan,nan,0,0.585467,0.022531,0.71501,23.9072,0.242733,0.457849,nan,nan,0,0.601359,0.491169,-0.00920582,8.86447,0.610679,0.748555,nan,nan,0,-0.113608,0.396061,0.156505,-2.71062,0.433196,0.429412,nan,nan,0,0.188804,-0.170391,-0.295453,1.66243,-0.115598,nan,2.36094,6.02329,1,-0.952554,-0.0365041,-0.967168,-15.0516,-0.476277,nan,-11.7424,-15.4835,1,0,0.963704,0.01682,0.020727,0.265632,-0.0912891,-0.332192,0.633193,0.086495,-2.74335,10.3899
1787645126496283467,-0.999976,-0.00686892,0.583308,0.399957,0.4,-0,-0.371522,0.0432621,0.0280891,0.543891,0.0690967,-0.21373,0.403891,0.328973,0.415427,1.24283,5.73871,0.564486,0.701575,nan,nan,0,0.0798917,0.162892,0.0398932,-5.64103,0.0899459,0.109151,nan,nan,0,-0.146296,-0.402197,-0.751834,-1.48962,-0.383148,-0.472989,nan,nan,0,0.0373046,0.712641,1.32875,-11.9414,0.508652,0.532068,nan,nan,0,0.0672833,-0.311329,0.938713,1.16927,-0.176358,nan,3.31591,1.97312,1,-0.00484394,-0.0315701,-1.23303,1.29676,-0.00242197,nan,2.724,1.73308,1,-0.211932,-0.42444,0.782521,-1.19658,-0.505966,-0.368724,nan,nan,0,0.435527,0.0284748,0.518612,19.707,0.167764,0.304762,nan,nan,0,0.371541,0.491169,-0.00306892,8.91331,0.495771,0.698974,nan,nan,0,-0.13846,0.399321,0.383589,-3.2967,0.42077,0.426007,nan,nan,0,0.122621,-0.166115,0.574829,3.78787,-0.148689,nan,-0.252359,4.38851,1,-0.864795,-0.0507746,-1.82158,-14.4245,-0.432398,nan,-8.71632,-13.6219,1,0,0.963011,0.017061,0.019334,0.268224,0.0690967,-0.21373,0.403891,-1.59979,1.72311,7.30424
1787645126506345334,-0.994923,0.100635,0.583309,0.399958,0.4,-0,-0.202978,0.0454311,0.0254195,0.546523,0.247166,-0.378951,0.171577,0.34166,0.427891,1.27351,4.17583,0.57083,0.625073,nan,nan,0,0.0516783,0.163467,0.0583057,-2.61295,0.0758391,0.126282,nan,nan,0,-0.125654,-0.405457,-0.181053,-1.5873,-0.372827,-0.426209,nan,nan,0,0.116815,0.723187,0.782521,-15.4579,0.548407,0.497804,nan,nan,0,0.0431069,-0.302993,1.0288,1.55867,-0.188447,nan,2.46593,2.6277,1,0.0378441,-0.0392882,-0.868906,1.3464,0.0189221,nan,3.04967,1.97698,1,-0.407079,-0.417153,0.708872,0.122101,-0.603539,-0.412281,nan,nan,0,0.28724,0.0313511,0.199466,16.1905,0.09362,0.212312,nan,nan,0,0.117739,0.491169,0.00920582,6.71551,0.368869,0.605634,nan,nan,0,-0.251869,0.404498,0.561574,-5.29915,0.364065,0.424552,nan,nan,0,-0.0614857,-0.157631,0.866686,5.12695,-0.240743,nan,-4.20894,1.82666,1,-0.80063,-0.0698868,-1.79667,-14.5189,-0.400315,nan,-7.21784,-10.9567,1,0,0.962647,0.01844,0.018364,0.269504,0.247166,-0.378951,0.171577,-1.84,1.49552,4.61706
1787645126516373119,-0.978347,0.206973,0.583309,0.399958,0.4,-0,-0.202978,0.0479788,0.0219466,0.547019,0.139492,-0.399657,-0.00789988,0.414617,0.441697,1.24283,1.63614,0.607309,0.578693,nan,nan,0,0.0197311,0.163467,-0.0337563,-0.0732574,0.0598656,0.107888,nan,nan,0,-0.10581,-0.407374,-0.217878,0.268623,-0.362905,-0.390185,nan,nan,0,0.170965,0.727214,0.254703,-17.1184,0.575483,0.507818,nan,nan,0,-0.0246785,-0.290569,1.17517,2.0636,-0.222339,nan,0.625277,2.73816,1,0.0639853,-0.0456794,-0.40821,1.42019,0.0319926,nan,2.94248,2.42088,1,-0.678738,-0.409867,0.653635,-0.757019,-0.739369,-0.501196,nan,nan,0,0.287913,0.0313511,-0.0828552,9.49939,0.0939566,0.143693,nan,nan,0,-0.0835892,0.490977,-0.0153437,3.15018,0.268205,0.487154,nan,nan,0,-0.215735,0.411784,0.69046,-5.68987,0.382132,0.403921,nan,nan,0,-0.236815,-0.15128,0.22969,4.0007,-0.328407,nan,-6.54398,-1.18277,1,-0.742148,-0.0785338,-0.46846,-12.3962,-0.371074,nan,-8.07351,-8.77802,1,0,0.962564,0.020131,0.017041,0.269765,0.139492,-0.399657,-0.00789988,-2.44355,0.86398,7.29446
1787645126526327454,-0.950438,0.310915,0.58331,0.399959,0.4,-0,-0.202978,0.0480221,0.01826,0.546751,-0.176452,-0.441639,-0.00485177,0.328958,0.452243,1.16918,1.44078,0.564479,0.575293,nan,nan,0,-0.109305,0.162125,-0.181053,0.903542,-0.00465226,0.082242,nan,nan,0,-0.124951,-0.409867,-0.28539,1.78266,-0.372476,-0.369641,nan,nan,0,0.0294432,0.726638,-0.168779,-13.602,0.504722,0.538937,nan,nan,0,-0.137223,-0.280221,1.30246,2.33823,-0.278612,nan,-1.89737,1.9223,1,0.092955,-0.0480412,-0.0550254,1.72788,0.0464775,nan,2.9181,2.71923,1,-0.939449,-0.404306,0.604536,-2.02686,-0.869724,-0.617861,nan,nan,0,0.305189,0.0296254,-0.199466,6.12943,0.102594,0.102403,nan,nan,0,-0.188773,0.490211,-0.162642,0.903542,0.215613,0.367048,nan,nan,0,0.00776131,0.418112,0.702735,-6.71551,0.493881,0.385365,nan,nan,0,-0.229937,-0.153369,-0.278283,0.297744,-0.324968,nan,-5.58854,-4.01583,1,-0.568513,-0.07882,0.161324,-9.03783,-0.284257,nan,-6.40508,-8.05589,1,0,0.962606,0.020652,0.01527,0.269683,-0.176452,-0.441639,-0.00485177,-2.77687,-1.26494,10.1174
1787645126536488903,-0.91152,0.411256,0.58331,0.39996,0.4,-0,-0.202978,0.0457518,0.0147693,0.54746,-0.243408,-0.293075,0.249992,0.147314,0.462982,1.04643,2.41758,0.473657,0.576121,nan,nan,0,-0.124439,0.159632,-0.273115,0.65934,-0.0122197,0.0439424,nan,nan,0,0.0540281,-0.414085,-0.438826,3.19902,-0.282986,-0.364221,nan,nan,0,-0.280717,0.722995,-0.426551,-10.5739,0.349642,0.541165,nan,nan,0,-0.177833,-0.26784,1.4642,1.67913,-0.298917,nan,-3.28397,0.126547,1,0.109227,-0.0428772,0.535166,1.89075,0.0546136,nan,2.12197,2.72126,1,-0.690302,-0.399129,0.487926,-5.88522,-0.745151,-0.748366,nan,nan,0,-0.13477,0.0275164,-0.224015,3.88278,-0.117385,0.0904812,nan,nan,0,-0.130288,0.485225,-0.64136,-0.463982,0.244856,0.271976,nan,nan,0,0.00472969,0.424057,0.64136,-7.59463,0.492365,0.415611,nan,nan,0,-0.171629,-0.157492,-0.728279,-5.14307,-0.295815,nan,-3.74888,-5.44666,1,-0.393561,-0.0735734,0.145405,-6.06315,-0.196781,nan,-3.91433,-7.47805,1,0,0.962536,0.020026,0.013291,0.270084,-0.243408,-0.293075,0.249992,-1.21226,2.89608,7.56305
1787645126546306985,-0.862044,0.506834,0.583311,0.399961,0.4,-0,-0.202978,0.0446666,0.0124855,0.551355,-0.118743,-0.246883,0.462655,0.121238,0.472953,0.972781,1.53846,0.460619,0.540992,nan,nan,0,-0.208214,0.155989,-0.389727,-0.610504,-0.0541071,0.00807196,nan,nan,0,0.301485,-0.416003,-0.0828552,1.63614,-0.159257,-0.337569,nan,nan,0,-0.44369,0.717051,-0.647498,-9.89011,0.268155,0.473066,nan,nan,0,-0.257639,-0.253446,1.4985,-0.0294236,-0.33882,nan,-5.23582,-1.92061,1,0.195967,-0.0339755,1.11305,1.98374,0.0979837,nan,2.2892,2.30232,1,-0.432352,-0.395678,0.266977,-7.39927,-0.616176,-0.799202,nan,nan,0,-0.61606,0.0254068,-0.193328,2.61295,-0.35803,0.021418,nan,nan,0,-0.122457,0.475829,-1.09553,-2.41758,0.248771,0.230537,nan,nan,0,-0.13212,0.430576,0.555436,-5.10378,0.42394,0.460957,nan,nan,0,-0.219707,-0.169931,-1.29999,-3.15366,-0.319853,nan,-3.2973,-5.01354,1,-0.265994,-0.0787692,-0.149431,-7.15505,-0.132997,nan,-1.40268,-5.90847,1,0,0.962019,0.019789,0.012084,0.271992,-0.118743,-0.246883,0.462655,-1.71472,0.856884,5.24344
1787645126556283693,-0.802582,0.596542,0.583311,0.399962,0.4,-0,-0.347011,0.0432042,0.010008,0.556356,-0.273899,-0.34976,0.60898,0.286817,0.482348,0.929819,0.561661,0.543409,0.495153,nan,nan,0,-0.361828,0.151387,-0.475651,-2.71062,-0.130914,-0.0244847,nan,nan,0,0.461257,-0.414852,0.162642,2.22222,-0.0793717,-0.263691,nan,nan,0,-0.546379,0.708998,-0.899132,-13.9927,0.216811,0.368928,nan,nan,0,-0.451884,-0.239029,1.38277,-1.43378,-0.435942,nan,-8.96612,-3.84249,1,0.198476,-0.0205399,1.66927,1.65597,0.099238,nan,1.08943,1.87926,1,-0.438062,-0.394527,0.0644436,-8.42491,-0.619031,-0.742933,nan,nan,0,-0.781852,0.0236812,-0.14423,-0.0244217,-0.440926,-0.142409,nan,nan,0,-0.0973668,0.461831,-1.49446,-2.12454,0.261317,0.228822,nan,nan,0,-0.124952,0.436137,0.598398,-4.0293,0.427524,0.465242,nan,nan,0,-0.151263,-0.186448,-1.94501,-2.73703,-0.285632,nan,-0.553894,-3.80448,1,-0.130775,-0.080826,-0.216155,-6.05015,-0.0653873,nan,0.787395,-3.6393,1,0,0.96135,0.019396,0.010742,0.274433,-0.273899,-0.34976,0.60898,-1.99271,1.55079,4.76549
1787645126566301865,-0.733823,0.679341,0.583311,0.399962,0.4,-0,-0.347011,0.0402205,0.00657952,0.562913,-0.386964,-0.324948,0.703693,0.399952,0.491361,0.880719,-1.0989,0.599976,0.494019,nan,nan,0,-0.490415,0.146018,-0.555436,-3.7851,-0.195207,-0.0721743,nan,nan,0,0.508429,-0.411592,0.420414,3.49207,-0.0557855,-0.168107,nan,nan,0,-0.577075,0.698643,-1.24897,-16.044,0.201462,0.277092,nan,nan,0,-0.629231,-0.228675,1.10662,-2.76171,-0.524616,nan,-12.0179,-6.26101,1,0.267537,0.0018058,2.15925,1.61286,0.133769,nan,0.720011,1.26789,1,-0.43727,-0.39491,-0.0521679,-9.05983,-0.618635,-0.667593,nan,nan,0,-0.732678,0.0223389,-0.131955,-4.81075,-0.416339,-0.31564,nan,nan,0,-0.0845795,0.446299,-1.53742,-1.68498,0.26771,0.242349,nan,nan,0,-0.1245,0.443231,0.757972,-7.4481,0.42775,0.447063,nan,nan,0,-0.149867,-0.209252,-2.3936,-2.78982,-0.284934,nan,0.941545,-2.00838,1,-0.0614951,-0.083486,0.118187,-4.47465,-0.0307475,nan,1.40487,-1.3155,1,0,0.96047,0.018404,0.008745,0.277634,-0.386964,-0.324948,0.703693,-2.02052,-0.111526,5.28022
1787645126576235683,-0.656564,0.75427,0.583312,0.399963,0.4,-0,-0.347011,0.0354494,0.00443835,0.569698,-0.580916,-0.0519892,0.618549,0.290194,0.49999,0.862308,-1.5873,0.545097,0.536403,nan,nan,0,-0.590549,0.139498,-0.696597,-3.5409,-0.245274,-0.133816,nan,nan,0,0.379085,-0.403731,0.991194,3.98046,-0.120458,-0.093514,nan,nan,0,-0.629993,0.681194,-1.77678,-18.0952,0.175003,0.219926,nan,nan,0,-0.722339,-0.218189,0.785901,-4.36738,-0.571169,nan,-13.5332,-9.178,1,0.21477,0.0220992,2.42663,1.11943,0.107385,nan,-1.08137,0.61228,1,-0.479975,-0.395294,-0.0276184,-8.42491,-0.639988,-0.625204,nan,nan,0,-0.582543,0.0204215,-0.242428,-10.4274,-0.341272,-0.411476,nan,nan,0,-0.176511,0.431918,-1.37171,-1.63614,0.221744,0.256978,nan,nan,0,0.0589302,0.450901,0.880719,-11.1111,0.519465,0.433281,nan,nan,0,0.00476463,-0.232102,-2.44507,-2.28249,-0.207618,nan,4.52455,-0.0767475,1,0.0261934,-0.0752122,1.17247,-3.01471,0.0130967,nan,0.890562,0.262476,1,0,0.959562,0.016386,0.00711,0.28093,-0.580916,-0.0519892,0.618549,0.225385,-1.46184,5.04372
1787645126586210464,-0.571699,0.820464,0.583312,0.399964,0.4,-0,-0.347011,0.0291682,0.00406283,0.574688,-0.656057,-0.0105291,0.349994,0.150432,0.508235,0.813209,-1.00122,0.475216,0.560081,nan,nan,0,-0.698929,0.131253,-0.899132,-3.7851,-0.299464,-0.195543,nan,nan,0,0.150234,-0.390692,1.42695,4.85959,-0.234883,-0.078044,nan,nan,0,-0.633368,0.659909,-2.28005,-18.1441,0.173316,0.188283,nan,nan,0,-0.744094,-0.215903,0.225098,-6.94826,-0.582047,nan,-13.1527,-11.6932,1,0.157467,0.0508149,2.56415,0.267882,0.0787335,nan,-3.00866,-0.352195,1,-0.630886,-0.395294,0.0214815,-7.35043,-0.715443,-0.618767,nan,nan,0,-0.431544,0.016778,-0.414276,-13.1624,-0.265772,-0.412601,nan,nan,0,-0.304261,0.421755,-0.850034,-2.66178,0.15787,0.250731,nan,nan,0,0.252813,0.461831,1.03416,-14.3346,0.616406,0.457265,nan,nan,0,0.0791544,-0.251085,-2.05684,-2.07331,-0.170423,nan,5.90843,2.2335,1,0.0721347,-0.05042,2.57986,-1.94412,0.0360673,nan,-1.27518,0.572833,1,0,0.958904,0.01341,0.006081,0.283347,-0.656057,-0.0105291,0.349994,-0.872942,-0.170836,6.40849
1787645126596217988,-0.480211,0.877153,0.583313,0.399965,0.4,-0,-0.347011,0.0221756,0.0041875,0.577264,-0.729509,0.0482024,0.212971,0.115792,0.515904,0.751834,-0.366302,0.457896,0.535669,nan,nan,0,-0.75849,0.120707,-1.12008,-5.68987,-0.329245,-0.252819,nan,nan,0,0.0300663,-0.374968,1.67859,3.00366,-0.294967,-0.132589,nan,nan,0,-0.627219,0.633639,-2.76491,-14.7253,0.17639,0.173484,nan,nan,0,-0.783211,-0.21757,-0.584738,-8.67537,-0.601605,nan,-12.5641,-12.8743,1,0.12472,0.0741352,2.47679,-0.247661,0.0623602,nan,-4.06843,-1.77012,1,-0.825337,-0.394719,0.0644436,-7.30159,-0.812668,-0.652455,nan,nan,0,-0.332906,0.011601,-0.518612,-15.0183,-0.216453,-0.352982,nan,nan,0,-0.347373,0.415427,-0.586123,-3.83395,0.136313,0.214067,nan,nan,0,0.387488,0.472952,1.15077,-12.5763,0.683744,0.525508,nan,nan,0,0.0655415,-0.268059,-1.42649,-0.00489033,-0.177229,nan,5.31878,4.37766,1,0.0869138,-0.0184696,3.79531,-1.15509,0.0434569,nan,-3.83518,-0.525539,1,0,0.958579,0.010033,0.005163,0.284601,-0.729509,0.0482024,0.212971,0.406349,-0.598936,6.15118
1787645126606227981,-0.38316,0.923682,0.583313,0.399965,0.4,-0,-0.278223,0.0143561,0.00475543,0.5797,-0.786572,0.137513,0.280994,0.133697,0.522616,0.733422,-1.29426,0.466849,0.49427,nan,nan,0,-0.741212,0.109394,-1.31648,-8.27839,-0.320606,-0.299457,nan,nan,0,0.0643401,-0.358286,1.83202,2.90598,-0.27783,-0.215873,nan,nan,0,-0.602538,0.609287,-3.08405,-18.3883,0.188731,0.170828,nan,nan,0,-0.830237,-0.22739,-1.25241,-11.8383,-0.625119,nan,-12.0419,-12.7705,1,0.0694927,0.0964037,2.16977,-0.815741,0.0347464,nan,-5.10437,-3.19495,1,-0.930206,-0.394144,0.0583057,-8.03419,-0.865103,-0.723507,nan,nan,0,-0.289977,0.00699902,-0.5002,-14.3834,-0.194989,-0.279322,nan,nan,0,-0.290056,0.41025,-0.586123,-4.95727,0.164972,0.170454,nan,nan,0,0.389429,0.482541,1.22441,-6.81319,0.684715,0.608903,nan,nan,0,0.0514183,-0.278392,-0.876647,1.82215,-0.184291,nan,4.60852,5.38273,1,0.0901067,0.0240378,4.48561,-1.322,0.0450533,nan,-6.09795,-2.6243,1,0,0.958264,0.006199,0.00433,0.285784,-0.786572,0.137513,0.280994,-0.117661,-2.41361,4.88532
1787645126616231777,-0.28167,0.959511,0.583314,0.399966,0.4,-0,-0.278223,0.00608428,0.00564022,0.582621,-0.676262,-0.153176,0.299028,0.26413,0.532204,0.862308,-2.22222,0.532065,0.469303,nan,nan,0,-0.878734,0.0963545,-1.02802,-25.7143,-0.389367,-0.322862,nan,nan,0,-0.181457,-0.343521,1.38399,-0.805862,-0.400729,-0.269898,nan,nan,0,-0.661797,0.583018,-1.83816,-54.823,0.159101,0.176874,nan,nan,0,-1.04786,-0.241677,-0.875823,-17.2834,-0.733931,nan,-15.9152,-12.2313,1,0.213652,0.113742,0.650901,-0.811043,0.106826,nan,-1.18381,-4.13814,1,-1.0465,-0.393376,0.0767183,-8.57143,-0.92325,-0.802012,nan,nan,0,-0.262869,0.00546503,0.150368,-25.6166,-0.181435,-0.223342,nan,nan,0,-0.29731,0.406607,0.046031,-10.7204,0.161345,0.152302,nan,nan,0,0.409862,0.499031,1.52515,-7.39927,0.694931,0.666486,nan,nan,0,-0.0115721,-0.281783,-0.170652,2.40555,-0.215786,nan,2.56588,5.17994,1,0.0756839,0.0706498,4.7719,-2.65091,0.037842,nan,-8.14209,-5.034,1,0,0.957862,0.002104,0.003575,0.287197,-0.676262,-0.153176,0.299028,-2.55147,-2.52587,6.51115
1787645126626214009,-0.176917,0.984226,0.583314,0.399967,0.4,-0,-0.278223,0.0116495,-0.0014901,0.579078,1.69836,-0.366905,-1.15375,0.296408,0.537764,0.316077,8.22955,0.548204,0.483273,nan,nan,0,-2.4906,0.0900269,-0.402001,-21.7582,-1.1953,-0.351697,nan,nan,0,-1.563,-0.321661,2.39053,-7.20391,-1.0915,-0.328564,nan,nan,0,-0.711312,0.573813,-0.457238,-48.9621,0.134344,0.1745,nan,nan,0,-1.18183,-0.239566,0.182254,-13.9652,-0.800914,nan,-19.9205,-13.4803,1,0.777511,0.105751,-0.399808,-4.04827,0.388756,nan,9.08985,-3.00581,1,-0.63365,-0.393185,-0.0276184,-8.52259,-0.716825,-0.870705,nan,nan,0,-0.518562,0.0133266,0.899132,-20.5861,-0.309281,-0.191608,nan,nan,0,-0.415984,0.420221,1.57425,-13.4066,0.102008,0.15282,nan,nan,0,0.666984,0.51533,1.5497,3.39439,0.823492,0.693124,nan,nan,0,-0.292046,-0.274254,0.730152,3.36609,-0.356023,nan,-3.95714,3.8394,1,0.177351,0.12093,3.98574,-3.54146,0.0886756,nan,-6.94623,-7.16361,1,0,0.958357,0.005795,0.000949,0.28551,1.69836,-0.366905,-1.15375,3.1046,8.43579,36.3
1787645126636210698,-0.0701132,0.997539,0.583314,0.399967,0.4,-0,-0.278223,0.0244252,0.00366761,0.568879,0.53385,1.03807,-0.615289,-0.860726,0.537189,-0.205604,5.44566,-0.0303629,0.514663,nan,nan,0,-3.22418,0.0875344,-0.248566,-15.9463,-1.56209,-0.640412,nan,nan,0,-1.75115,-0.298268,1.93636,-9.10867,-1.18558,-0.60346,nan,nan,0,-0.512976,0.572088,-0.131955,-40.1709,0.233512,0.158496,nan,nan,0,-0.517703,-0.239811,0.0113924,-12.2701,-0.468851,nan,-8.0335,-16.4771,1,0.919958,0.101596,-0.883844,-1.60038,0.459979,nan,12.0772,1.83279,1,-0.561039,-0.395485,-0.316077,-7.59463,-0.680519,-0.846109,nan,nan,0,-0.484037,0.0221472,0.837758,-4.7619,-0.292019,-0.220422,nan,nan,0,-0.272641,0.424248,-0.248566,-5.64103,0.173679,0.138013,nan,nan,0,0.964865,0.531053,1.46378,3.58974,0.972432,0.74268,nan,nan,0,-0.0747718,-0.264888,1.05057,2.38469,-0.247386,nan,-0.963291,0.480301,1,0.0431335,0.148539,2.43613,-5.2581,0.0215667,nan,-7.46338,-7.73153,1,0,0.959751,0.011207,0.005187,0.280577,0.53385,1.03807,-0.615289,5.55913,-4.59529,29.9612
1787645126646226101,0.0375029,0.999297,0.583315,0.399968,0.4,-0,-0.278223,0.0243938,0.0128967,0.567611,-0.270602,0.772547,0.367648,-1.16948,0.534121,-0.359039,3.10134,-0.184741,0.350237,nan,nan,0,-2.55998,0.0833158,-0.561574,-24.2491,-1.22999,-1.10318,nan,nan,0,-0.40368,-0.28868,0.537024,-12.0879,-0.51184,-0.940329,nan,nan,0,-0.266471,0.570745,-0.199466,-34.3101,0.356765,0.175234,nan,nan,0,-0.0329415,-0.242071,-0.493822,-14.9015,-0.226471,nan,1.28675,-14.9149,1,0.57803,0.0915737,-0.791653,1.31872,0.289015,nan,7.11072,7.71161,1,-1.05715,-0.399896,-0.543161,-7.98535,-0.928575,-0.765067,nan,nan,0,-0.272288,0.0267491,0.328352,-0.268623,-0.186144,-0.265436,nan,nan,0,0.160905,0.411401,-1.88726,-0.21978,0.390452,0.140462,nan,nan,0,0.606943,0.544476,1.46991,9.74359,0.793472,0.842682,nan,nan,0,-0.00487419,-0.254176,1.16052,0.540718,-0.212437,nan,-0.27991,-1.72084,1,0.00833101,0.161048,0.92923,-5.55153,0.00416551,nan,-6.10031,-7.2792,1,0,0.959927,0.009903,0.009605,0.279909,-0.270602,0.772547,0.367648,-7.62282,-16.6914,8.84521
1787645126656208949,0.144685,0.989478,0.583315,0.399969,0.4,-0,-0.572056,0.0211379,0.0194004,0.577135,-0.205728,0.249222,1.26559,-0.394966,0.529519,-0.469513,-0.512817,0.202517,0.0730053,nan,nan,0,-2.46407,0.0754538,-0.868444,-43.5409,-1.18203,-1.33418,nan,nan,0,0.324231,-0.297501,-1.27351,-17.8022,-0.147885,-0.923309,nan,nan,0,-0.279223,0.566335,-0.463376,-31.1355,0.350388,0.248167,nan,nan,0,-0.195924,-0.250359,-0.93887,-13.8899,-0.307962,nan,-0.607794,-7.88093,1,0.567794,0.0922396,0.507211,5.2677,0.283897,nan,4.9889,9.56276,1,-1.27682,-0.406799,-0.69046,-8.47375,-1.03841,-0.784577,nan,nan,0,-0.203944,0.0246401,-0.438826,2.41758,-0.151972,-0.254984,nan,nan,0,0.268508,0.381871,-3.16384,3.7851,0.444254,0.228118,nan,nan,0,0.644346,0.560391,1.66017,10.9646,0.812173,0.872883,nan,nan,0,-0.0450184,-0.24591,0.981542,-1.52944,-0.232509,nan,-1.00329,-1.74883,1,0.00434831,0.157298,-0.492327,-5.63741,0.00217415,nan,-3.91523,-6.31813,1,0,0.958582,0.007371,0.012306,0.284452,-0.205728,0.249222,1.26559,-7.83761,9.81189,3.16035
1787645126666250931,0.250192,0.968196,0.583315,0.399969,0.4,-0,-0.572056,0.0227958,0.0218094,0.589925,0.0484625,0.143554,1.26163,-0.0265986,0.525109,-0.420414,-14.6276,0.386701,0.00473339,nan,nan,0,-2.88739,0.0662498,-0.911407,-53.9438,-1.39369,-1.32386,nan,nan,0,0.412456,-0.307088,-0.469513,-21.6606,-0.103772,-0.597518,nan,nan,0,-0.242733,0.561925,-0.420414,-32.0635,0.368633,0.317495,nan,nan,0,-0.148419,-0.258134,-0.356282,-13.0076,-0.28421,nan,-0.378241,-2.15575,1,0.795524,0.113521,2.09051,7.89731,0.397762,nan,5.39146,7.51662,1,-1.27272,-0.413702,-0.708872,-8.57143,-1.03636,-0.896143,nan,nan,0,-0.0909867,0.0175447,-0.745697,-3.5409,-0.0954933,-0.207207,nan,nan,0,0.17823,0.352533,-2.70353,5.9829,0.399115,0.34699,nan,nan,0,0.877305,0.579183,1.95477,7.93651,0.928653,0.847391,nan,nan,0,-0.0949223,-0.238344,0.752843,-0.95023,-0.257461,nan,-1.79837,-1.29347,1,0.0599548,0.142674,-1.86559,-4.42003,0.0299774,nan,-0.58251,-4.74271,1,0,0.95673,0.007735,0.013746,0.290549,0.0484625,0.143554,1.26163,-0.238691,6.64813,4.52965
1787645126676207876,0.3528,0.935699,0.583316,0.39997,0.4,-0,-0.572056,0.0241938,0.0223664,0.602113,0.568096,-0.0749979,1.0912,0.455668,0.521274,-0.389727,-14.0415,0.627834,0.146243,nan,nan,0,-3.82781,0.057621,-0.788659,-55.3602,-1.8639,-1.32131,nan,nan,0,-0.00907551,-0.296159,1.7952,-18.4371,-0.314538,-0.2824,nan,nan,0,-0.292085,0.560008,-0.046031,-27.8633,0.343957,0.356487,nan,nan,0,-0.297882,-0.249055,1.01006,-7.20933,-0.358941,nan,-5.36111,-0.236314,1,1.06624,0.130678,2.12673,8.20413,0.533118,nan,8.88312,5.38717,1,-1.37156,-0.42118,-0.76411,-10.8669,-1.08578,-0.992976,nan,nan,0,0.192739,0.00910807,-0.868444,-4.42002,0.0463695,-0.149603,nan,nan,0,0.104255,0.333934,-1.48833,4.85959,0.362128,0.409163,nan,nan,0,1.26353,0.600083,2.13275,6.76434,1.12176,0.862153,nan,nan,0,-0.181091,-0.231126,0.623827,-0.944306,-0.300545,nan,-3.36542,-1.31337,1,0.135154,0.119178,-2.98237,-3.26578,0.0675771,nan,2.92553,-2.27773,1,0,0.954934,0.008236,0.014266,0.29636,0.568096,-0.0749979,1.0912,4.20405,0.692388,9.69556
1787645126686211881,0.451322,0.892361,0.583316,0.399971,0.4,-0,-0.572056,0.0255824,0.0195443,0.610413,-0.425938,-0.0938728,0.578506,0.597652,0.517055,-0.365176,-7.93651,0.698826,0.378015,nan,nan,0,-3.10221,0.0497594,-0.757972,-49.4994,-1.50111,-1.50858,nan,nan,0,0.214538,-0.263945,3.1577,-11.7949,-0.202731,-0.185843,nan,nan,0,-0.301346,0.560583,0.0644436,-19.707,0.339327,0.363933,nan,nan,0,-0.117632,-0.229986,2.19298,-2.87221,-0.268816,nan,-4.6485,-2.04579,1,0.820645,0.149501,1.46773,5.60396,0.410323,nan,5.62306,5.95906,1,-1.62957,-0.430192,-0.85617,-13.3089,-1.21479,-1.05434,nan,nan,0,0.36383,-0.000862598,-0.929819,-0.903542,0.131915,-0.0625108,nan,nan,0,-0.147619,0.328756,-0.0767183,2.12454,0.236191,0.407007,nan,nan,0,1.37899,0.624435,2.27391,4.71307,1.17949,0.961545,nan,nan,0,-0.147661,-0.227867,0.543672,-1.27984,-0.283831,nan,-2.77424,-2.07102,1,0.0313031,0.0773567,-3.70681,-1.42028,0.0156515,nan,3.70907,0.901826,1,0,0.953698,0.009263,0.013163,0.300332,-0.425938,-0.0938728,0.578506,2.8875,-3.70524,12.521
1787645126696208219,0.544616,0.838685,0.583316,0.399971,0.4,-0,-0.572056,0.0179377,0.0199442,0.613438,-0.795278,0.184071,0.0153005,0.370558,0.513412,-0.365176,-1.97802,0.585279,0.580585,nan,nan,0,-1.99647,0.0397882,-1.12622,-50.7692,-0.948235,-1.61022,nan,nan,0,0.351429,-0.237867,2.70353,-6.52015,-0.134285,-0.189328,nan,nan,0,-0.313821,0.560774,-0.00920582,-18.0952,0.333089,0.354364,nan,nan,0,-0.0278147,-0.20462,2.30431,-0.33722,-0.223907,nan,-4.13152,-4.33932,1,0.555545,0.16814,1.86258,5.68888,0.277772,nan,0.495113,6.43547,1,-1.65938,-0.439971,-1.04029,-9.89011,-1.22969,-1.12681,nan,nan,0,0.377627,-0.0106421,-0.966643,0.512817,0.138814,0.0402876,nan,nan,0,-0.27634,0.330674,0.230153,1.5873,0.17183,0.343199,nan,nan,0,1.15126,0.648596,2.49486,10.6227,1.06563,1.08335,nan,nan,0,-0.0703747,-0.222242,0.468138,-1.09199,-0.245187,nan,-1.50529,-2.72092,1,-0.0184646,0.0422972,-3.72386,0.356963,-0.00923228,nan,4.03991,3.34202,1,0,0.95327,0.005539,0.012214,0.30182,-0.795278,0.184071,0.0153005,1.61858,-1.18845,10.9574
1787645126706212847,0.631601,0.775293,0.583317,0.399972,0.4,-0,-0.0437848,0.0108596,0.0203334,0.610353,-0.548449,0.0129529,-0.636053,0.149481,0.50996,-0.303802,0.0244217,0.47474,0.651055,nan,nan,0,-1.25273,0.0250235,-1.58652,-54.5299,-0.576367,-1.40033,nan,nan,0,-0.219548,-0.214857,1.90567,-5.78754,-0.419774,-0.175185,nan,nan,0,-0.38469,0.559816,-0.113543,-18.2906,0.297655,0.3425,nan,nan,0,-0.254713,-0.191846,0.955299,2.4176,-0.337357,nan,-6.52582,-4.91368,1,0.734379,0.18191,1.39093,7.90279,0.367189,nan,3.47196,4.33978,1,-1.33027,-0.452052,-1.29193,-13.0159,-1.06513,-1.19234,nan,nan,0,0.310968,-0.0198464,-0.874582,2.66178,0.105484,0.112707,nan,nan,0,-0.375531,0.332783,0.205604,-0.170937,0.122234,0.253786,nan,nan,0,0.787572,0.673141,2.80173,12.0879,0.883786,1.12298,nan,nan,0,-0.0633328,-0.220355,0.319462,-2.33675,-0.241666,nan,-1.22508,-2.49893,1,0.0340883,0.00565323,-3.13975,2.20855,0.0170441,nan,5.05135,4.41945,1,0,0.953747,0.002124,0.011328,0.300389,-0.548449,0.0129529,-0.636053,1.69884,0.574381,8.61988
1787645126716209287,0.71127,0.702919,0.583317,0.399972,0.4,-0,-0.0437848,0.00645915,0.0206814,0.601909,-0.273276,0.0797002,-0.976503,-0.184165,0.508043,-0.162642,0.512817,0.307918,0.599381,nan,nan,0,-1.25487,0.0102587,-1.60494,-52.6252,-0.577433,-1.00507,nan,nan,0,-0.733559,-0.197215,2.01614,-7.69231,-0.676779,-0.245049,nan,nan,0,-0.44904,0.558474,-0.156505,-19.9023,0.26548,0.323361,nan,nan,0,-0.332982,-0.193706,-0.608773,0.850475,-0.376491,nan,-5.4843,-4.99932,1,0.900307,0.187335,0.243278,5.62994,0.450153,nan,7.51964,3.07271,1,-1.0081,-0.465091,-1.51287,-13.1624,-0.904049,-1.17281,nan,nan,0,0.178859,-0.0269408,-0.757972,3.39439,0.0394295,0.132223,nan,nan,0,-0.367207,0.333934,0.046031,-2.66178,0.126397,0.175438,nan,nan,0,0.542425,0.703629,3.11474,12.7228,0.761212,1.04486,nan,nan,0,-0.114303,-0.218256,0.125967,-1.82828,-0.267151,nan,-1.90027,-1.83838,1,0.0700306,-0.0163832,-2.32176,2.85006,0.0350153,nan,5.02459,4.79723,1,0,0.955007,1.9e-05,0.010833,0.296383,-0.273276,0.0797002,-0.976503,-1.63607,0.361483,10.145
1787645126726230944,0.782698,0.622401,0.583317,0.399973,0.4,-0,-0.0437848,0.00436186,0.0207475,0.59106,-0.177493,-0.0368822,-1.2431,-0.270136,0.507276,-0.0767183,1.78266,0.264932,0.470892,nan,nan,0,-1.2786,-0.00354719,-1.27351,-42.8571,-0.5893,-0.697612,nan,nan,0,-1.01936,-0.175931,2.1082,-10.8181,-0.81968,-0.432266,nan,nan,0,-0.520966,0.556748,-0.199466,-20.2442,0.229517,0.29546,nan,nan,0,-0.377329,-0.208152,-1.81579,-0.659719,-0.398665,nan,-3.94425,-4.85538,1,0.958142,0.184302,-0.675621,4.16143,0.479071,nan,9.8565,4.65444,1,-0.63146,-0.481581,-1.75223,-10.3785,-0.71573,-1.06205,nan,nan,0,0.00491957,-0.0334606,-0.629086,6.27595,-0.0475402,0.102077,nan,nan,0,-0.33926,0.333167,-0.181053,-3.63858,0.14037,0.131491,nan,nan,0,0.389455,0.732583,3.20067,5.0061,0.684727,0.906271,nan,nan,0,-0.123389,-0.21817,-0.08376,-1.28007,-0.271695,nan,-1.74772,-1.53926,1,0.118222,-0.0325463,-1.18912,3.41989,0.0591109,nan,4.53339,4.79974,1,0,0.9566,-0.000935,0.010559,0.291209,-0.177493,-0.0368822,-1.2431,-1.73449,-1.52946,8.59994
1787645126736225346,0.845059,0.534673,0.583318,0.399973,0.4,-0,-0.0437848,0.00056271,0.0210456,0.577565,-0.521682,0.0191408,-1.2973,-0.416703,0.506317,-0.0889931,0.463982,0.191649,0.345009,nan,nan,0,-0.676453,-0.0125594,-0.739559,-33.2357,-0.288227,-0.56661,nan,nan,0,-1.07929,-0.160783,1.18145,-12.7717,-0.849647,-0.645106,nan,nan,0,-0.632797,0.554638,-0.205604,-26.6911,0.173602,0.262037,nan,nan,0,-0.336359,-0.233195,-2.80619,-2.56918,-0.378179,nan,-0.865164,-4.0906,1,0.868683,0.170828,-1.2932,4.51348,0.434342,nan,9.8452,7.55668,1,-0.435056,-0.500948,-1.99773,-6.08059,-0.617528,-0.895586,nan,nan,0,-0.149056,-0.0394044,-0.586123,5.78754,-0.124528,0.0353356,nan,nan,0,-0.315563,0.326455,-0.90527,-2.22222,0.152218,0.122854,nan,nan,0,0.383164,0.766331,3.09019,-4.27351,0.681582,0.776036,nan,nan,0,-0.0966897,-0.22021,-0.226699,-1.39553,-0.258345,nan,-0.994662,-1.52856,1,0.139956,-0.0377269,-0.229868,3.2518,0.0699781,nan,3.57595,4.48842,1,0,0.958538,-0.002727,0.010167,0.284767,-0.521682,0.0191408,-1.2973,1.36106,-3.91053,7.53244
1787645126746313553,0.89763,0.440749,0.583318,0.399974,0.4,-0,-0.0437848,-0.00732643,0.0207197,0.566204,-0.722886,0.189999,-0.975191,-0.670611,0.505167,-0.138092,-1.88034,0.0646945,0.250697,nan,nan,0,-0.255466,-0.0162029,-0.199466,-29.4261,-0.0777332,-0.447465,nan,nan,0,-0.733606,-0.160016,-0.322214,-15.2625,-0.676803,-0.792437,nan,nan,0,-0.55024,0.55368,-0.0214806,-32.9426,0.21488,0.21975,nan,nan,0,-0.0849702,-0.257982,-2.73454,-6.34999,-0.252485,nan,4.29421,-2.41493,1,0.806831,0.163559,-0.98898,7.26455,0.403416,nan,8.67915,9.50039,1,-0.428649,-0.522041,-2.13889,-3.7851,-0.614325,-0.734323,nan,nan,0,-0.343768,-0.0445819,-0.475651,3.00366,-0.221884,-0.0470985,nan,nan,0,-0.143592,0.312458,-1.54356,-0.463982,0.238204,0.133454,nan,nan,0,0.306979,0.794901,2.73422,-14.823,0.64349,0.69815,nan,nan,0,-0.0360779,-0.222318,-0.321978,-0.927524,-0.228039,nan,0.282743,-1.32289,1,0.1261,-0.0314692,0.80261,3.20371,0.0630499,nan,1.63166,3.7627,1,0,0.960125,-0.006411,0.008924,0.279355,-0.722886,0.189999,-0.975191,1.61624,-6.01794,7.95711
1787645126756221090,0.939802,0.341719,0.583318,0.399974,0.4,-0,0.100146,-0.0132333,0.0218674,0.557233,-0.322683,0.190781,-0.906789,-0.751476,0.503249,-0.217878,-4.56654,0.0242621,0.157188,nan,nan,0,-0.535593,-0.0160112,0.101268,-19.707,-0.217797,-0.271691,nan,nan,0,-0.761483,-0.167302,-0.813209,-18.4371,-0.690742,-0.800329,nan,nan,0,-0.481914,0.554255,0.0583057,-33.5775,0.249043,0.200188,nan,nan,0,-0.147191,-0.281034,-1.88463,-6.02871,-0.283595,nan,2.73729,0.511678,1,0.931779,0.157756,-0.985145,9.0676,0.46589,nan,10.7217,9.74153,1,-0.49309,-0.544092,-2.17572,0.708183,-0.646545,-0.636449,nan,nan,0,-0.385529,-0.0486088,-0.340627,0.21978,-0.242765,-0.137113,nan,nan,0,-0.0125353,0.296542,-1.5497,0.170937,0.303732,0.173429,nan,nan,0,0.248296,0.816953,2.23095,-18.0952,0.614148,0.65855,nan,nan,0,-0.0547528,-0.226565,-0.432445,-1.0848,-0.237376,nan,0.270251,-0.619981,1,0.121724,-0.0177553,1.62787,2.82176,0.0608618,nan,-0.0832953,2.44966,1,0,0.961338,-0.009368,0.008692,0.275073,-0.322683,0.190781,-0.906789,3.52098,-0.452496,11.3217
1787645126766411174,0.971086,0.23873,0.583319,0.399975,0.4,-0,0.100146,-0.0160368,0.0237652,0.549138,-0.159594,0.368251,-0.566459,-1.00893,0.500181,-0.352901,-7.00854,-0.104466,0.0753128,nan,nan,0,-0.981363,-0.0133266,0.346765,-16.337,-0.440682,-0.179257,nan,nan,0,-0.838104,-0.175739,-0.850034,-17.9976,-0.729052,-0.745898,nan,nan,0,-0.435293,0.554255,-0.0153437,-34.4078,0.272353,0.21385,nan,nan,0,-0.0588028,-0.289318,-0.730686,-3.57146,-0.239401,nan,2.84312,2.40361,1,0.96735,0.145065,-0.53369,9.56486,0.483675,nan,10.9588,9.94579,1,-0.651653,-0.564993,-2.01614,-1.05006,-0.725827,-0.612373,nan,nan,0,-0.434844,-0.05091,-0.193328,-4.0293,-0.267422,-0.207721,nan,nan,0,0.053119,0.281586,-1.43309,0.903542,0.336559,0.236533,nan,nan,0,0.228147,0.83632,1.53742,-20.5372,0.604073,0.631906,nan,nan,0,-0.0959111,-0.230753,-0.537957,-0.388482,-0.257956,nan,-0.14515,0.0662274,1,0.122424,0.00388214,2.16262,1.96728,0.0612122,nan,-1.52402,0.81134,1,0,0.962417,-0.010939,0.009263,0.271196,-0.159594,0.368251,-0.566459,2.54001,-0.678818,10.6746
1787645126776435248,0.99112,0.132974,0.583319,0.399975,0.4,-0,0.100146,-0.0185309,0.0284824,0.545512,-0.296003,0.630258,-0.209289,-1.41429,0.495579,-0.481788,-8.96215,-0.307147,-0.0121765,nan,nan,0,-1.19343,-0.00834084,0.586123,-12.1856,-0.546714,-0.248555,nan,nan,0,-0.722612,-0.183793,-0.757972,-16.63,-0.671306,-0.717754,nan,nan,0,-0.390445,0.55368,-0.0521679,-32.2589,0.294777,0.242185,nan,nan,0,0.228157,-0.291621,0.260911,-0.719684,-0.0959217,nan,6.4581,2.78244,1,0.885668,0.147103,0.00141819,8.75566,0.442834,nan,8.86979,10.3353,1,-0.897037,-0.58321,-1.71541,-0.854698,-0.848518,-0.649465,nan,nan,0,-0.484033,-0.052444,-0.150367,-6.08059,-0.292016,-0.250287,nan,nan,0,0.0904829,0.271807,-0.721148,1.14774,0.355241,0.295791,nan,nan,0,0.262916,0.847825,1.01574,-22.8327,0.621458,0.613417,nan,nan,0,-0.108623,-0.234841,-0.568715,-0.157168,-0.264311,nan,-0.178383,0.268266,1,0.120745,0.0293034,2.36834,0.734407,0.0603723,nan,-2.62044,-0.795403,1,0,0.962857,-0.012758,0.011218,0.269475,-0.296003,0.630258,-0.209289,-3.36396,-4.72665,7.815
1787645126786319212,0.99967,0.0256771,0.583319,0.399976,0.4,-0,0.100146,-0.0209251,0.0344544,0.543419,-0.221005,0.341512,-0.160815,-1.10359,0.489827,-0.598398,-12.0391,-0.151795,-0.144619,nan,nan,0,-1.11384,-0.00124645,0.733422,-13.5531,-0.506921,-0.394673,nan,nan,0,-0.61371,-0.192038,-0.862308,-14.2369,-0.616855,-0.697563,nan,nan,0,-0.441344,0.552913,-0.101268,-27.9609,0.269328,0.271212,nan,nan,0,0.128851,-0.283124,1.11214,-0.109135,-0.145575,nan,3.14602,3.7319,1,0.835119,0.154041,1.14317,8.58592,0.417559,nan,6.19079,9.78767,1,-0.909331,-0.597782,-1.34716,-2.90598,-0.854665,-0.736126,nan,nan,0,-0.414858,-0.053978,-0.150367,-7.54578,-0.257429,-0.277029,nan,nan,0,0.0915942,0.267588,-0.340627,1.92918,0.355797,0.33642,nan,nan,0,0.256396,0.854919,0.567711,-20.3419,0.618198,0.609953,nan,nan,0,-0.0863985,-0.240837,-0.545046,0.000385122,-0.253199,nan,0.384895,0.164443,1,0.0910376,0.0507738,2.28371,-0.0709808,0.0455188,nan,-3.58322,-2.07088,1,0,0.963069,-0.0147,0.013786,0.268498,-0.221005,0.341512,-0.160815,-4.58523,-1.08305,7.63958
1787645126796382824,0.996639,-0.0819175,0.58332,0.399976,0.4,-0,0.100146,-0.0224708,0.0391863,0.542206,-0.0461226,0.51752,-0.199705,-1.11791,0.482157,-0.757972,-14.5299,-0.158956,-0.206552,nan,nan,0,-1.3006,0.00661516,0.708872,-19.0232,-0.6003,-0.492561,nan,nan,0,-0.55758,-0.202009,-0.862308,-13.9438,-0.58879,-0.661904,nan,nan,0,-0.391236,0.550612,-0.254703,-22.9792,0.294382,0.281687,nan,nan,0,0.223623,-0.26343,1.77124,3.13746,-0.0981883,nan,3.1266,3.86813,1,0.83848,0.178258,2.53795,8.88908,0.41924,nan,3.42254,7.83115,1,-0.892329,-0.610438,-1.07712,-4.90842,-0.846164,-0.814681,nan,nan,0,-0.346227,-0.056087,-0.199466,-5.68987,-0.223113,-0.279602,nan,nan,0,0.0428101,0.267204,0.0889931,1.8315,0.331405,0.355724,nan,nan,0,0.300691,0.857605,0.0583057,-16.2882,0.640345,0.61378,nan,nan,0,-0.0570924,-0.244648,-0.501776,0.171817,-0.238546,nan,0.966228,0.186444,1,0.0596722,0.0762507,1.96977,-1.72661,0.0298361,nan,-4.34709,-3.06461,1,0,0.963171,-0.016069,0.015867,0.267938,-0.0461226,0.51752,-0.199705,-4.47605,-1.34691,6.87167
1787645126806415812,0.982061,-0.188563,0.58332,0.399977,0.4,-0,-0.00107835,-0.0213259,0.0437071,0.538326,0.08828,0.168012,-0.495616,-0.739341,0.474295,-0.899132,-14.7253,0.0303293,-0.196486,nan,nan,0,-1.4502,0.0127511,0.678185,-22.8816,-0.675099,-0.554036,nan,nan,0,-0.679385,-0.208912,-0.727284,-12.4298,-0.649692,-0.621996,nan,nan,0,-0.448357,0.547352,-0.346765,-21.8071,0.265822,0.286222,nan,nan,0,0.0325983,-0.250356,1.48564,6.83328,-0.193701,nan,-0.245515,3.32192,1,0.878455,0.194412,1.81342,9.97152,0.439228,nan,4.62434,5.35148,1,-0.735565,-0.61945,-0.991194,-4.56654,-0.767783,-0.850591,nan,nan,0,-0.214063,-0.0581965,-0.248566,-8.37607,-0.157031,-0.257963,nan,nan,0,-0.0471429,0.269506,0.28539,1.88034,0.286429,0.352417,nan,nan,0,0.292103,0.855495,-0.322214,-15.8974,0.636051,0.624089,nan,nan,0,-0.0637968,-0.248495,-0.482665,0.612672,-0.241898,nan,0.954877,0.525523,1,0.0484418,0.0904638,1.38623,-2.31837,0.0242209,nan,-4.06662,-3.76579,1,0,0.963646,-0.016087,0.018229,0.266071,0.08828,0.168012,-0.495616,-5.1183,2.3933,6.63742
1787645126816371427,0.956105,-0.293025,0.58332,0.399977,0.4,-0,-0.00107835,-0.0188779,0.044786,0.533741,0.405842,-0.151819,-0.367833,-0.202346,0.463365,-1.03416,-14.1392,0.298827,-0.113292,nan,nan,0,-1.78863,0.0200381,0.635223,-22.0024,-0.844317,-0.616571,nan,nan,0,-0.590498,-0.217733,-0.807072,-10.4274,-0.605249,-0.615604,nan,nan,0,-0.504362,0.543325,-0.377452,-21.4652,0.237819,0.281995,nan,nan,0,-0.160462,-0.242108,0.548262,5.89629,-0.290231,nan,-2.50669,2.08779,1,0.911528,0.198789,-0.394073,7.37936,0.455764,nan,8.30035,4.55215,1,-0.63959,-0.630188,-0.966643,-3.19902,-0.719795,-0.83153,nan,nan,0,-0.0937883,-0.0608807,-0.242428,-6.52015,-0.0968942,-0.21385,nan,nan,0,-0.0467934,0.274491,0.549299,0.512817,0.286603,0.326605,nan,nan,0,0.338102,0.850126,-0.653635,-11.5995,0.659051,0.633279,nan,nan,0,-0.0496309,-0.254433,-0.474854,0.509518,-0.234815,nan,1.3989,0.879682,1,0.0380303,0.0971466,0.459394,-2.81231,0.0190151,nan,-3.03304,-3.92969,1,0,0.96426,-0.015007,0.019109,0.26384,0.405842,-0.151819,-0.367833,-3.18797,0.381283,9.83288
1787645126826315856,0.919071,-0.394092,0.58332,0.399978,0.4,-0,-0.00107835,-0.0131441,0.0438972,0.530406,0.577322,-0.0467774,-0.340184,-0.180203,0.452435,-1.12622,-11.7949,0.309898,0.0652487,nan,nan,0,-2.15351,0.025599,0.512474,-27.326,-1.02675,-0.716172,nan,nan,0,-0.547271,-0.226745,-0.929819,-10.3297,-0.583635,-0.616364,nan,nan,0,-0.497689,0.539106,-0.518612,-18.4371,0.241155,0.263878,nan,nan,0,-0.123232,-0.238642,0.0702171,3.0575,-0.271616,nan,-1.25941,0.0876929,1,0.894399,0.180999,-1.71519,5.98074,0.4472,nan,10.5588,6.19221,1,-0.504997,-0.639584,-0.942094,-2.61295,-0.652498,-0.77965,nan,nan,0,-0.0103321,-0.0633736,-0.224015,-4.71307,-0.0551661,-0.155399,nan,nan,0,0.00212324,0.281202,0.733422,-0.708183,0.311062,0.300604,nan,nan,0,0.438498,0.840539,-0.966643,-8.08303,0.709249,0.644486,nan,nan,0,-0.0161438,-0.258542,-0.344728,0.396095,-0.218072,nan,1.93354,1.17248,1,-0.0272007,0.0955274,-0.326213,-2.88118,-0.0136004,nan,-2.78451,-3.45097,1,0,0.964747,-0.012093,0.019457,0.262176,0.577322,-0.0467774,-0.340184,-0.709048,4.38992,11.3257
1787645126836445526,0.871389,-0.490593,0.583321,0.399978,0.4,-0,-0.00107835,-0.00861398,0.0434301,0.526014,0.35037,0.0806813,-0.523642,-0.31369,0.442656,-1.05257,-10.1343,0.243155,0.227456,nan,nan,0,-1.86353,0.029242,0.395864,-28.84,-0.881767,-0.862699,nan,nan,0,-0.683339,-0.233265,-0.579986,-11.9902,-0.65167,-0.604187,nan,nan,0,-0.480445,0.532587,-0.684322,-20.4884,0.249778,0.247711,nan,nan,0,-0.106036,-0.243677,-0.335058,1.78633,-0.263018,nan,-0.17434,-1.11265,1,0.882624,0.166942,-2.02522,6.17305,0.441312,nan,11.2689,8.74568,1,-0.396322,-0.648021,-0.917544,-2.27106,-0.598161,-0.715451,nan,nan,0,0.15177,-0.0652909,-0.21174,-3.34554,0.0258849,-0.0985248,nan,nan,0,0.0325576,0.287722,0.684322,-1.8315,0.326279,0.295358,nan,nan,0,0.311644,0.831718,-1.16304,-5.73871,0.645822,0.67059,nan,nan,0,-0.0288733,-0.260833,-0.23706,0.659642,-0.224437,nan,1.62945,1.51587,1,-0.101846,0.088374,-1.02954,-2.48073,-0.0509232,nan,-2.6346,-2.79742,1,0,0.965351,-0.009803,0.019847,0.260012,0.35037,0.0806813,-0.523642,4.42099,-0.220869,9.45247
1787645126846266879,0.81361,-0.581411,0.583321,0.399979,0.4,-0,-0.00107835,-0.00736786,0.0431906,0.520849,0.122437,0.0656067,-0.500617,-0.538998,0.43326,-0.843896,-7.64347,0.130501,0.285655,nan,nan,0,-1.3986,0.0328851,0.322214,-34.7497,-0.649302,-0.931629,nan,nan,0,-0.474881,-0.234223,0.131955,-14.4322,-0.54744,-0.612974,nan,nan,0,-0.461527,0.525301,-0.71501,-23.8095,0.259236,0.243367,nan,nan,0,0.0144071,-0.248268,-0.644032,-0.316614,-0.202796,nan,2.55755,-0.931263,1,0.788736,0.151276,-0.960439,6.78152,0.394368,nan,8.73341,10.5,1,-0.330424,-0.65665,-0.825483,-1.29426,-0.565212,-0.650991,nan,nan,0,0.0786569,-0.0674,-0.199466,-1.24542,-0.0106715,-0.0369892,nan,nan,0,0.0242006,0.291556,0.242428,-0.65934,0.3221,0.306775,nan,nan,0,0.0673381,0.817145,-1.37785,-2.22222,0.523669,0.675104,nan,nan,0,-0.0177541,-0.261166,-0.115457,0.843688,-0.218877,nan,1.65331,1.67196,1,-0.142897,0.0766801,-1.54835,-2.17445,-0.0714485,nan,-2.12134,-2.29557,1,0,0.966028,-0.009119,0.019917,0.257506,0.122437,0.0656067,-0.500617,2.49712,-0.539481,9.91016
1787645126856261582,0.746405,-0.665493,0.583321,0.399979,0.4,-0,-0.00107835,-0.006435,0.0426871,0.515232,0.155828,0.0653395,-0.636725,-0.639984,0.425974,-0.592261,-5.88522,0.0800078,0.242066,nan,nan,0,-1.15166,0.0348029,0.09513,-34.4566,-0.525829,-0.847862,nan,nan,0,-0.483162,-0.228662,0.610673,-16.0928,-0.551581,-0.600308,nan,nan,0,-0.490229,0.518781,-0.622948,-24.3956,0.244886,0.248519,nan,nan,0,0.0143674,-0.258408,-0.777007,-0.742693,-0.202816,nan,3.11122,0.530679,1,0.767896,0.160586,1.12855,8.11406,0.383948,nan,5.00803,10.0119,1,-0.153458,-0.665087,-0.721148,0.0732574,-0.476729,-0.598295,nan,nan,0,-0.0424367,-0.0695095,-0.181053,0.757019,-0.0712184,-0.00301049,nan,nan,0,-0.0175435,0.291749,-0.0337563,0.561661,0.301228,0.317773,nan,nan,0,-0.146126,0.801422,-1.4515,-0.854698,0.416937,0.621751,nan,nan,0,-0.0626963,-0.263535,0.0512385,1.02401,-0.241348,nan,0.699665,1.66373,1,-0.118085,0.0524623,-2.0108,-1.81944,-0.0590427,nan,-0.32895,-1.85142,1,0,0.966757,-0.008548,0.019818,0.254783,0.155828,0.0653395,-0.636725,4.66205,0.79404,11.7933
1787645126866260080,0.670551,-0.741864,0.583321,0.39998,0.4,-0,0.0689842,-0.00555249,0.0431313,0.50938,0.152936,0.283577,-0.470021,-0.915834,0.420796,-0.487926,-5.73871,-0.057917,0.159633,nan,nan,0,-1.00699,0.0344191,-0.0644426,-31.7216,-0.453497,-0.689111,nan,nan,0,-0.379837,-0.221951,0.696597,-16.1416,-0.499918,-0.572355,nan,nan,0,-0.423834,0.512453,-0.543161,-24.6886,0.278083,0.250471,nan,nan,0,0.20071,-0.263683,-0.622029,-0.500465,-0.109645,nan,6.32437,2.11519,1,0.69996,0.179646,2.12892,9.68161,0.34998,nan,1.91663,7.44187,1,-0.0137544,-0.671223,-0.561574,0.512817,-0.406877,-0.540182,nan,nan,0,-0.1481,-0.0708518,-0.11968,1.53846,-0.12405,-0.0183463,nan,nan,0,0.0169618,0.290215,-0.23629,1.8315,0.318481,0.315835,nan,nan,0,-0.327863,0.786465,-1.53129,-4.07815,0.326069,0.525406,nan,nan,0,-0.0669545,-0.261754,0.200911,1.0921,-0.243477,nan,0.338315,1.28783,1,-0.106517,0.0310702,-2.31474,-1.62976,-0.0532587,nan,0.942237,-1.0132,1,0,0.967497,-0.008119,0.020169,0.251944,0.152936,0.283577,-0.470021,3.9148,0.690433,12.0793
1787645126876260979,0.586927,-0.80964,0.583322,0.39998,0.4,-0,0.0689842,-0.00496488,0.0463928,0.506411,0.0251963,0.333784,-0.131203,-1.25659,0.41677,-0.444963,-6.66666,-0.228293,0.0549849,nan,nan,0,-0.816487,0.033844,-0.046031,-30.1587,-0.358244,-0.546109,nan,nan,0,-0.0487699,-0.214665,0.831621,-15.4579,-0.334385,-0.5381,nan,nan,0,-0.377059,0.508235,-0.426551,-23.8095,0.301471,0.259046,nan,nan,0,0.508815,-0.264734,-0.311406,0.739171,0.0444077,nan,11.2871,3.99164,1,0.529931,0.19221,1.40529,8.9639,0.264965,nan,0.0747178,4.39518,1,0.068409,-0.675441,-0.420414,1.48962,-0.365795,-0.471889,nan,nan,0,-0.343918,-0.0714269,-0.0398932,0.903542,-0.221959,-0.065598,nan,nan,0,0.0697334,0.287722,-0.242428,1.78266,0.344867,0.313828,nan,nan,0,-0.451143,0.773618,-1.65403,-10.0366,0.264428,0.418699,nan,nan,0,-0.0543499,-0.259812,0.316663,1.20063,-0.237175,nan,0.317301,0.720101,1,-0.120287,0.00868921,-2.46732,-0.944288,-0.0601433,nan,1.636,0.159215,1,0,0.967836,-0.008213,0.021833,0.250496,0.0251963,0.333784,-0.131203,-1.7246,-1.07031,9.37271
1787645126886260039,0.496503,-0.868035,0.583322,0.39998,0.4,-0,0.0689842,-0.00446424,0.0493541,0.506113,0.0422768,0.167063,0.03536,-1.19371,0.411017,-0.549299,-7.25275,-0.196855,-0.0815859,nan,nan,0,-0.464435,0.0342274,0.0767183,-23.663,-0.182217,-0.43418,nan,nan,0,0.199144,-0.206803,0.610673,-12.1367,-0.210428,-0.456761,nan,nan,0,-0.429125,0.5044,-0.316077,-22.735,0.275438,0.27808,nan,nan,0,0.582019,-0.264521,0.0502418,3.40229,0.0810097,nan,12.0182,7.10658,1,0.382261,0.193597,-0.315705,5.53375,0.19113,nan,0.39955,2.17919,1,0.0994497,-0.678509,-0.205604,3.10134,-0.350275,-0.40977,nan,nan,0,-0.401649,-0.0716186,-0.00920582,0.21978,-0.250825,-0.13788,nan,nan,0,0.102252,0.28753,0.0521679,0.805862,0.361126,0.32426,nan,nan,0,-0.529611,0.751183,-2.00387,-14.0904,0.225194,0.326851,nan,nan,0,-0.125688,-0.255629,0.39201,0.193305,-0.272844,nan,-1.19055,0.311264,1,-0.150492,-0.0182022,-2.4773,-0.0941912,-0.075246,nan,2.00464,1.27072,1,0,0.96784,-0.008338,0.02333,0.250341,0.0422768,0.167063,0.03536,-3.0614,0.782317,10.0552
1787645126896290223,0.400326,-0.916373,0.583322,0.399981,0.4,-0,0.0689842,-0.00422907,0.0514811,0.50699,-0.0429393,0.2148,0.173649,-1.26358,0.405073,-0.71501,-8.91331,-0.231792,-0.1771,nan,nan,0,-0.147961,0.035378,0.138092,-18.2906,-0.0239807,-0.311804,nan,nan,0,0.409375,-0.202585,0.426551,-9.20635,-0.105313,-0.335974,nan,nan,0,-0.408045,0.501907,-0.303802,-19.3162,0.285977,0.285813,nan,nan,0,0.71089,-0.265236,0.342602,5.26762,0.145445,nan,13.8599,10.0604,1,0.207514,0.18884,-1.19614,3.36239,0.103757,nan,-0.758278,1.19039,1,0.19959,-0.679085,-0.0153437,4.0293,-0.300205,-0.367775,nan,nan,0,-0.342591,-0.0718102,-0.0398932,-1.05006,-0.221296,-0.206302,nan,nan,0,0.147076,0.287147,-0.11968,2.0757,0.383538,0.342314,nan,nan,0,-0.564104,0.731049,-2.32915,-16.2882,0.207948,0.260874,nan,nan,0,-0.13312,-0.251303,0.432418,0.313555,-0.27656,nan,-1.5326,-0.337791,1,-0.200404,-0.0383291,-2.29941,0.544038,-0.100202,nan,1.59292,1.99135,1,0,0.967705,-0.008501,0.024385,0.250758,-0.0429393,0.2148,0.173649,-0.495416,-0.662504,8.58304
1787645126906333647,0.29951,-0.954093,0.583322,0.399981,0.4,-0,0.0689842,-0.0049467,0.0537663,0.509777,-0.131515,0.188942,0.340172,-1.41846,0.395486,-0.954369,-10.4274,-0.309228,-0.221649,nan,nan,0,0.0447796,0.0378709,0.28539,-17.7045,0.0723898,-0.166334,nan,nan,0,0.658499,-0.196832,0.567711,-5.88522,0.0192496,-0.210105,nan,nan,0,-0.396829,0.498072,-0.309939,-18.6325,0.291585,0.286016,nan,nan,0,0.871807,-0.259827,0.650946,8.79399,0.225904,nan,16.0241,12.2135,1,-0.0864451,0.171763,-1.52384,1.54581,-0.0432225,nan,-4.1638,0.534416,1,0.271556,-0.677551,0.21174,4.95727,-0.264222,-0.332538,nan,nan,0,-0.306116,-0.0731525,-0.14423,-2.8083,-0.203058,-0.235283,nan,nan,0,0.25699,0.286571,0.0767183,1.48962,0.438495,0.363416,nan,nan,0,-0.579997,0.702478,-2.76491,-17.8999,0.200002,0.221572,nan,nan,0,-0.133085,-0.246875,0.472673,-0.454941,-0.276543,nan,-1.74737,-1.08176,1,-0.242473,-0.0610079,-1.8083,1.29833,-0.121236,nan,0.905593,2.08529,1,0,0.967321,-0.00917,0.025388,0.25211,-0.131515,0.188942,0.340172,-2.17181,-0.589198,7.17953
1787645126916556904,0.195224,-0.980759,0.583323,0.399981,0.4,-0,-0.217386,-0.00534937,0.0557297,0.51266,0.0487241,0.114986,0.221303,-1.4301,0.385514,-1.14463,-11.2576,-0.315048,-0.26271,nan,nan,0,0.00444365,0.0417056,0.494062,-12.0879,0.0522218,-0.0293435,nan,nan,0,0.755851,-0.188778,1.02802,-5.0061,0.0679257,-0.087093,nan,nan,0,-0.378975,0.495579,-0.303802,-18.3883,0.300512,0.287892,nan,nan,0,0.980671,-0.250491,1.1587,10.5666,0.280335,nan,16.8409,14.0478,1,-0.354045,0.152941,-1.87147,0.922779,-0.177023,nan,-7.09169,-1.10182,1,0.318346,-0.674675,0.377452,6.37363,-0.240827,-0.296237,nan,nan,0,-0.317455,-0.0748782,-0.205604,-3.63858,-0.208728,-0.229512,nan,nan,0,0.283724,0.288872,0.309939,1.3431,0.451862,0.396399,nan,nan,0,-0.513475,0.678318,-3.09019,-13.0159,0.233262,0.202772,nan,nan,0,-0.11991,-0.242474,0.430279,-0.610089,-0.269955,nan,-1.60725,-1.59547,1,-0.292144,-0.0733618,-1.29687,1.29857,-0.146072,nan,-0.236004,1.5957,1,0,0.966928,-0.00965,0.026273,0.253505,0.0487241,0.114986,0.221303,-1.58256,-0.720669,8.13671
1787645126926349429,0.0886752,-0.996061,0.583323,0.399982,0.4,-0,-0.217386,-0.00352515,0.0561382,0.513949,0.280871,-0.0149686,0.0497098,-1.15599,0.371133,-1.38399,-9.74359,-0.177996,-0.297242,nan,nan,0,0.0250458,0.0489926,0.770247,-11.1111,0.0625229,0.0476816,nan,nan,0,0.622605,-0.173055,1.56811,-2.22222,0.00130239,0.0110273,nan,nan,0,-0.290198,0.491361,-0.389727,-13.8462,0.344901,0.29318,nan,nan,0,0.911406,-0.236802,1.31805,15.1149,0.245703,nan,14.9106,15.5251,1,-0.463767,0.12941,-2.00039,-2.07232,-0.231884,nan,-7.83822,-3.75204,1,0.458654,-0.668921,0.586123,6.2271,-0.170673,-0.263821,nan,nan,0,-0.0946118,-0.0775633,-0.248566,-5.20146,-0.0973059,-0.216634,nan,nan,0,0.373539,0.293858,0.524749,1.63614,0.496769,0.429662,nan,nan,0,-0.480632,0.637858,-3.5014,-10.8669,0.249684,0.207689,nan,nan,0,-0.193896,-0.238114,0.318125,-1.12167,-0.306948,nan,-2.88638,-1.75203,1,-0.442385,-0.0823346,-0.747159,0.847946,-0.221193,nan,-3.045,0.658507,1,0,0.966768,-0.008837,0.026696,0.254103,0.280871,-0.0149686,0.0497098,-0.995682,0.266401,8.53298
1787645126936335036,-0.0189013,-0.999821,0.583323,0.399982,0.4,-0,-0.217386,0.000114509,0.0562026,0.513815,0.471104,0.0216001,-0.0769876,-0.352347,0.35771,-1.5497,-12.7228,0.223826,-0.268905,nan,nan,0,0.315078,0.057621,1.04029,-7.78999,0.207539,0.072361,nan,nan,0,0.405229,-0.157139,1.85657,-1.78266,-0.107385,0.0410654,nan,nan,0,0.0665918,0.487143,-0.487926,-13.4066,0.523296,0.312946,nan,nan,0,0.497322,-0.229076,0.995816,17.4752,0.038661,nan,7.87707,15.8027,1,-0.408635,0.117022,-1.35636,-5.13616,-0.204317,nan,-7.60564,-6.20291,1,0.973001,-0.662594,0.751834,6.76434,0.0865003,-0.221153,nan,nan,0,0.787512,-0.0796723,-0.217878,-5.59219,0.343756,-0.172313,nan,nan,0,0.877369,0.300186,0.850033,0.708183,0.748685,0.463916,nan,nan,0,-0.637352,0.605069,-3.72235,-8.27839,0.171324,0.226671,nan,nan,0,-0.279466,-0.238097,0.209286,-1.3608,-0.349733,nan,-4.2212,-2.12725,1,-0.819516,-0.0902474,-0.442405,0.326168,-0.409758,nan,-8.92171,-1.03745,1,0,0.966798,-0.007084,0.02719,0.253989,0.471104,0.0216001,-0.0769876,-1.86646,-0.903694,7.89561
1787645126946329834,-0.126259,-0.991997,0.583323,0.399983,0.4,-0,-0.217386,0.00677091,0.0565072,0.511973,0.854928,-0.0965518,-0.277616,0.580602,0.341028,-1.70313,-10.9157,0.690301,-0.0852936,nan,nan,0,0.273367,0.0697012,1.26124,-6.76434,0.186683,0.120651,nan,nan,0,-0.109166,-0.137197,2.01001,-1.92918,-0.364583,-0.00721724,nan,nan,0,0.543855,0.481965,-0.537024,-9.84127,0.761928,0.392136,nan,nan,0,-0.108356,-0.223099,0.545822,17.0501,-0.264178,nan,-2.25649,13.1783,1,-0.107986,0.109863,-0.517267,-7.28158,-0.0539928,nan,-4.13979,-7.6846,1,1.44106,-0.653773,0.942094,7.20391,0.320531,-0.10162,nan,nan,0,1.62402,-0.0808229,-0.046031,-7.39927,0.762012,0.0199954,nan,nan,0,1.24161,0.313033,1.48833,-0.268623,0.930804,0.570868,nan,nan,0,-0.577168,0.567102,-3.84509,-4.81075,0.201416,0.217224,nan,nan,0,-0.254318,-0.235908,0.0607737,-1.68508,-0.337159,nan,-3.63494,-2.99611,1,-1.02246,-0.0917588,-0.329862,-0.810934,-0.511229,nan,-12.0893,-4.41424,1,0,0.967046,-0.003879,0.028186,0.253005,0.854928,-0.0965518,-0.277616,-1.65133,-1.57245,8.808
1787645126956477573,-0.232154,-0.972679,0.583323,0.399983,0.4,-0,-0.217386,0.0158872,0.0560651,0.508125,0.971289,0.0416522,-0.480798,1.08818,0.323387,-1.77065,-5.25031,0.94409,0.264371,nan,nan,0,-0.213741,0.0827408,1.31648,-2.17339,-0.0568704,0.167942,nan,nan,0,-0.568598,-0.11879,1.68472,-2.75946,-0.594299,-0.152642,nan,nan,0,0.764214,0.476404,-0.555436,-2.36874,0.872107,0.554063,nan,nan,0,-0.366283,-0.218921,0.110881,14.631,-0.393142,nan,-6.26402,6.7127,1,0.0846651,0.105555,-0.00874302,-7.99146,0.0423325,nan,-1.88356,-7.07118,1,1.83893,-0.643035,1.12008,11.5507,0.519467,0.0969539,nan,nan,0,1.83427,-0.0798645,0.168778,-0.317459,0.867134,0.362968,nan,nan,0,1.20689,0.334317,2.51941,-2.12454,0.913445,0.743898,nan,nan,0,-0.361274,0.528944,-3.6978,-16.1416,0.309363,0.20231,nan,nan,0,0.00810665,-0.233789,0.514559,-7.66401,-0.205947,nan,0.20264,-3.60072,1,-0.926322,-0.0938621,0.0172637,-5.70971,-0.463161,nan,-11.1049,-8.48782,1,0,0.967544,0.000641,0.029124,0.251016,0.971289,0.0416522,-0.480798,0.248341,-0.862421,9.49641
1787645126966339574,-0.33536,-0.94209,0.583324,0.399983,0.4,-0,0.0310817,0.0237449,0.0560127,0.502934,0.549469,-0.241578,-0.491594,1.42899,0.305938,-1.67245,-0.757019,1.11449,0.642715,nan,nan,0,-0.491596,0.0944371,1.08325,2.85714,-0.195798,0.10913,nan,nan,0,-0.756481,-0.108819,0.537024,-2.17339,-0.68824,-0.367629,nan,nan,0,0.905208,0.472377,-0.279252,1.53846,0.942604,0.732103,nan,nan,0,-0.38001,-0.22314,-0.353971,8.85931,-0.400005,nan,-5.65929,-0.455294,1,0.122493,0.109666,0.0290228,-6.7593,0.0612466,nan,-1.49612,-4.83336,1,1.54753,-0.629805,1.48833,6.27595,0.373765,0.320047,nan,nan,0,2.20739,-0.0775633,0.297665,16.337,1.05369,0.678073,nan,nan,0,0.975,0.362696,2.76491,1.73382,0.7975,0.87236,nan,nan,0,-0.254364,0.501332,-2.85083,-22.735,0.362818,0.233488,nan,nan,0,-0.152151,-0.219398,1.91851,-7.83241,-0.286076,nan,-5.21149,-2.8611,1,-0.953649,-0.0903741,0.599227,-9.36939,-0.476824,nan,-12.4923,-11.0878,1,0,0.968182,0.004527,0.030073,0.248388,0.549469,-0.241578,-0.491594,-0.888256,-2.8548,10.712
1787645126976562550,-0.43468,-0.900585,0.583324,0.399984,0.4,-0,0.0310817,0.0211277,0.0483104,0.504542,-0.492728,-0.0871596,0.758402,1.52985,0.29079,-1.24897,4.66422,1.16493,0.939142,nan,nan,0,-0.269678,0.104024,0.788659,1.97802,-0.0848389,-0.0320773,nan,nan,0,-0.733949,-0.114763,-0.978919,-5.34798,-0.676974,-0.562392,nan,nan,0,1.03372,0.471994,0.11968,18.6813,1.00686,0.867639,nan,nan,0,-0.301006,-0.231442,-0.940176,0.156302,-0.360503,nan,-3.10685,-4.65187,1,0.0490052,0.109004,-0.233938,-3.9782,0.0245026,nan,-2.18413,-2.67827,1,1.54047,-0.609288,2.05297,11.3553,0.370236,0.425372,nan,nan,0,3.15326,-0.0723858,0.573849,26.1538,1.52663,0.909906,nan,nan,0,2.15139,0.392225,2.62375,7.69231,1.3857,0.887552,nan,nan,0,-0.382503,0.473528,-2.10207,-14.1392,0.298749,0.295777,nan,nan,0,-0.0238112,-0.1906,3.13297,-5.75967,-0.221906,nan,-5.79514,-3.52872,1,-1.45126,-0.077467,0.855961,-10.8477,-0.725628,nan,-20.7288,-12.4659,1,0,0.968075,0.004198,0.026023,0.24927,-0.492728,-0.0871596,0.758402,5.6391,-4.85912,20.8116
1787645126986362863,-0.528963,-0.848645,0.583324,0.399984,0.4,-0,0.0310817,0.0190338,0.0534642,0.510693,-0.0385927,0.658871,0.153383,1.83582,0.281777,-0.886857,14.2857,1.31791,1.11462,nan,nan,0,-0.105337,0.109394,0.530887,-1.44078,-0.00266836,-0.110969,nan,nan,0,-0.906179,-0.131637,-2.3046,-4.37119,-0.76309,-0.668457,nan,nan,0,1.08186,0.475637,0.506338,28.254,1.03093,0.958599,nan,nan,0,-0.458661,-0.239754,-1.24363,-2.97853,-0.43933,nan,-5.11973,-5.1449,1,0.118886,0.101794,-0.677459,-2.11521,0.0594432,nan,-0.254343,-1.63897,1,1.9806,-0.588003,2.49486,15.116,0.590298,0.424898,nan,nan,0,3.72773,-0.0660582,0.757972,33.7729,1.81386,1.19188,nan,nan,0,1.85844,0.413126,2.18799,9.69475,1.23922,1.03785,nan,nan,0,-0.156411,0.457037,-1.78292,-4.7619,0.411795,0.323448,nan,nan,0,0.528698,-0.161656,3.41701,-4.2666,0.0543489,nan,2.43466,-5.16496,1,-1.32117,-0.0754976,-0.141722,-10.9996,-0.660587,nan,-17.3401,-15.4621,1,0,0.96725,0.002454,0.028264,0.252233,-0.0385927,0.658871,0.153383,-5.30093,7.38848,14.6697
1787645126996424170,-0.617118,-0.786871,0.583324,0.399984,0.4,-0,0.0310817,0.0206169,0.0591996,0.509976,0.227316,0.236921,0.00355791,1.84258,0.276409,-0.279252,18.0952,1.32129,1.23195,nan,nan,0,-0.24688,0.114379,0.444963,-11.8926,-0.0734399,-0.0907002,nan,nan,0,-0.851307,-0.166535,-3.42161,-4.37119,-0.735654,-0.726436,nan,nan,0,0.782144,0.485033,1.15077,27.2772,0.881072,1.01205,nan,nan,0,-0.471674,-0.256639,-1.61878,-3.5206,-0.445837,nan,-4.19378,-4.69948,1,0.113467,0.0882674,-1.30424,-1.11291,0.0567333,nan,1.01034,-0.76172,1,1.79075,-0.557515,2.88152,15.7509,0.495373,0.469186,nan,nan,0,2.67048,-0.0551286,1.10167,45.4945,1.28524,1.51799,nan,nan,0,1.03059,0.433836,1.82588,15.9951,0.825294,1.19752,nan,nan,0,-0.114349,0.439013,-1.57425,-3.58974,0.432826,0.354824,nan,nan,0,0.656301,-0.126457,3.32965,-4.6567,0.11815,nan,3.56678,-3.51346,1,-0.959998,-0.0871605,-1.32088,-14.6508,-0.479999,nan,-9.80385,-17.2456,1,0,0.967267,0.002506,0.031236,0.251815,0.227316,0.236921,0.00355791,-5.5043,6.30794,1.96597
1787645127006462445,-0.698122,-0.715979,0.583324,0.399985,0.4,-0,0.0310817,0.0263527,0.059675,0.511158,0.648192,-0.24101,-0.0456907,1.56171,0.276792,0.156505,21.514,1.18085,1.30372,nan,nan,0,-0.0397873,0.118598,0.481788,-12.7228,0.0301063,-0.0650985,nan,nan,0,-0.62461,-0.196257,-3.21294,-5.93407,-0.622305,-0.74945,nan,nan,0,0.6095,0.499606,1.80133,23.7118,0.79475,0.985413,nan,nan,0,-0.256611,-0.271375,-1.89616,-3.48433,-0.338305,nan,0.501664,-4.27843,1,0.0285145,0.0779566,-1.57451,-0.284657,0.0142572,nan,0.450781,0.320718,1,0.902336,-0.530286,3.04109,20.8303,0.0511682,0.507828,nan,nan,0,1.42583,-0.0455408,1.206,59.6581,0.662916,1.56996,nan,nan,0,0.315866,0.450901,1.86884,19.4139,0.467933,1.12145,nan,nan,0,-0.231897,0.4277,-1.34103,-2.17339,0.374052,0.397291,nan,nan,0,0.369677,-0.0975715,3.05997,-0.060487,-0.0251616,nan,-2.05561,-0.0398575,1,-0.844973,-0.0998277,-1.39656,-18.6829,-0.422487,nan,-7.58494,-14.9136,1,0,0.967101,0.005201,0.032191,0.252291,0.648192,-0.24101,-0.0456907,0.229142,0.235942,5.6067
1787645127016409437,-0.771037,-0.636791,0.583325,0.399985,0.4,-0,-0.102972,0.0307213,0.0552956,0.509437,0.0947321,-0.574634,-0.083623,1.38224,0.280627,0.475651,24.3468,1.09112,1.28395,nan,nan,0,-0.0852627,0.12435,0.579986,-5.88522,0.00736863,-0.0293439,nan,nan,0,-0.553219,-0.228662,-3.305,-5.44566,-0.58661,-0.711275,nan,nan,0,0.868896,0.522233,2.47031,14.4811,0.924448,0.899637,nan,nan,0,-0.0474396,-0.294521,-2.20338,-3.40852,-0.23372,nan,5.43311,-2.34044,1,0.022517,0.0606073,-1.84444,0.561524,0.0112585,nan,1.28619,0.949498,1,-0.329641,-0.500181,3.01041,22.0513,-0.564821,0.365108,nan,nan,0,1.64717,-0.0340357,0.954369,68.0586,0.773587,1.23982,nan,nan,0,0.123183,0.466241,1.42081,16.044,0.371591,0.84023,nan,nan,0,-0.193867,0.415236,-1.10781,3.44322,0.393067,0.406088,nan,nan,0,-0.0867329,-0.0751165,1.89883,5.60016,-0.253366,nan,-9.08699,0.726462,1,-1.02313,-0.103268,0.338239,-18.4168,-0.511566,nan,-12.7563,-11.264,1,0,0.967357,0.007894,0.030618,0.251436,0.0947321,-0.574634,-0.083623,-2.81892,2.2069,8.76617
1787645127026293411,-0.835017,-0.550223,0.583325,0.399985,0.4,-0,-0.102972,0.0285576,0.0500731,0.509872,-0.360619,-0.478713,0.218591,1.28081,0.286954,0.708872,24.7863,1.0404,1.19893,nan,nan,0,-0.167279,0.129528,0.494062,-6.2271,-0.0336394,0.00121148,nan,nan,0,-0.450485,-0.261835,-3.42775,-1.39194,-0.535243,-0.646329,nan,nan,0,1.01482,0.55042,2.92448,7.88766,0.997409,0.869356,nan,nan,0,-0.0319664,-0.313197,-2.41164,-1.63211,-0.225983,nan,6.66994,1.36578,1,0.0849297,0.0426801,-1.72778,0.691375,0.0424648,nan,2.5852,1.29544,1,-0.595634,-0.470843,2.85083,18.8278,-0.697817,-0.0253527,nan,nan,0,2.57002,-0.0273247,0.506338,57.5092,1.23501,0.911767,nan,nan,0,0.477574,0.474295,0.402001,11.8437,0.548787,0.557065,nan,nan,0,-0.0363712,0.403347,-1.23669,9.45055,0.471814,0.398786,nan,nan,0,0.0573308,-0.0650731,0.721044,3.90541,-0.181335,nan,-5.15072,-2.48018,1,-1.15182,-0.084261,2.27668,-13.2358,-0.575909,nan,-18.1644,-10.9469,1,0,0.967367,0.0075,0.027822,0.251733,-0.360619,-0.478713,0.218591,2.32954,-4.97899,15.2792
1787645127036402890,-0.889323,-0.45728,0.583325,0.399985,0.4,-0,-0.102972,0.0254299,0.0454224,0.515038,-0.160514,-0.523222,0.902533,1.2282,0.2952,0.892995,18.486,1.0141,1.10845,nan,nan,0,-0.167009,0.13413,0.463376,-6.27595,-0.0335043,-0.00165524,nan,nan,0,-0.432056,-0.297118,-3.4523,0.415138,-0.526028,-0.584305,nan,nan,0,0.873608,0.584743,3.16384,3.7851,0.926804,0.912758,nan,nan,0,-0.0838966,-0.335977,-2.4532,0.644453,-0.251948,nan,6.62079,4.89131,1,0.057988,0.0263892,-1.55457,0.890347,0.028994,nan,2.41,1.88276,1,-0.258413,-0.44419,2.59306,7.05739,-0.529206,-0.429578,nan,nan,0,2.30252,-0.0255985,0.0767183,39.6337,1.10126,0.913539,nan,nan,0,0.879559,0.469885,-0.69046,5.54334,0.74978,0.454711,nan,nan,0,-0.12352,0.391651,-1.29193,10.6715,0.42824,0.419708,nan,nan,0,0.217685,-0.0652152,0.0269324,-0.0542497,-0.101158,nan,-1.29839,-4.95817,1,-1.19977,-0.0592279,2.64268,-10.904,-0.599886,nan,-20.1838,-14.1412,1,0,0.96677,0.006509,0.025196,0.254317,-0.160514,-0.523222,0.902533,-0.130753,-0.345038,12.1193
1787645127046268961,-0.933323,-0.359038,0.583325,0.399986,0.4,-0,-0.102972,0.0265882,0.0393422,0.527498,0.345271,-0.326867,1.50084,0.890092,0.307281,1.21828,13.895,0.845046,1.04389,nan,nan,0,0.0419589,0.138923,0.414276,-5.39683,0.0709795,-0.0178542,nan,nan,0,-0.330979,-0.326456,-2.26778,-0.610504,-0.47549,-0.541873,nan,nan,0,0.489612,0.616958,3.23135,2.12454,0.734806,0.941687,nan,nan,0,-0.173974,-0.360546,-2.1088,3.26705,-0.296987,nan,5.38776,6.77156,1,-0.0168993,0.0147163,-1.23231,1.49517,-0.00844967,nan,1.15349,2.33491,1,0.403672,-0.418303,2.21868,-0.708183,-0.198164,-0.604745,nan,nan,0,1.21454,-0.0244484,0.21174,30.4518,0.557268,1.02787,nan,nan,0,1.37643,0.460489,-0.825483,3.58974,0.998216,0.542217,nan,nan,0,-0.382283,0.378036,-1.18759,8.27839,0.298858,0.436042,nan,nan,0,0.38605,-0.0714103,-0.792738,-2.1485,-0.0169749,nan,3.09435,-4.15114,1,-1.20884,-0.036658,1.67335,-12.8337,-0.604421,nan,-19.5429,-17.7113,1,0,0.965215,0.007704,0.022453,0.260376,0.345271,-0.326867,1.50084,4.20759,2.14548,8.14122
1787645127056343256,-0.966508,-0.256635,0.583325,0.399986,0.4,-0,-0.102972,0.0318988,0.0352971,0.542535,0.53222,-0.306906,1.46061,0.674525,0.32147,1.5006,11.5995,0.737262,0.958206,nan,nan,0,0.289043,0.141991,0.266977,-4.42002,0.194521,0.00476379,nan,nan,0,-0.281839,-0.345247,-1.86884,0.122101,-0.45092,-0.507221,nan,nan,0,0.261085,0.653007,3.31114,1.88034,0.620542,0.87864,nan,nan,0,-0.205924,-0.374751,-1.55771,4.82396,-0.312962,nan,4.49919,6.76531,1,-0.105667,0.00369361,-0.694584,1.73541,-0.0528336,nan,-0.65394,2.01009,1,0.448541,-0.398553,1.88726,-4.07815,-0.17573,-0.502321,nan,nan,0,0.54352,-0.0188875,0.727284,27.9121,0.22176,0.914133,nan,nan,0,1.36912,0.455695,-0.21174,4.27351,0.994558,0.746809,nan,nan,0,-0.555631,0.367682,-0.837758,7.20391,0.212185,0.393864,nan,nan,0,0.306348,-0.0816434,-1.48481,-1.6174,-0.0568261,nan,3.09581,-0.824584,1,-1.14875,-0.0302485,-0.0505965,-15.0808,-0.574376,nan,-16.2479,-19.3141,1,0,0.963234,0.010635,0.021273,0.267606,0.53222,-0.306906,1.46061,0.64305,0.053502,5.09101
1787645127066294165,-0.988494,-0.151259,0.583325,0.399986,0.4,-0,-0.59318,0.0357371,0.0319783,0.554749,0.244994,-0.202076,0.915453,0.764034,0.337769,1.6479,10.4762,0.782017,0.846523,nan,nan,0,0.379282,0.143142,0.0214815,-0.854698,0.239641,0.0832607,nan,nan,0,-0.387594,-0.360587,-1.64176,0.512817,-0.503797,-0.475251,nan,nan,0,0.187722,0.682728,3.24363,-3.7851,0.583861,0.755026,nan,nan,0,-0.153011,-0.384838,-0.907636,4.68236,-0.286506,nan,4.80308,5.72468,1,-0.117511,-0.00202986,-0.167921,1.26964,-0.0587555,nan,-1.44989,0.802049,1,0.195083,-0.382255,1.48833,0.0244217,-0.302458,-0.320243,nan,nan,0,0.746874,-0.00814915,1.18759,26.3004,0.323437,0.601351,nan,nan,0,1.09114,0.459339,0.635223,7.83883,0.855572,0.919197,nan,nan,0,-0.379991,0.36097,-0.573849,2.27106,0.300005,0.308701,nan,nan,0,0.171488,-0.0979898,-2.01571,1.13246,-0.124256,nan,2.10424,2.19708,1,-1.15039,-0.0406454,-1.80499,-17.5915,-0.575196,nan,-13.329,-18.22,1,0,0.961579,0.012805,0.020267,0.273478,0.244994,-0.202076,0.915453,0.846524,-1.10157,6.30052
1787645127076381704,-0.999026,-0.044129,0.583326,0.399987,0.4,-0,-0.59318,0.0372309,0.0286724,0.560905,-0.00351754,-0.380258,0.440187,0.855566,0.354451,1.697,7.69231,0.827783,0.780073,nan,nan,0,0.330229,0.141416,-0.242428,1.92918,0.215114,0.171914,nan,nan,0,-0.444068,-0.376885,-1.48833,2.95483,-0.532034,-0.47273,nan,nan,0,0.302379,0.716093,2.94903,-12.4786,0.641189,0.646749,nan,nan,0,-0.126536,-0.390867,-0.406209,3.64006,-0.273268,nan,4.72529,4.86975,1,-0.0553022,0.000857142,0.0333403,0.301878,-0.0276511,nan,-0.905257,-0.590566,1,-0.110833,-0.370174,1.13849,3.93163,-0.455417,-0.24618,nan,nan,0,1.11329,0.0033555,1.07712,26.105,0.506643,0.37135,nan,nan,0,0.695194,0.471419,1.2551,11.3553,0.657597,0.952672,nan,nan,0,-0.275445,0.356751,-0.395864,-2.75946,0.352277,0.269026,nan,nan,0,0.0458214,-0.122563,-2.35566,2.42399,-0.187089,nan,1.27507,3.37392,1,-1.10667,-0.0673991,-2.14388,-18.8271,-0.553334,nan,-11.3622,-15.4608,1,0,0.960738,0.013918,0.018925,0.276458,-0.00351754,-0.380258,0.440187,-0.104887,-2.78367,6.88858
1787645127086322950,-0.997981,0.0635123,0.583326,0.399987,0.4,-0,-0.59318,0.0357436,0.0243125,0.565502,-0.224322,-0.485507,0.52121,0.615771,0.370942,1.61721,9.35287,0.707885,0.779471,nan,nan,0,0.130137,0.137581,-0.432689,5.78754,0.115069,0.218712,nan,nan,0,-0.359797,-0.392801,-1.6479,3.00366,-0.489899,-0.496542,nan,nan,0,0.316489,0.742362,2.4519,-18.486,0.648244,0.608021,nan,nan,0,-0.0719221,-0.390866,0.0561918,4.15247,-0.245961,nan,4.98737,4.46336,1,0.0123083,0.000462923,0.0700133,-1.37719,0.00615415,nan,0.065717,-1.22918,1,-0.457588,-0.360779,0.862308,4.66422,-0.628794,-0.30611,nan,nan,0,1.03597,0.00949144,0.377452,26.8864,0.467987,0.351239,nan,nan,0,0.64285,0.481198,0.745697,13.7485,0.631425,0.848407,nan,nan,0,-0.235008,0.354259,-0.23629,-10.8181,0.372496,0.291717,nan,nan,0,-0.0497728,-0.143066,-2.04096,0.383921,-0.234886,nan,-0.15228,2.97736,1,-1.00769,-0.0746792,-0.50818,-17.58,-0.503846,nan,-12.1127,-13.1098,1,0,0.960127,0.013769,0.016657,0.278725,-0.224322,-0.485507,0.52121,-2.77464,-0.138974,10.3285
1787645127096373441,-0.985372,0.170418,0.583326,0.399987,0.4,-0,-0.59318,0.034342,0.018396,0.569588,-0.0986388,-0.656336,0.274809,0.391128,0.386857,1.57425,6.76434,0.595564,0.763897,nan,nan,0,-0.107678,0.133362,-0.395864,2.8083,-0.00383921,0.195495,nan,nan,0,-0.196625,-0.406799,-1.24897,1.14774,-0.408313,-0.505958,nan,nan,0,0.213966,0.760962,1.91794,-19.2674,0.596983,0.617144,nan,nan,0,-0.137735,-0.388858,0.44896,3.44884,-0.278867,nan,3.17622,4.43344,1,0.0359865,0.00199946,-0.0584951,-0.760598,0.0179932,nan,0.567556,-0.912761,1,-0.985439,-0.3533,0.71501,1.0989,-0.89272,-0.451431,nan,nan,0,0.710821,0.00891638,-0.174916,19.5604,0.30541,0.4101,nan,nan,0,0.548704,0.484457,0.181053,11.1111,0.584352,0.720211,nan,nan,0,-0.222959,0.353492,-0.00306892,-8.81563,0.378521,0.333728,nan,nan,0,-0.231272,-0.15761,-1.10955,-0.511384,-0.325636,nan,-4.21659,1.52068,1,-0.869995,-0.071051,0.822355,-13.8249,-0.434998,nan,-12.1519,-12.3985,1,0,0.959581,0.013894,0.01365,0.280755,-0.0986388,-0.656336,0.274809,0.815665,4.84104,15.4148
1787645127106337713,-0.961344,0.275349,0.583326,0.399987,0.4,-0,-0.59318,0.0352817,0.0147678,0.571029,0.205334,-0.156676,0.0419902,0.398435,0.40258,1.55584,5.44566,0.599218,0.695917,nan,nan,0,0.0402338,0.130103,-0.273115,1.19658,0.0701169,0.111623,nan,nan,0,-0.147018,-0.415427,-0.850034,0.268623,-0.383509,-0.473717,nan,nan,0,0.0389439,0.77611,1.3042,-16.7766,0.509472,0.617832,nan,nan,0,-0.140772,-0.382825,0.720306,3.40651,-0.280386,nan,2.5049,3.98234,1,0.00523056,0.000890367,-0.229549,-0.641038,0.00261528,nan,0.396071,-0.146046,1,-0.602393,-0.346589,0.659773,-2.3199,-0.701196,-0.65979,nan,nan,0,0.33066,0.00661516,-0.193328,13.6508,0.11533,0.399658,nan,nan,0,0.433957,0.484841,0.0521679,6.61783,0.526979,0.629729,nan,nan,0,-0.248156,0.354642,0.14423,-5.25031,0.365922,0.365022,nan,nan,0,-0.142669,-0.161802,-0.484621,-0.791448,-0.281335,nan,-3.45672,-1.15814,1,-0.811806,-0.0617037,0.643406,-11.4449,-0.405903,nan,-11.2911,-12.3954,1,0,0.959377,0.014846,0.012052,0.281475,0.205334,-0.156676,0.0419902,0.044117,4.05944,12.5667
1787645127116446379,-0.926177,0.377089,0.583326,0.399988,0.4,-0,-0.203166,0.0390789,0.0144346,0.569645,0.421504,-0.109465,-0.279899,0.548688,0.416194,1.51901,5.88522,0.674344,0.631196,nan,nan,0,0.256553,0.128377,-0.168779,-0.708183,0.178276,0.0585286,nan,nan,0,-0.237921,-0.420605,-0.377452,-0.366302,-0.42896,-0.425618,nan,nan,0,-0.0905416,0.785506,0.819346,-15.5067,0.444729,0.579082,nan,nan,0,-0.104682,-0.374753,0.962989,2.86175,-0.262341,nan,2.48994,3.1303,1,-0.00193949,-0.00540614,-0.348994,-0.0242973,-0.000969745,nan,0.656584,0.406874,1,-0.358406,-0.34122,0.549299,-8.32722,-0.579203,-0.762883,nan,nan,0,0.130263,0.0060401,-0.00920582,11.5507,0.0151314,0.288507,nan,nan,0,-0.0316363,0.486759,0.279252,3.19902,0.294182,0.566094,nan,nan,0,-0.173553,0.35656,0.23629,-2.90598,0.403224,0.37529,nan,nan,0,-0.114874,-0.165996,-0.112308,-1.66936,-0.267437,nan,-3.38196,-3.19583,1,-0.72551,-0.0647804,-0.231128,-10.9952,-0.362755,nan,-8.59255,-11.8868,1,0,0.959542,0.016723,0.012415,0.280791,0.421504,-0.109465,-0.279899,-2.93218,3.26546,7.03716
1787645127126318739,-0.880277,0.474461,0.583326,0.399988,0.4,-0,-0.203166,0.0432522,0.0130692,0.567226,0.274193,-0.32287,-0.0937119,0.3619,0.432493,1.45764,2.90598,0.58095,0.623885,nan,nan,0,0.160395,0.126843,-0.138092,-1.53846,0.130198,0.0864081,nan,nan,0,-0.140471,-0.423673,-0.248566,0.757019,-0.380236,-0.4078,nan,nan,0,-0.157211,0.790492,0.365176,-15.9463,0.411395,0.514143,nan,nan,0,-0.0836688,-0.36461,1.23533,2.2382,-0.251834,nan,2.09417,2.44142,1,0.0318597,-0.00482846,-0.285165,0.165791,0.0159299,nan,1.0505,0.633878,1,-0.603264,-0.337385,0.26084,-8.52259,-0.701632,-0.718115,nan,nan,0,-0.258542,0.0071907,0.14423,7.93651,-0.179271,0.142909,nan,nan,0,-0.232353,0.48906,0.125817,1.92918,0.193823,0.455311,nan,nan,0,-0.19786,0.360204,0.365176,-2.85714,0.39107,0.385274,nan,nan,0,-0.241789,-0.165839,-0.36766,-1.66405,-0.330894,nan,-5.22544,-3.80665,1,-0.594298,-0.0684761,-0.868057,-11.236,-0.297149,nan,-5.5581,-10.2857,1,0,0.959845,0.018932,0.012323,0.279619,0.274193,-0.32287,-0.0937119,-2.42266,-0.914934,5.12264
1787645127136399329,-0.824176,0.566334,0.583326,0.399988,0.4,-0,-0.203166,0.0448452,0.00944714,0.567665,0.00667536,-0.406904,0.155816,0.187374,0.446683,1.40854,2.46642,0.493687,0.616421,nan,nan,0,-0.0676669,0.124926,-0.242428,0.610504,0.0161665,0.122633,nan,nan,0,0.135566,-0.425207,-0.131955,1.0989,-0.242217,-0.397732,nan,nan,0,-0.288175,0.790492,-0.168779,-19.3651,0.345913,0.453072,nan,nan,0,-0.21022,-0.352428,1.38117,1.9294,-0.31511,nan,-0.765617,1.99169,1,0.102408,-0.00845676,-0.174636,0.213012,0.0512041,nan,2.05178,0.817563,1,-0.893972,-0.336426,0.0153437,-6.52015,-0.846986,-0.678823,nan,nan,0,-0.4621,0.00872469,0.14423,5.20146,-0.28105,-0.019101,nan,nan,0,-0.169785,0.487718,-0.248566,0.268623,0.225107,0.316223,nan,nan,0,-0.189188,0.364997,0.494062,-4.71307,0.395406,0.39262,nan,nan,0,-0.322609,-0.171942,-0.677229,-2.7418,-0.371304,nan,-5.96183,-4.22736,1,-0.416274,-0.0792465,-1.02441,-9.98746,-0.208137,nan,-2.3301,-7.84083,1,0,0.959766,0.020201,0.010812,0.279862,0.00667536,-0.406904,0.155816,-2.89163,-1.59034,5.61601
1787645127146321155,-0.758524,0.651645,0.583327,0.399988,0.4,-0,-0.203166,0.0432852,0.00582326,0.569198,-0.310278,-0.390398,0.2145,0.334932,0.460489,1.3533,1.78266,0.567466,0.568871,nan,nan,0,-0.0601965,0.120899,-0.432689,3.15018,0.0199018,0.0980883,nan,nan,0,0.196074,-0.428467,-0.457238,3.93163,-0.211963,-0.341664,nan,nan,0,-0.510162,0.786081,-0.604536,-20.1465,0.234919,0.396067,nan,nan,0,-0.472625,-0.336109,1.53093,1.50529,-0.446312,nan,-6.15353,0.81368,1,0.173179,-0.0111813,0.0317887,0.471493,0.0865894,nan,2.88544,1.26468,1,-0.800481,-0.337577,-0.131955,-8.03419,-0.80024,-0.727707,nan,nan,0,-0.418091,0.00910807,-0.00920582,1.68498,-0.259045,-0.170668,nan,nan,0,-0.148267,0.480431,-0.90527,-1.63614,0.235866,0.232152,nan,nan,0,-0.102119,0.370366,0.622948,-5.15263,0.43894,0.395155,nan,nan,0,-0.245386,-0.180045,-0.935167,-3.4338,-0.332693,nan,-3.93993,-4.87857,1,-0.22354,-0.0872116,-0.651792,-8.07149,-0.11177,nan,0.24093,-4.98594,1,0,0.959563,0.019953,0.00887,0.280645,-0.310278,-0.390398,0.2145,-1.45538,-0.670765,6.66325
1787645127156447596,-0.684083,0.729404,0.583327,0.399989,0.4,-0,-0.203166,0.0403904,0.00328598,0.572852,-0.314689,-0.186194,0.52926,0.324476,0.47372,1.3042,0.512817,0.562238,0.544179,nan,nan,0,-0.185488,0.116105,-0.518612,2.71062,-0.0427441,0.0527439,nan,nan,0,0.274107,-0.43326,-0.309939,4.22466,-0.172947,-0.26899,nan,nan,0,-0.540441,0.77611,-1.15077,-21.1722,0.219779,0.321282,nan,nan,0,-0.543031,-0.323808,1.60647,0.887071,-0.481516,nan,-7.92945,-2.15495,1,0.258099,-0.0048701,0.275662,0.799116,0.129049,nan,3.60409,1.94077,1,-0.52889,-0.339303,-0.187191,-11.746,-0.664445,-0.782959,nan,nan,0,-0.556625,0.00795746,-0.150367,-2.85714,-0.328312,-0.25505,nan,nan,0,-0.146401,0.46605,-1.58652,-1.88034,0.236799,0.211714,nan,nan,0,-0.110728,0.378228,0.843896,-8.27839,0.434636,0.410052,nan,nan,0,-0.186972,-0.192501,-1.15759,-4.5131,-0.303486,nan,-2.14809,-4.74564,1,-0.130854,-0.0916588,0.201439,-5.87237,-0.0654272,nan,0.484789,-2.25109,1,0,0.959072,0.018907,0.007281,0.282436,-0.314689,-0.186194,0.52926,-2.24514,0.967285,7.85596
1787645127166332940,-0.601714,0.798711,0.583327,0.399989,0.4,-0,-0.352959,0.0372963,0.00176688,0.578005,-0.363345,-0.132973,0.496472,0.336466,0.486375,1.2551,-0.21978,0.568233,0.547977,nan,nan,0,-0.498895,0.110736,-0.537024,0.512817,-0.199447,0.00474493,nan,nan,0,0.157539,-0.431918,0.309939,4.0293,-0.231231,-0.21059,nan,nan,0,-0.608372,0.758661,-1.7952,-23.8095,0.185814,0.255441,nan,nan,0,-0.741031,-0.307374,1.4984,-1.54315,-0.580515,nan,-11.8075,-5.55583,1,0.348219,-0.00320694,0.618915,1.62265,0.174109,nan,4.39112,2.69853,1,-0.549194,-0.34122,-0.193328,-12.1856,-0.674597,-0.760775,nan,nan,0,-0.706161,0.00565672,-0.273115,-7.39927,-0.40308,-0.300275,nan,nan,0,-0.30337,0.449367,-1.6479,-1.78266,0.158315,0.218783,nan,nan,0,0.000930665,0.388007,1.02188,-7.88766,0.490465,0.426668,nan,nan,0,-0.126533,-0.205078,-1.31752,-3.76746,-0.273266,nan,-0.410295,-3.58841,1,-0.052943,-0.0831317,1.28535,-3.26429,-0.0264715,nan,-0.228224,-0.564316,1,0,0.958366,0.017622,0.006161,0.284931,-0.363345,-0.132973,0.496472,-1.31744,1.01012,7.88202
1787645127176405033,-0.512372,0.858763,0.583327,0.399989,0.4,-0,-0.352959,0.0342025,0.00237013,0.582827,-0.316855,0.0981918,0.46443,0.188971,0.498456,1.21828,-0.757019,0.494486,0.55772,nan,nan,0,-1.00509,0.105367,-0.549299,-1.44078,-0.452546,-0.0819608,nan,nan,0,0.0456036,-0.424632,0.899132,3.49207,-0.287198,-0.196889,nan,nan,0,-0.619322,0.736802,-2.38439,-21.0745,0.180339,0.210746,nan,nan,0,-0.734432,-0.297059,1.15961,-4.21111,-0.577216,nan,-11.5449,-8.8567,1,0.528769,0.00952117,1.19254,2.40332,0.264385,nan,5.85709,3.3983,1,-0.634388,-0.343329,-0.21174,-11.3065,-0.717194,-0.711226,nan,nan,0,-0.6804,0.00201321,-0.371314,-11.16,-0.3902,-0.349422,nan,nan,0,-0.355849,0.434603,-1.38399,-2.41758,0.132076,0.203797,nan,nan,0,0.235707,0.399321,1.16304,-9.05983,0.607854,0.453086,nan,nan,0,-0.0750584,-0.217819,-1.42897,-2.81707,-0.247529,nan,1.10358,-1.88743,1,-0.0277288,-0.0621116,2.2572,-1.78519,-0.0138644,nan,-1.93839,-0.303986,1,0,0.957703,0.016039,0.006048,0.287245,-0.316855,0.0981918,0.46443,-2.31915,-0.420857,6.67218
1787645127186429406,-0.417093,0.908864,0.583327,0.399989,0.4,-0,-0.352959,0.0309245,0.00366911,0.58756,-0.383334,0.14958,0.448236,0.107352,0.510536,1.18759,-1.19658,0.453676,0.541189,nan,nan,0,-1.34431,0.0992308,-0.635223,-4.12698,-0.622153,-0.243814,nan,nan,0,-0.0894224,-0.412935,1.23669,2.3199,-0.354711,-0.228875,nan,nan,0,-0.617261,0.708806,-2.94903,-20.1954,0.18137,0.185781,nan,nan,0,-0.732681,-0.288704,0.581241,-6.65931,-0.57634,nan,-10.9391,-10.9605,1,0.626363,0.0238744,1.79385,2.72362,0.313182,nan,5.98844,4.24757,1,-0.8108,-0.345247,-0.181053,-10.3297,-0.8054,-0.69515,nan,nan,0,-0.509505,-0.00162983,-0.359039,-13.602,-0.304753,-0.383483,nan,nan,0,-0.380393,0.423289,-0.997331,-4.81075,0.119803,0.169131,nan,nan,0,0.493499,0.413318,1.31034,-7.00854,0.73675,0.516466,nan,nan,0,-0.04633,-0.232677,-1.4455,-1.90866,-0.233165,nan,2.15118,-0.121819,1,-0.0026237,-0.0370674,2.79856,-0.997476,-0.00131185,nan,-3.12518,-1.19377,1,0,0.957048,0.014268,0.006233,0.28951,-0.383334,0.14958,0.448236,-2.40917,-1.70706,3.99849
1787645127196416808,-0.31698,0.948432,0.583327,0.399989,0.4,-0,-0.352959,0.026863,0.00541974,0.591242,-0.432365,0.166475,0.302307,0.0901911,0.520891,1.13235,-1.24542,0.445096,0.500812,nan,nan,0,-1.42288,0.0925198,-0.807072,-6.95971,-0.661442,-0.441528,nan,nan,0,-0.239469,-0.401814,1.19987,1.39194,-0.429734,-0.287594,nan,nan,0,-0.61153,0.676017,-3.42161,-18.6325,0.184235,0.17736,nan,nan,0,-0.806836,-0.28845,-0.187689,-8.26794,-0.613418,nan,-11.0923,-11.3803,1,0.65799,0.0475423,2.50727,2.95724,0.328995,nan,4.68268,4.93284,1,-1.01299,-0.346972,-0.168779,-9.30403,-0.906495,-0.731056,nan,nan,0,-0.294606,-0.0046978,-0.322214,-14.7253,-0.197303,-0.367034,nan,nan,0,-0.363615,0.416003,-0.739559,-6.03175,0.128192,0.138428,nan,nan,0,0.677688,0.42444,1.40854,-5.68987,0.828844,0.619162,nan,nan,0,-0.0342103,-0.245294,-1.27491,-1.2036,-0.227105,nan,2.54899,1.34073,1,0.0247358,-0.00589582,3.24082,-1.60807,0.0123679,nan,-4.31331,-2.52326,1,0,0.956542,0.012059,0.006505,0.291272,-0.432365,0.166475,0.302307,-1.38579,-1.35051,3.60929
1787645127206351460,-0.213194,0.97701,0.583327,0.39999,0.4,-0,-0.352959,0.0215723,0.00711972,0.594579,-0.594988,0.202153,0.384605,0.0733656,0.532395,1.02188,-1.3431,0.436683,0.464904,nan,nan,0,-1.48425,0.0810146,-1.1569,-12.7228,-0.692126,-0.591672,nan,nan,0,-0.17581,-0.389925,1.04029,0.0244217,-0.397905,-0.359356,nan,nan,0,-0.569959,0.642844,-3.72848,-11.5507,0.205021,0.17827,nan,nan,0,-0.782169,-0.29395,-1.03638,-8.37629,-0.601084,nan,-9.19514,-11.0082,1,0.642303,0.0757263,3.29053,3.90664,0.321152,nan,2.42697,4.75006,1,-1.10182,-0.349082,-0.23629,-9.69475,-0.950909,-0.809494,nan,nan,0,-0.175534,-0.00776577,-0.266977,-12.8205,-0.137767,-0.297184,nan,nan,0,-0.260648,0.408333,-0.757972,-6.03175,0.179676,0.12461,nan,nan,0,0.692679,0.44093,1.56811,3.00366,0.83634,0.732189,nan,nan,0,-0.0311004,-0.255557,-0.997167,0.166385,-0.22555,nan,2.54599,2.25547,1,0.0171541,0.0277985,3.36378,-2.8569,0.00857703,nan,-5.62231,-3.83859,1,0,0.956083,0.00927,0.006563,0.292874,-0.594988,0.202153,0.384605,-0.485206,-3.13131,3.46049
1787645127216443924,-0.106937,0.994266,0.583327,0.39999,0.4,-0,-0.337601,0.0141843,0.00839866,0.599456,-0.809086,0.137393,0.61166,0.237684,0.542558,1.05257,-4.12698,0.518842,0.44384,nan,nan,0,-1.37555,0.0672083,-1.42081,-22.735,-0.637774,-0.672517,nan,nan,0,0.0500974,-0.383405,0.481788,-0.170937,-0.284951,-0.400945,nan,nan,0,-0.52908,0.60852,-2.94289,-55.0183,0.22546,0.188247,nan,nan,0,-0.73635,-0.2953,1.09215,-22.1137,-0.578175,nan,-11.5389,-10.2636,1,0.565441,0.103021,1.33636,8.57511,0.282721,nan,3.38645,3.65154,1,-1.17078,-0.352149,-0.328352,-11.3553,-0.985391,-0.891002,nan,nan,0,-0.0849319,-0.00968313,-0.046031,-21.514,-0.092466,-0.211399,nan,nan,0,-0.179789,0.399896,-0.788659,-7.98535,0.220105,0.139862,nan,nan,0,0.670386,0.458188,1.80747,8.57143,0.825193,0.809826,nan,nan,0,-0.00679864,-0.261369,-0.594403,0.661176,-0.213399,nan,2.57053,2.57726,1,0.0223424,0.0618113,3.24955,-3.89511,0.0111712,nan,-6.39353,-5.06597,1,0,0.955393,0.005536,0.006106,0.295222,-0.809086,0.137393,0.61166,-0.172618,-3.49458,3.72687
1787645127226316260,0.000559985,1,0.583328,0.39999,0.4,-0,-0.337601,0.00715125,0.00491439,0.605141,0.0828067,-0.976431,0.0944952,0.965868,0.549653,0.518612,6.91087,0.882934,0.462762,nan,nan,0,-1.71066,0.0547447,-1.14463,-29.768,-0.805332,-0.684579,nan,nan,0,-0.300591,-0.37516,1.11394,-6.52015,-0.460296,-0.373221,nan,nan,0,-0.700517,0.591838,-1.19987,-57.1673,0.139741,0.205407,nan,nan,0,-1.23322,-0.268745,3.6405,-17.7523,-0.82661,nan,-24.986,-11.0908,1,0.781008,0.101335,-1.47965,7.15582,0.390504,nan,10.8945,3.62451,1,-1.13695,-0.356751,-0.537024,-13.2112,-0.968473,-0.951595,nan,nan,0,-0.0508514,-0.00546455,0.586123,-20.0488,-0.0754257,-0.13939,nan,nan,0,-0.275012,0.399896,0.598398,-14.4322,0.172494,0.176273,nan,nan,0,0.824094,0.481006,2.48259,6.71551,0.902047,0.838363,nan,nan,0,-0.136143,-0.264666,-0.0134594,1.12894,-0.278072,nan,-0.449021,2.52318,1,0.0836831,0.0952685,3.3204,-4.48747,0.0418415,nan,-6.5834,-6.12911,1,0,0.954567,0.002681,0.003411,0.297964,0.0828067,-0.976431,0.0944952,10.6263,2.96844,21.2853
1787645127236386938,0.10805,0.994145,0.583328,0.39999,0.4,-0,-0.337601,0.0155897,0.00039201,0.596547,0.883673,0.839439,-1.21462,-0.0843766,0.550804,-0.0214806,7.93651,0.357812,0.612302,nan,nan,0,-2.65913,0.0440063,-1.04643,-32.1123,-1.27957,-0.720038,nan,nan,0,-1.4133,-0.354642,2.39053,-9.74359,-1.01665,-0.381252,nan,nan,0,-0.634215,0.587811,-0.107405,-42.2222,0.172892,0.191667,nan,nan,0,-0.857778,-0.232153,3.85557,-8.24333,-0.638889,nan,-20.0191,-16.7475,1,1.07589,0.0738287,-2.30447,3.05359,0.537946,nan,17.3802,6.90279,1,-0.944989,-0.363463,-0.800934,-6.42247,-0.872495,-0.977298,nan,nan,0,-0.0661148,0.00239706,0.831621,-10.232,-0.0830574,-0.0931724,nan,nan,0,-0.562146,0.409483,0.537024,-5.64103,0.028927,0.190946,nan,nan,0,1.20163,0.508618,2.52555,7.54578,1.09082,0.864256,nan,nan,0,-0.207693,-0.261867,0.162551,2.00612,-0.313847,nan,-2.06311,1.40644,1,0.013736,0.119461,2.13503,-4.40262,0.00686801,nan,-6.58034,-6.6567,1,0,0.955816,0.007393,0.002478,0.29386,0.883673,0.839439,-1.21462,13.6786,0.40857,36.3243
1787645127246282140,0.214289,0.97677,0.583328,0.39999,0.4,-0,-0.337601,0.01646,0.00936953,0.591547,0.0826974,1.06595,0.197931,-1.14749,0.547544,-0.408138,7.59463,-0.173747,0.610184,nan,nan,0,-3.01284,0.0355697,-0.757972,-30.5983,-1.45642,-0.925499,nan,nan,0,-0.860011,-0.333167,1.87498,-9.45055,-0.740005,-0.602616,nan,nan,0,-0.308269,0.58762,0.00306892,-40.2686,0.335865,0.173857,nan,nan,0,-0.0874324,-0.201319,2.53891,-12.8482,-0.253716,nan,-5.64226,-20.7327,1,1.05356,0.0539066,-0.99861,5.79563,0.526779,nan,15.6841,12.0213,1,-1.3091,-0.373626,-1.11394,-9.98779,-1.05455,-0.948391,nan,nan,0,-0.161253,0.0102587,0.678185,-2.12454,-0.130626,-0.0757563,nan,nan,0,-0.0943628,0.403156,-1.02188,-2.17339,0.262819,0.139238,nan,nan,0,0.99142,0.535272,2.70353,6.27595,0.98571,0.950393,nan,nan,0,-0.167228,-0.259422,0.284918,0.414084,-0.293614,nan,-1.62409,-0.386991,1,-0.000591218,0.12997,0.606694,-4.4624,-0.000295609,nan,-4.81801,-6.43597,1,0,0.956545,0.006507,0.00688,0.29143,0.0826974,1.06595,0.197931,-5.2703,-9.20052,22.3785
1787645127256404688,0.318044,0.948076,0.583328,0.399991,0.4,-0,-0.337601,0.0143136,0.017885,0.598732,-0.684317,0.490864,1.06556,-0.599597,0.542942,-0.494062,4.46886,0.100201,0.31276,nan,nan,0,-2.11724,0.0278997,-0.770247,-40.9524,-1.00862,-1.20679,nan,nan,0,0.194628,-0.323195,0.463376,-11.2088,-0.212686,-0.769632,nan,nan,0,-0.225946,0.586853,-0.187191,-30.7937,0.377027,0.222173,nan,nan,0,0.0608018,-0.188774,0.721843,-13.5434,-0.179599,nan,-0.761649,-16.4048,1,0.769556,0.0593741,1.28961,8.36205,0.384778,nan,7.8277,14.9373,1,-1.33818,-0.385898,-1.26124,-9.40171,-1.06909,-0.963164,nan,nan,0,-0.330178,0.0129428,0.0828552,7.10622,-0.215089,-0.0907967,nan,nan,0,0.131548,0.386281,-1.83202,-0.0244217,0.375774,0.148569,nan,nan,0,0.666258,0.560774,2.90607,16.2882,0.823129,1.0061,nan,nan,0,-0.0438463,-0.257522,0.188874,0.21987,-0.231923,nan,0.612644,-1.55147,1,0.00773614,0.12444,-0.913587,-4.91039,0.00386807,nan,-2.24679,-5.38927,1,0,0.955479,0.004201,0.010655,0.294834,-0.684317,0.490864,1.06556,-11.8331,-11.7765,3.61874
1787645127266329816,0.418113,0.908395,0.583328,0.399991,0.4,-0,-0.548942,0.0104087,0.0217715,0.609167,-0.167574,0.0629436,1.06795,0.0404104,0.537764,-0.481788,-4.90842,0.420205,0.0900946,nan,nan,0,-2.11945,0.0204215,-0.76411,-46.862,-1.00973,-1.25278,nan,nan,0,0.455355,-0.324154,-0.107405,-14.8718,-0.0823224,-0.623769,nan,nan,0,-0.309673,0.582826,-0.506338,-27.033,0.335164,0.303352,nan,nan,0,-0.210838,-0.196548,-1.11595,-9.23096,-0.315419,nan,-2.48655,-7.90874,1,0.760809,0.0953645,3.97717,11.1639,0.380404,nan,2.58544,12.5834,1,-1.3104,-0.399704,-1.4024,-10.5739,-1.0552,-1.01657,nan,nan,0,-0.221382,0.00987482,-0.463376,3.73627,-0.160691,-0.141476,nan,nan,0,0.00277564,0.357327,-3.12702,5.9829,0.311388,0.243843,nan,nan,0,0.78565,0.591838,3.2068,9.98779,0.882825,0.956828,nan,nan,0,-0.0553595,-0.256017,0.160941,-1.29404,-0.23768,nan,0.400395,-1.15992,1,0.0163694,0.107229,-1.94936,-4.05217,0.00818471,nan,-0.0472923,-3.57131,1,0,0.953919,0.0017,0.011945,0.29982,-0.167574,0.0629436,1.06795,-3.43957,8.41256,9.64994
1787645127276341454,0.513338,0.858187,0.583328,0.399991,0.4,-0,-0.548942,0.0107483,0.0246602,0.618253,-0.219418,0.0855607,0.691847,0.34583,0.53297,-0.512475,-10.3297,0.572915,0.145369,nan,nan,0,-2.06923,0.0127511,-0.71501,-51.2576,-0.984615,-1.14375,nan,nan,0,0.318145,-0.32147,0.573849,-12.0879,-0.150927,-0.34308,nan,nan,0,-0.356634,0.57669,-0.530887,-24.7375,0.311683,0.345803,nan,nan,0,-0.340164,-0.209658,-2.18252,-4.79439,-0.380082,nan,-2.69106,-2.33902,1,0.799815,0.139454,5.2343,12.2597,0.399908,nan,-0.0378504,7.04223,1,-1.27322,-0.414852,-1.55584,-10.8181,-1.03661,-1.05093,nan,nan,0,0.0129258,0.00450611,-0.549299,-1.00122,-0.0435371,-0.172176,nan,nan,0,-0.162277,0.331633,-2.18799,4.56654,0.228861,0.311016,nan,nan,0,0.946082,0.625586,3.42161,4.37119,0.963041,0.898449,nan,nan,0,-0.0504006,-0.256738,-0.0323365,-0.510011,-0.2352,nan,0.80234,-0.23006,1,0.0712306,0.0846506,-2.65758,-2.52312,0.0356153,nan,2.51531,-1.38234,1,0,0.952533,0.001368,0.01338,0.304136,-0.219418,0.0855607,0.691847,-2.67598,8.32096,3.22203
1787645127286272849,0.602614,0.798033,0.583328,0.399991,0.4,-0,-0.548942,0.00861718,0.0249611,0.623441,-0.300997,-0.0854475,0.332525,0.419458,0.527602,-0.518612,-8.47375,0.609729,0.344269,nan,nan,0,-2.14664,0.00738239,-0.463376,-49.2552,-1.02332,-1.04297,nan,nan,0,0.22447,-0.304788,2.20027,-9.45055,-0.197765,-0.168472,nan,nan,0,-0.355853,0.574005,-0.156505,-29.9634,0.312074,0.343245,nan,nan,0,-0.213562,-0.228818,-1.46816,-5.71529,-0.316781,nan,-0.876454,-0.832641,1,0.817793,0.17754,1.93713,10.6673,0.408896,nan,4.035,2.45551,1,-1.39653,-0.431535,-1.72768,-13.2112,-1.09827,-1.0555,nan,nan,0,0.21697,-0.00105476,-0.561574,-4.85959,0.0584849,-0.13562,nan,nan,0,-0.263844,0.318018,-1.04029,2.41758,0.178078,0.300578,nan,nan,0,1.07434,0.663553,3.44616,-0.854698,1.02717,0.902778,nan,nan,0,-0.0575719,-0.255268,-0.0214527,-0.0691409,-0.238786,nan,0.609051,0.456699,1,0.0577896,0.0585196,-3.08827,-0.967828,0.0288948,nan,3.74366,0.961168,1,0,0.95174,0.000273,0.0132,0.306619,-0.300997,-0.0854475,0.332525,-1.27015,-4.45598,11.182
1787645127296254785,0.684906,0.728631,0.583328,0.399991,0.4,-0,-0.548942,0.00538602,0.0219921,0.625335,-0.124513,-0.190453,0.00919075,0.438228,0.522425,-0.537024,-1.19658,0.619114,0.517551,nan,nan,0,-2.24477,0.00393105,-0.33449,-37.7289,-1.07238,-1.00234,nan,nan,0,0.256842,-0.275833,3.06564,-7.00854,-0.181579,-0.132514,nan,nan,0,-0.375167,0.574964,0.11968,-24.2491,0.302416,0.327146,nan,nan,0,-0.114347,-0.235026,-0.419181,-3.01865,-0.267174,nan,-0.496383,-0.915213,1,0.757403,0.175074,-0.98402,4.82452,0.378701,nan,7.58484,2.22361,1,-1.47667,-0.449943,-1.88112,-9.40171,-1.13833,-1.06744,nan,nan,0,0.192965,-0.00661516,-0.549299,-3.34554,0.0464826,-0.0480972,nan,nan,0,-0.282706,0.314183,-0.0214806,-0.65934,0.168647,0.246089,nan,nan,0,1.21714,0.6973,3.32341,-1.5873,1.09857,0.954614,nan,nan,0,-0.0690201,-0.255597,0.0112976,0.540871,-0.24451,nan,0.371083,0.735138,1,0.0319384,0.0277985,-3.03084,0.400657,0.0159692,nan,4.19139,2.98683,1,0,0.951464,-0.00082,0.011291,0.30755,-0.124513,-0.190453,0.00919075,5.31153,1.27103,18.1932
1787645127306319574,0.759262,0.650786,0.583328,0.399992,0.4,-0,-0.548942,0.00287762,0.0220632,0.621448,-0.292865,0.497463,-0.799531,-0.198907,0.516863,-0.549299,0.268623,0.300546,0.607544,nan,nan,0,-1.81558,-0.00182152,-0.708872,-27.5702,-0.857791,-1.01827,nan,nan,0,-0.219743,-0.246879,2.67898,-4.90842,-0.419872,-0.15126,nan,nan,0,-0.310068,0.574964,-0.0705805,-19.6581,0.334966,0.312721,nan,nan,0,0.0482906,-0.237757,-0.251904,-1.20119,-0.185855,nan,2.19444,-0.948867,1,0.793267,0.156982,-1.92428,3.08404,0.396633,nan,10.076,4.96166,1,-1.36555,-0.469884,-2.0591,-8.76679,-1.08278,-1.09847,nan,nan,0,0.167765,-0.0117927,-0.494062,-0.65934,0.0338823,0.0218844,nan,nan,0,-0.371709,0.316292,0.113543,-2.22222,0.124146,0.196081,nan,nan,0,0.973672,0.729515,3.16998,2.0757,0.976836,1.026,nan,nan,0,-0.0982474,-0.255671,0.0685311,1.00863,-0.259124,nan,-0.223657,0.66773,1,0.0399269,-0.00114848,-2.64071,2.29056,0.0199635,nan,4.59443,4.19443,1,0,0.952058,-0.002003,0.010943,0.305714,-0.292865,0.497463,-0.799531,5.42218,0.390561,13.2868
1787645127316311282,0.824818,0.565398,0.583329,0.399992,0.4,-0,0.0366589,-0.00144069,0.027002,0.612185,-0.447052,0.473243,-0.915333,-0.732642,0.511494,-0.518612,2.51526,0.0336788,0.530878,nan,nan,0,-1.18739,-0.0127511,-1.26124,-24.9817,-0.543694,-0.978304,nan,nan,0,-0.598658,-0.22732,1.67245,-3.15018,-0.609329,-0.24877,nan,nan,0,-0.3016,0.572471,-0.352901,-17.1673,0.3392,0.314724,nan,nan,0,0.114386,-0.240496,-0.224489,-0.827779,-0.152807,nan,3.40584,0.145706,1,0.846928,0.137487,-1.54661,4.5004,0.423464,nan,10.8992,8.0051,1,-1.15645,-0.491745,-2.24323,-8.27839,-0.978227,-1.10738,nan,nan,0,-0.043196,-0.0162029,-0.426551,0.561661,-0.071598,0.0467151,nan,nan,0,-0.295338,0.313608,-0.402001,-2.02686,0.162331,0.155974,nan,nan,0,0.521004,0.757702,3.13929,5.68987,0.750502,1.03906,nan,nan,0,-0.0963048,-0.255595,0.13805,0.476982,-0.258152,nan,-0.296598,0.305182,1,0.096391,-0.0227633,-1.69875,2.95181,0.0481955,nan,4.67689,4.62044,1,0,0.953428,-0.004755,0.012656,0.301317,-0.447052,0.473243,-0.915333,-0.448101,-1.93445,6.1839
1787645127326323771,0.880816,0.473458,0.583329,0.399992,0.4,-0,0.0366589,-0.00680713,0.0313959,0.604151,-0.587761,0.34574,-0.737919,-0.850125,0.506893,-0.426551,0.65934,-0.0250623,0.311542,nan,nan,0,-0.640503,-0.0288587,-1.70927,-25.812,-0.270252,-0.806242,nan,nan,0,-0.501869,-0.216774,0.819346,-4.95727,-0.560935,-0.418503,nan,nan,0,-0.387694,0.566335,-0.610673,-16.63,0.296153,0.326482,nan,nan,0,0.129978,-0.242949,-0.181871,0.0997869,-0.145011,nan,3.70066,1.86284,1,0.723973,0.12886,-0.881053,7.63631,0.361987,nan,8.31537,9.93439,1,-1.00681,-0.515138,-2.38439,-7.93651,-0.903407,-1.06321,nan,nan,0,-0.381329,-0.0200381,-0.340627,1.39194,-0.240664,0.0117077,nan,nan,0,-0.267996,0.307088,-0.69046,-2.8083,0.176002,0.142958,nan,nan,0,0.3442,0.789149,3.14543,-0.903542,0.6621,0.937668,nan,nan,0,-0.0616422,-0.255544,0.132991,0.171102,-0.240821,nan,0.31582,-0.0772577,1,0.18154,-0.0350588,-0.689773,2.90319,0.0907702,nan,4.80953,4.55154,1,0,0.954582,-0.007919,0.013974,0.297515,-0.587761,0.34574,-0.737919,-1.09193,0.46159,1.32428
1787645127336326805,0.926607,0.376031,0.583329,0.399992,0.4,-0,0.0366589,-0.0123492,0.0344652,0.59643,-0.416707,0.281828,-0.773051,-0.795216,0.503249,-0.33449,-6.86203,0.00239223,0.101941,nan,nan,0,-0.509327,-0.0461164,-1.66017,-29.1819,-0.204663,-0.545629,nan,nan,0,-0.45236,-0.211405,0.481788,-10.5739,-0.53618,-0.53821,nan,nan,0,-0.38634,0.560391,-0.549299,-23.5653,0.29683,0.321616,nan,nan,0,0.113266,-0.245299,0.0239122,1.43823,-0.153367,nan,3.18173,3.13047,1,0.762646,0.126167,-0.459534,9.5814,0.381323,nan,8.34398,9.88124,1,-0.78839,-0.53949,-2.44576,-8.22955,-0.794195,-0.985907,nan,nan,0,-0.46834,-0.0227227,-0.224015,-0.21978,-0.28417,-0.0930509,nan,nan,0,-0.213524,0.299994,-0.739559,-2.27106,0.203238,0.153865,nan,nan,0,0.243965,0.822897,3.02268,-7.25275,0.611982,0.791715,nan,nan,0,-0.0331727,-0.251357,0.132673,-0.0222048,-0.226586,nan,0.667965,-0.10728,1,0.175184,-0.0296082,0.36087,3.16604,0.0875922,nan,2.97471,4.3118,1,0,0.95567,-0.010964,0.014657,0.293867,-0.416707,0.281828,-0.773051,-0.753665,-0.682161,4.07237
1787645127346332790,0.961659,0.274246,0.583329,0.399992,0.4,-0,0.0366589,-0.0154876,0.0358319,0.589134,-0.132335,-0.00219451,-0.653092,-0.52214,0.49999,-0.322214,-12.2344,0.13893,-0.00251906,nan,nan,0,-0.646229,-0.0581965,-0.929819,-33.431,-0.273114,-0.325075,nan,nan,0,-0.535364,-0.203543,1.01574,-18.5836,-0.577682,-0.570607,nan,nan,0,-0.424138,0.55694,-0.28539,-26.4469,0.277931,0.308039,nan,nan,0,-0.0658989,-0.245305,-0.0833611,4.41693,-0.242949,nan,0.207495,3.52191,1,0.878429,0.125771,0.153996,9.13751,0.439215,nan,9.1723,8.93621,1,-0.598855,-0.563842,-2.4028,-6.86203,-0.699427,-0.890608,nan,nan,0,-0.44221,-0.0232978,0.00920582,-6.61783,-0.271105,-0.205543,nan,nan,0,-0.14812,0.292324,-0.739559,-2.0757,0.23594,0.176386,nan,nan,0,0.210294,0.848017,2.67285,-18.6325,0.595147,0.675859,nan,nan,0,-0.0279128,-0.251452,0.125947,-0.492201,-0.223956,nan,0.773416,0.203481,1,0.161512,-0.0218776,1.22724,3.11743,0.080756,nan,1.23816,3.53319,1,0,0.956705,-0.01261,0.014895,0.290403,-0.132335,-0.00219451,-0.653092,3.27805,2.11169,7.96922
1787645127356347560,0.985567,0.169283,0.583329,0.399992,0.4,-0,0.0366589,-0.0150392,0.0363206,0.581721,0.137986,0.173503,-0.905424,-0.663856,0.496346,-0.389727,-11.2576,0.0680722,0.0187427,nan,nan,0,-0.997761,-0.0604973,0.0583057,-24.1026,-0.44888,-0.234634,nan,nan,0,-0.927351,-0.190121,1.3042,-18.0464,-0.773676,-0.57546,nan,nan,0,-0.468063,0.556364,0.00920582,-27.5214,0.255969,0.293,nan,nan,0,-0.143565,-0.24714,-0.399281,4.13545,-0.281783,nan,-0.61357,2.54288,1,0.990434,0.128224,0.433258,8.78335,0.495217,nan,10.3599,8.51423,1,-0.488587,-0.586853,-2.24936,-4.56654,-0.644293,-0.788853,nan,nan,0,-0.351523,-0.0231061,0.0153437,-6.52015,-0.225762,-0.267381,nan,nan,0,-0.15116,0.287913,-0.340627,-2.46642,0.23442,0.205761,nan,nan,0,0.284396,0.872369,1.96091,-23.9072,0.632198,0.610735,nan,nan,0,-0.0719187,-0.24944,0.157731,0.196716,-0.245959,nan,-0.11479,0.536819,1,0.125767,-0.00399857,1.85488,2.45779,0.0628833,nan,-0.775869,2.16453,1,0,0.957773,-0.01241,0.01524,0.286852,0.137986,0.173503,-0.905424,-2.73137,-3.71777,14.0408
1787645127366371226,0.998054,0.0623581,0.583329,0.399993,0.4,-0,0.0706165,-0.0165068,0.0382791,0.572658,-0.210195,0.425364,-0.808752,-1.06369,0.491361,-0.524749,-9.84127,-0.131846,0.0597242,nan,nan,0,-1.07522,-0.0564704,0.567711,-13.9927,-0.487612,-0.288899,nan,nan,0,-0.930221,-0.183026,0.414276,-13.7485,-0.775111,-0.641517,nan,nan,0,-0.418662,0.556364,-0.0214806,-24.884,0.280669,0.274812,nan,nan,0,0.0830575,-0.253349,-0.629028,3.27525,-0.168471,nan,3.91425,1.01029,1,0.968183,0.13162,-0.0165166,9.55316,0.484091,nan,10.5989,9.11557,1,-0.605972,-0.608329,-2.07752,-1.48962,-0.702986,-0.702138,nan,nan,0,-0.339761,-0.0238729,-0.138092,-7.00854,-0.21988,-0.269503,nan,nan,0,-0.0759499,0.284462,-0.457238,-0.512817,0.272025,0.227401,nan,nan,0,0.313112,0.885791,1.3042,-26.7399,0.646556,0.599279,nan,nan,0,-0.0815569,-0.249403,0.22395,0.462347,-0.250778,nan,-0.384081,0.423558,1,0.0811558,0.0150213,2.35375,1.48823,0.0405779,nan,-2.76393,0.399414,1,0,0.959033,-0.013321,0.016028,0.282523,-0.210195,0.425364,-0.808752,-2.0354,-7.53604,15.5426
1787645127376310620,0.998974,-0.0452898,0.583329,0.399993,0.4,-0,0.0706165,-0.0194472,0.0438063,0.564925,-0.229026,0.668168,-0.690493,-1.45775,0.485416,-0.64136,-9.05983,-0.328876,0.00830858,nan,nan,0,-1.1101,-0.0486088,0.733422,-12.8694,-0.505048,-0.393724,nan,nan,0,-0.749179,-0.186094,-0.616811,-12.7228,-0.68459,-0.72309,nan,nan,0,-0.295083,0.55483,-0.199466,-22.5885,0.342458,0.269264,nan,nan,0,0.399698,-0.259596,-0.697565,1.27086,-0.0101512,nan,9.77692,1.41691,1,0.920315,0.128464,-0.318145,9.11354,0.460157,nan,10.428,10.1123,1,-0.728308,-0.627887,-1.91794,-0.268623,-0.764154,-0.671717,nan,nan,0,-0.398701,-0.0261741,-0.279252,-6.32478,-0.249351,-0.246582,nan,nan,0,0.0927515,0.274491,-1.05257,2.17339,0.356376,0.248566,nan,nan,0,0.197475,0.894612,0.573849,-23.7118,0.588737,0.617277,nan,nan,0,-0.081928,-0.245078,0.26148,0.0765701,-0.250964,nan,-0.598231,0.0030042,1,0.0598419,0.0434014,2.55567,0.212669,0.029921,nan,-4.23792,-1.55681,1,0,0.960036,-0.01544,0.018323,0.278846,-0.229026,0.668168,-0.690493,-2.35785,-2.5558,11.2761
1787645127386312520,0.988317,-0.152413,0.583329,0.399993,0.4,-0,0.0706165,-0.0210473,0.0500945,0.558551,-0.082517,0.465598,-0.613355,-1.43422,0.478322,-0.721148,-11.5995,-0.317111,-0.137477,nan,nan,0,-1.15983,-0.042089,0.702735,-13.7973,-0.529914,-0.471317,nan,nan,0,-0.743269,-0.19664,-1.4024,-11.7949,-0.681635,-0.739163,nan,nan,0,-0.262709,0.55157,-0.426551,-20.8791,0.358645,0.293688,nan,nan,0,0.432858,-0.265742,-0.575306,0.690664,0.00642917,nan,10.3889,4.70493,1,0.91672,0.12827,0.0900375,9.48924,0.45836,nan,9.76764,10.5887,1,-0.72175,-0.645528,-1.66017,0.561661,-0.760875,-0.699644,nan,nan,0,-0.442367,-0.0294337,-0.383589,-5.39683,-0.271184,-0.237462,nan,nan,0,0.140773,0.267588,-0.647498,1.48962,0.380387,0.292801,nan,nan,0,0.0732214,0.896338,0.00306892,-19.4628,0.526611,0.617153,nan,nan,0,-0.102448,-0.242638,0.315102,-0.263484,-0.261224,nan,-1.12316,-0.399398,1,0.0597416,0.0667743,2.41971,-1.13461,0.0298708,nan,-4.73668,-3.30005,1,0,0.960827,-0.017016,0.021173,0.275811,-0.082517,0.465598,-0.613355,-3.90209,1.18246,7.33622
1787645127396313558,0.966206,-0.25777,0.583329,0.399993,0.4,-0,0.0706165,-0.0208759,0.0548488,0.552506,0.0936594,0.367359,-0.556474,-1.17855,0.470652,-0.794796,-15.5067,-0.189277,-0.263318,nan,nan,0,-1.22716,-0.0351863,0.598398,-19.8046,-0.56358,-0.515024,nan,nan,0,-0.712658,-0.214281,-1.53742,-12.7717,-0.666329,-0.715139,nan,nan,0,-0.252139,0.545626,-0.573849,-18.486,0.36393,0.328987,nan,nan,0,0.400064,-0.267677,-0.067164,3.2167,-0.00996805,nan,9.12055,8.15858,1,0.904886,0.131313,0.386143,10.7807,0.452443,nan,9.0547,10.2748,1,-0.635991,-0.660485,-1.45764,-0.903542,-0.717996,-0.737119,nan,nan,0,-0.408901,-0.0340357,-0.395864,-7.39927,-0.254451,-0.248177,nan,nan,0,0.09375,0.262602,-0.359039,2.3199,0.356875,0.342709,nan,nan,0,-0.00253621,0.893653,-0.402001,-18.3883,0.488732,0.582792,nan,nan,0,-0.102147,-0.240128,0.298681,-0.481936,-0.261073,nan,-1.18112,-0.795097,1,0.0472464,0.0859717,1.86179,-2.60119,0.0236232,nan,-4.66315,-4.40347,1,0,0.961591,-0.017517,0.023534,0.272911,0.0936594,0.367359,-0.556474,-1.44082,1.00411,5.68118
1787645127406323289,0.932898,-0.36014,0.583329,0.399993,0.4,-0,0.0706165,-0.0192081,0.0575115,0.547102,0.2593,0.184726,-0.587671,-0.899671,0.462023,-0.886857,-18.6325,-0.0498355,-0.278581,nan,nan,0,-1.36094,-0.0296254,0.573849,-20.7814,-0.630472,-0.544124,nan,nan,0,-0.687405,-0.225403,-0.911407,-14.2369,-0.653702,-0.687742,nan,nan,0,-0.247567,0.540449,-0.543161,-18.9255,0.366217,0.353944,nan,nan,0,0.343408,-0.265623,0.418233,6.96932,-0.0382959,nan,7.3291,9.51416,1,0.890855,0.13343,-0.0238882,10.9329,0.445428,nan,9.39577,9.69929,1,-0.524765,-0.673907,-1.27965,-1.05006,-0.662382,-0.743885,nan,nan,0,-0.300714,-0.0378704,-0.383589,-7.15507,-0.200357,-0.256571,nan,nan,0,0.00386207,0.263177,0.224015,1.48962,0.311931,0.365701,nan,nan,0,-0.0257606,0.887709,-0.76411,-17.7534,0.47712,0.534342,nan,nan,0,-0.0882307,-0.237743,0.247191,-0.514044,-0.254115,nan,-0.943833,-1.09546,1,0.0211184,0.097446,0.920533,-3.1938,0.0105592,nan,-3.98741,-4.71267,1,0,0.9623,-0.01701,0.025088,0.270294,0.2593,0.184726,-0.587671,-2.38347,0.452427,6.39377
1787645127416316053,0.888779,-0.458336,0.583329,0.399993,0.4,-0,0.0376555,-0.0169057,0.0594093,0.54033,0.240404,0.202276,-0.716537,-0.850554,0.452435,-0.978919,-17.2161,-0.0252768,-0.192782,nan,nan,0,-1.2176,-0.0238729,0.573849,-21.3675,-0.558801,-0.582411,nan,nan,0,-0.628579,-0.231155,-0.420414,-14.2857,-0.624289,-0.666326,nan,nan,0,-0.271733,0.535272,-0.432689,-14.9206,0.354134,0.365665,nan,nan,0,0.372177,-0.259611,0.603945,9.27277,-0.0239116,nan,7.34356,8.89203,1,0.824398,0.127076,-0.758063,10.7912,0.412199,nan,9.69079,9.55423,1,-0.439087,-0.685604,-1.12622,-0.757019,-0.619543,-0.714556,nan,nan,0,-0.174641,-0.0418973,-0.414276,-6.61783,-0.137321,-0.239819,nan,nan,0,-0.0802216,0.267972,0.561574,1.05006,0.269889,0.352218,nan,nan,0,-0.00664246,0.875629,-1.27965,-16.7277,0.486679,0.496278,nan,nan,0,-0.0819282,-0.235641,0.128172,-0.746665,-0.250964,nan,-0.728567,-1.14091,1,-0.0488465,0.100418,-0.106328,-3.47813,-0.0244232,nan,-3.58573,-4.29294,1,0,0.9632,-0.016069,0.026367,0.267005,0.240404,0.202276,-0.716537,1.2012,-0.385824,9.02858
1787645127426299609,0.834359,-0.551221,0.583329,0.399993,0.4,-0,0.0376555,-0.0151207,0.060519,0.533244,0.301537,0.203538,-0.652229,-0.938535,0.442273,-1.02802,-13.7973,-0.0692673,-0.0934455,nan,nan,0,-1.07851,-0.0185041,0.494062,-21.4652,-0.489256,-0.591971,nan,nan,0,-0.410535,-0.234799,-0.359039,-13.1624,-0.515267,-0.645057,nan,nan,0,-0.222474,0.531628,-0.389727,-13.0647,0.378763,0.364915,nan,nan,0,0.465318,-0.253734,0.554232,9.06778,0.022659,nan,8.84241,7.88471,1,0.738461,0.115961,-0.919248,9.18873,0.369231,nan,8.97695,9.80614,1,-0.38078,-0.695959,-1.00961,-0.366302,-0.59039,-0.667655,nan,nan,0,-0.153085,-0.046308,-0.426551,-5.44566,-0.126543,-0.195724,nan,nan,0,-0.0476715,0.273532,0.494062,0.903542,0.286164,0.315407,nan,nan,0,-0.113109,0.859522,-1.72768,-17.1184,0.433446,0.480542,nan,nan,0,-0.0689064,-0.235812,0.0197168,-0.94796,-0.244453,nan,-0.332019,-0.964793,1,-0.120571,0.0919239,-1.0283,-3.07531,-0.0602854,nan,-3.02383,-3.58508,1,0,0.964136,-0.015261,0.027194,0.263567,0.301537,0.203538,-0.652229,2.02083,-0.393838,10.7056
1787645127436315611,0.77027,-0.637718,0.58333,0.399994,0.4,-0,0.0376555,-0.012228,0.0620155,0.527779,0.364487,0.182074,-0.462727,-0.879833,0.431918,-1.01574,-12.3321,-0.0399163,-0.0498618,nan,nan,0,-0.811635,-0.0142856,0.402001,-20.7326,-0.355817,-0.554984,nan,nan,0,-0.220968,-0.239017,-0.402001,-12.4298,-0.420484,-0.593932,nan,nan,0,-0.207905,0.527218,-0.420414,-11.8437,0.386048,0.367442,nan,nan,0,0.445286,-0.249782,0.267955,8.89476,0.012643,nan,8.78295,7.86226,1,0.64797,0.108686,-0.45848,9.0392,0.323985,nan,7.14667,9.62915,1,-0.258062,-0.704971,-0.825483,0.122101,-0.529031,-0.62286,nan,nan,0,-0.173629,-0.0505266,-0.432689,-3.63858,-0.136815,-0.152678,nan,nan,0,0.0176439,0.277559,0.402001,0.21978,0.318822,0.289349,nan,nan,0,-0.293322,0.839771,-2.10207,-15.0183,0.343339,0.46221,nan,nan,0,-0.0971093,-0.236172,-0.0644065,-0.838182,-0.258555,nan,-0.686781,-0.663594,1,-0.165847,0.0773043,-1.75376,-2.53131,-0.0829236,nan,-2.1762,-2.91688,1,0,0.964851,-0.013986,0.028335,0.26089,0.364487,0.182074,-0.462727,1.44195,1.05946,10.4538
1787645127446426749,0.697254,-0.716824,0.58333,0.399994,0.4,-0,0.0376555,-0.00883942,0.0635973,0.523017,0.392115,0.208776,-0.464881,-0.933951,0.422139,-0.948232,-12.7228,-0.0669754,-0.0393448,nan,nan,0,-0.500129,-0.0104504,0.389727,-23.8095,-0.200064,-0.469752,nan,nan,0,-0.16865,-0.241893,-0.26084,-10.9646,-0.394325,-0.511753,nan,nan,0,-0.207201,0.523191,-0.463376,-10.6227,0.386399,0.376017,nan,nan,0,0.479588,-0.249824,-0.063091,9.09561,0.0297939,nan,9.88127,8.41059,1,0.546727,0.108488,0.0496873,8.73046,0.273364,nan,4.87173,8.52298,1,-0.0577536,-0.711682,-0.598398,0.122101,-0.428877,-0.575729,nan,nan,0,-0.132788,-0.054553,-0.414276,-3.68742,-0.116394,-0.132594,nan,nan,0,0.00846628,0.280435,0.279252,-0.512817,0.314233,0.292051,nan,nan,0,-0.431415,0.816378,-2.43349,-12.3321,0.274293,0.414067,nan,nan,0,-0.118275,-0.236574,-0.104838,-0.337959,-0.269138,nan,-0.982467,-0.530781,1,-0.202055,0.056949,-2.33947,-2.22498,-0.101027,nan,-1.23008,-2.19684,1,0,0.965466,-0.012487,0.02957,0.258541,0.392115,0.208776,-0.464881,0.814162,0.270232,9.87616
1787645127456438053,0.616158,-0.787623,0.58333,0.399994,0.4,-0,0.0376555,-0.00538488,0.0654818,0.518896,0.371299,0.209881,-0.371067,-0.96598,0.413126,-0.874582,-11.5018,-0.0829902,-0.0459092,nan,nan,0,-0.104788,-0.00642347,0.432689,-17.3138,-0.00239403,-0.341622,nan,nan,0,0.0332825,-0.241702,0.101268,-9.20635,-0.293359,-0.437949,nan,nan,0,-0.0929723,0.517823,-0.481788,-9.64591,0.443514,0.383303,nan,nan,0,0.630089,-0.253948,-0.345667,9.52178,0.105044,nan,13.0833,9.20636,1,0.393931,0.114177,0.330311,7.98116,0.196966,nan,1.98818,6.6707,1,0.260187,-0.7159,-0.359039,0.268623,-0.269906,-0.508245,nan,nan,0,0.00577509,-0.0587716,-0.365176,-2.95483,-0.0471125,-0.122983,nan,nan,0,0.0947656,0.281969,0.0644436,0.170937,0.357383,0.304531,nan,nan,0,-0.605655,0.790108,-2.72195,-14.3834,0.187173,0.344765,nan,nan,0,-0.0854068,-0.236886,-0.147589,-0.267215,-0.252703,nan,-0.332223,-0.642096,1,-0.249637,0.0326349,-2.77923,-1.65715,-0.124818,nan,-0.554751,-1.36371,1,0,0.965987,-0.010999,0.030949,0.256494,0.371299,0.209881,-0.371067,0.463779,0.627018,9.11337
1787645127466300501,0.52792,-0.849294,0.58333,0.399994,0.4,-0,-0.0303989,-0.00198036,0.0672241,0.515362,0.358304,0.164747,-0.333533,-0.89202,0.404689,-0.843896,-10.1343,-0.0460098,-0.0630311,nan,nan,0,0.394021,-0.00143814,0.518612,-13.895,0.247011,-0.175654,nan,nan,0,0.225718,-0.239784,0.279252,-7.49695,-0.197141,-0.365372,nan,nan,0,-0.140004,0.513604,-0.463376,-9.30403,0.419998,0.405135,nan,nan,0,0.69238,-0.2579,-0.491613,9.49501,0.13619,nan,14.5306,10.8805,1,0.23099,0.117289,0.301164,6.53193,0.115495,nan,-0.505562,4.29629,1,0.542066,-0.71801,-0.138092,2.66178,-0.128967,-0.400583,nan,nan,0,0.181356,-0.0620313,-0.303802,-2.27106,0.0406779,-0.0946423,nan,nan,0,0.145746,0.281969,0.00920582,0.65934,0.382873,0.326458,nan,nan,0,-0.595962,0.76077,-3.04109,-13.0647,0.192019,0.264771,nan,nan,0,-0.109966,-0.241141,-0.159957,-0.698783,-0.264983,nan,-0.59456,-0.580629,1,-0.330858,-0.00106184,-2.98399,-1.3485,-0.165429,nan,-0.455024,-0.545878,1,0,0.966428,-0.009521,0.032244,0.254727,0.358304,0.164747,-0.333533,-0.304409,0.588682,9.70616
1787645127478136069,0.433565,-0.901122,0.58333,0.399994,0.4,-0,-0.0303989,0.00138056,0.0689662,0.512092,0.364182,0.17493,-0.315989,-0.64331,0.39491,-0.892995,-10.1343,0.0783452,-0.0647282,nan,nan,0,0.788425,0.00527287,0.672048,-9.98779,0.444212,0.0318855,nan,nan,0,0.35585,-0.234223,0.530887,-5.68987,-0.132075,-0.280698,nan,nan,0,-0.149321,0.508427,-0.377452,-8.03419,0.415339,0.421731,nan,nan,0,0.67009,-0.261985,-0.404342,10.2265,0.125045,nan,14.1526,12.8909,1,0.0691232,0.117423,-0.0757577,4.53704,0.0345616,nan,-2.37221,1.79359,1,0.86059,-0.717818,0.0828552,6.17827,0.0302952,-0.263639,nan,nan,0,0.551046,-0.0649076,-0.242428,-1.39194,0.225523,-0.0352845,nan,nan,0,0.30399,0.282736,0.09513,1.14774,0.461995,0.355539,nan,nan,0,-0.519458,0.724338,-3.4523,-14.7741,0.230271,0.208661,nan,nan,0,-0.0518921,-0.2431,-0.190212,-0.623366,-0.235946,nan,0.535711,-0.510974,1,-0.457625,-0.034955,-3.05453,-0.592083,-0.228812,nan,-1.23393,-0.0479094,1,0,0.966829,-0.008064,0.033527,0.253084,0.364182,0.17493,-0.315989,-0.717863,0.272983,9.17671
1787645127486331792,0.334184,-0.942508,0.58333,0.399994,0.4,-0,-0.0303989,0.0049442,0.0706359,0.509353,0.382828,0.153463,-0.225061,-0.236148,0.387432,-0.966643,-8.91331,0.281926,-0.0149624,nan,nan,0,0.876126,0.0114088,0.807072,-4.32234,0.488063,0.252866,nan,nan,0,0.371238,-0.229046,0.708872,-4.27351,-0.124381,-0.197651,nan,nan,0,-0.0354015,0.505934,-0.28539,-7.88766,0.472299,0.423532,nan,nan,0,0.468612,-0.264169,-0.212704,11.6198,0.0243061,nan,10.4157,14.0489,1,-0.0644706,0.113916,-0.599161,2.8508,-0.0322353,nan,-3.4858,-0.437011,1,1.20723,-0.716284,0.248566,8.76679,0.203614,-0.1116,nan,nan,0,1.1661,-0.0666332,-0.187191,-0.805862,0.533048,0.0775256,nan,nan,0,0.696969,0.28427,0.23629,1.39194,0.658485,0.402315,nan,nan,0,-0.476225,0.695,-3.76531,-10.9646,0.251888,0.199286,nan,nan,0,0.064857,-0.24279,-0.215441,-0.430873,-0.177572,nan,2.6058,-0.174031,1,-0.654593,-0.0565344,-3.03722,-0.474151,-0.327297,nan,-3.56704,-0.23313,1,0,0.96716,-0.006505,0.034794,0.25169,0.382828,0.153463,-0.225061,-0.504373,0.164884,7.9574
1787645127496233286,0.230931,-0.97297,0.58333,0.399994,0.4,-0,-0.0303989,0.00896845,0.0721753,0.507531,0.456697,0.158299,-0.133589,0.175925,0.377269,-1.04029,-6.03175,0.487963,0.109935,nan,nan,0,0.691211,0.0208054,1.00961,-0.0244217,0.395606,0.415163,nan,nan,0,0.183258,-0.220034,0.991194,-2.90598,-0.218371,-0.142781,nan,nan,0,0.24001,0.503825,-0.193328,-7.54578,0.610005,0.438782,nan,nan,0,0.164663,-0.264557,0.197801,12.0056,-0.127668,nan,4.4944,13.0671,1,-0.0538049,0.103794,-1.39821,0.524336,-0.0269025,nan,-1.82358,-2.0454,1,1.6037,-0.711874,0.518612,11.9414,0.40185,0.052311,nan,nan,0,1.73072,-0.0677838,-0.0828552,2.95483,0.81536,0.278766,nan,nan,0,1.0609,0.288297,0.5002,2.12454,0.840451,0.507521,nan,nan,0,-0.46039,0.658951,-4.07832,-10.0366,0.259805,0.219352,nan,nan,0,0.213165,-0.246363,-0.23142,-0.0446296,-0.103417,nan,5.35024,0.940215,1,-0.787551,-0.0895316,-2.9153,-0.472694,-0.393776,nan,-4.75437,-1.39187,1,0,0.967374,-0.00472,0.036049,0.250728,0.456697,0.158299,-0.133589,-0.378637,0.485972,7.58042
1787645127506219885,0.125001,-0.992157,0.58333,0.399994,0.4,-0,-0.0303989,0.0141234,0.073931,0.506889,0.577282,0.159437,-1.23046e-05,0.513351,0.36634,-1.07712,-2.61295,0.656676,0.292673,nan,nan,0,0.251173,0.0325017,1.2551,7.15507,0.175586,0.460056,nan,nan,0,-0.0601543,-0.208529,1.19987,-2.46642,-0.340077,-0.15121,nan,nan,0,0.342494,0.502482,-0.113543,-5.88522,0.661247,0.503967,nan,nan,0,-0.0747408,-0.258876,0.699124,11.4332,-0.24737,nan,-0.646007,9.38941,1,0.0384132,0.0811878,-2.38463,-1.02873,0.0192066,nan,1.71751,-2.16975,1,1.82127,-0.704396,0.868444,14.7253,0.510637,0.231655,nan,nan,0,1.89719,-0.0672083,0.125817,9.74359,0.898595,0.545329,nan,nan,0,1.16258,0.295967,0.942094,3.7851,0.891288,0.66698,nan,nan,0,-0.33258,0.612356,-4.29926,-5.0061,0.32371,0.243022,nan,nan,0,0.335864,-0.24772,-0.214583,0.995123,-0.0420682,nan,7.51969,2.9276,1,-0.814242,-0.118123,-2.93558,-1.198,-0.407121,nan,-4.26657,-2.98732,1,0,0.967434,-0.002435,0.037545,0.25031,0.577282,0.159437,-1.23046e-05,-0.991823,1.0221,6.68565
1787645127516215558,0.0176221,-0.999845,0.58333,0.399994,0.4,-0,-0.134208,0.0211006,0.0757173,0.507187,0.778451,0.1496,0.020284,0.804007,0.354642,-1.08325,0.122101,0.802003,0.488792,nan,nan,0,-0.0497585,0.0486083,1.57425,11.3553,0.0251208,0.367224,nan,nan,0,-0.286095,-0.19664,0.991194,-2.36874,-0.453048,-0.226281,nan,nan,0,0.391311,0.501907,-0.00306892,-1.63614,0.685656,0.588909,nan,nan,0,-0.177904,-0.251093,0.591575,10.6614,-0.298952,nan,-2.56242,4.23092,1,0.0823169,0.0529963,-2.23123,-3.36472,0.0411585,nan,2.99171,-0.476751,1,1.7977,-0.691932,1.28579,17.0208,0.498851,0.394695,nan,nan,0,1.75607,-0.0631819,0.518612,20.928,0.828033,0.770429,nan,nan,0,0.987503,0.314183,2.02842,6.12943,0.803751,0.807763,nan,nan,0,-0.228865,0.567677,-3.6487,-33.8706,0.375568,0.277983,nan,nan,0,0.415961,-0.240671,1.40042,-6.38684,-0.00201943,nan,6.25218,5.14057,1,-0.777217,-0.14184,-1.39089,-6.58723,-0.388609,nan,-5.31673,-4.05112,1,0,0.967369,0.00071,0.039282,0.250304,0.778451,0.1496,0.020284,-1.43694,2.18725,6.04056
1787645127526219042,-0.0899609,-0.995945,0.58333,0.399995,0.4,-0,-0.134208,0.0293695,0.0773932,0.507238,0.234984,-0.186237,0.0517882,1.10316,0.345055,-0.886857,2.5641,0.951578,0.667039,nan,nan,0,-0.117815,0.0635653,1.41468,11.2576,-0.00890769,0.200989,nan,nan,0,-0.486188,-0.19223,0.0767183,-0.610504,-0.553094,-0.33772,nan,nan,0,0.535832,0.5044,0.377452,-0.561661,0.757916,0.653403,nan,nan,0,-0.150076,-0.253355,-0.488822,7.53699,-0.285038,nan,-0.375679,0.0589506,1,0.0584519,0.0431383,-0.647651,-2.45126,0.0292259,nan,0.554107,1.35138,1,1.30079,-0.675633,1.83816,17.2161,0.250395,0.487199,nan,nan,0,2.13468,-0.0572376,0.622948,34.6032,1.01734,0.865967,nan,nan,0,0.946906,0.334126,1.85657,10.8669,0.783453,0.85473,nan,nan,0,-0.167444,0.543517,-2.38439,-26.5446,0.406278,0.326011,nan,nan,0,0.19744,-0.208063,4.17591,-3.57225,-0.11128,nan,-2.87647,5.64983,1,-0.96486,-0.130895,1.80432,-8.54405,-0.48243,nan,-13.2525,-5.35936,1,0,0.967324,0.004498,0.041127,0.250144,0.234984,-0.186237,0.0517882,-2.86005,1.59283,11.3431
1787645127536520604,-0.196501,-0.980504,0.58333,0.399995,0.4,-0,-0.134208,0.0223133,0.0728149,0.51318,-0.598106,-0.010152,1.06192,1.06474,0.338152,-0.727284,8.62027,0.932369,0.825675,nan,nan,0,0.0488951,0.0752621,1.3042,3.00366,0.0744476,0.0628327,nan,nan,0,-0.371079,-0.1999,-1.04643,-0.170937,-0.495539,-0.454196,nan,nan,0,0.559168,0.508235,0.457238,8.71795,0.769584,0.708563,nan,nan,0,-0.0706402,-0.259559,-0.829365,0.850162,-0.24532,nan,1.7424,-1.25043,1,-0.0651107,0.042697,0.196765,0.25707,-0.0325553,nan,-2.55272,1.42022,1,1.38142,-0.655499,2.37211,16.9231,0.290709,0.434714,nan,nan,0,2.83828,-0.0512934,0.702735,31.1355,1.36914,0.932915,nan,nan,0,2.08054,0.348506,1.54356,11.5995,1.35027,0.835713,nan,nan,0,-0.234295,0.527026,-1.71541,-10.8669,0.372853,0.37208,nan,nan,0,0.368628,-0.16332,5.42941,1.70679,-0.0256861,nan,-3.32694,2.11778,1,-1.33344,-0.101634,3.17164,-7.08708,-0.666721,nan,-21.71,-9.13925,1,0,0.966662,0.001547,0.038035,0.253207,-0.598106,-0.010152,1.06192,-2.01915,1.83341,28.9189
1787645127546529146,-0.300765,-0.953698,0.58333,0.399995,0.4,-0,-0.134208,0.0268432,0.0787459,0.51998,0.871629,0.678238,0.108059,1.42116,0.332592,-0.494062,13.3577,1.11058,0.920603,nan,nan,0,0.097161,0.0867672,1.10781,-0.0244217,0.0985805,0.0209706,nan,nan,0,-0.646581,-0.211789,-1.35944,-2.66178,-0.63329,-0.512959,nan,nan,0,0.623523,0.513987,0.604536,13.2112,0.801761,0.750223,nan,nan,0,-0.28007,-0.267797,-0.828939,-0.821512,-0.350035,nan,-1.63493,-0.311839,1,0.104014,0.0478604,0.468844,0.898551,0.0520071,nan,-0.578866,-0.250647,1,1.99406,-0.628654,2.82628,19.072,0.59703,0.344784,nan,nan,0,2.45461,-0.0426641,0.960506,30.3541,1.1773,1.10491,nan,nan,0,1.29448,0.365572,1.90567,8.18071,0.957238,0.988811,nan,nan,0,-0.104214,0.509577,-1.56197,-2.85714,0.437893,0.38945,nan,nan,0,0.90501,-0.112144,5.62319,3.85185,0.242505,nan,3.97793,-2.0612,1,-1.04654,-0.0755172,2.89811,-8.81012,-0.523268,nan,-17.7797,-15.2716,1,0,0.965692,0.002842,0.041484,0.256338,0.871629,0.678238,0.108059,-1.60122,4.25108,7.9381
1787645127556525490,-0.401543,-0.91584,0.58333,0.399995,0.4,-0,-0.134208,0.0367116,0.0839777,0.519898,0.840577,0.220981,0.0585983,1.39639,0.329331,-0.224015,13.9927,1.09819,1.00748,nan,nan,0,0.264549,0.0975051,1.07098,-4.37119,0.182275,0.0452269,nan,nan,0,-0.631596,-0.228662,-1.73996,-3.58974,-0.625798,-0.56347,nan,nan,0,0.300651,0.521657,0.880719,10.0366,0.640326,0.780015,nan,nan,0,-0.271509,-0.275983,-0.839614,-0.384208,-0.345755,nan,-1.18259,-0.0962562,1,0.0365745,0.0548137,0.67064,-0.210149,0.0182872,nan,-2.10175,-1.29631,1,2.06712,-0.598357,3.04109,17.0696,0.633559,0.395962,nan,nan,0,1.26228,-0.0313511,1.18145,40.6105,0.581142,1.2134,nan,nan,0,0.626246,0.3905,2.6483,12.0391,0.623123,1.07584,nan,nan,0,-0.16338,0.495579,-1.5497,-0.854698,0.40831,0.40658,nan,nan,0,1.12055,-0.0631951,4.19207,6.9562,0.350274,nan,8.18331,-1.61383,1,-0.809482,-0.0464384,3.18564,-17.2811,-0.404741,nan,-15.5275,-18.8256,1,0,0.965586,0.006935,0.045273,0.256017,0.840577,0.220981,0.0585983,-5.12888,9.25171,4.9891
1787645127566281445,-0.497667,-0.867368,0.58333,0.399995,0.4,-0,-0.201826,0.0434178,0.0859823,0.521616,0.181854,-0.562325,0.138441,1.33401,0.328948,0.0214815,17.4603,1.06701,1.07542,nan,nan,0,0.269238,0.107284,0.942094,-2.3199,0.184619,0.104708,nan,nan,0,-0.651315,-0.244578,-1.65403,-4.27351,-0.635658,-0.607815,nan,nan,0,0.389971,0.534696,1.27965,8.81563,0.684985,0.745575,nan,nan,0,-0.119042,-0.284129,-0.82316,-0.683484,-0.269521,nan,1.74604,-0.591076,1,-0.028383,0.0601767,0.398106,-0.819723,-0.0141915,nan,-2.8282,-1.74095,1,0.719629,-0.568444,2.92448,25.0305,-0.0401854,0.51799,nan,nan,0,1.25528,-0.0194631,1.10167,50.525,0.57764,1.02799,nan,nan,0,0.48496,0.418879,2.501,11.9902,0.55248,0.92959,nan,nan,0,-0.178599,0.479472,-1.43309,1.78266,0.400701,0.416563,nan,nan,0,0.450031,-0.0388636,1.57796,6.6522,0.0150153,nan,-0.481175,2.89117,1,-1.08073,-0.0124186,3.06615,-18.1853,-0.540366,nan,-20.4376,-18.624,1,0,0.965302,0.009874,0.047107,0.256661,0.181854,-0.562325,0.138441,-6.89827,-5.03597,4.03683
1787645127576423929,-0.588023,-0.808844,0.58333,0.399995,0.4,-0,-0.201826,0.0419385,0.0784577,0.521859,-0.310733,-0.497782,0.113009,1.21072,0.330482,0.199466,19.4628,1.00536,1.09291,nan,nan,0,-0.0687678,0.117064,0.923681,-3.39439,0.0156161,0.157845,nan,nan,0,-0.561219,-0.267205,-2.26164,-2.95483,-0.59061,-0.63059,nan,nan,0,0.671188,0.548886,1.53742,3.88278,0.825594,0.700097,nan,nan,0,-0.0219508,-0.292406,-0.792664,-0.557106,-0.220975,nan,3.68906,-0.00743132,1,0.0430431,0.0637455,0.0756845,-1.31279,0.0215215,nan,-1.38025,-2.19035,1,-0.279841,-0.537572,2.83242,22.149,-0.53992,0.384344,nan,nan,0,2.09714,-0.00968313,0.819346,40.3663,0.998571,0.762122,nan,nan,0,0.4958,0.442081,2.26164,7.15507,0.5579,0.719736,nan,nan,0,-0.00507063,0.465666,-1.63562,10.9646,0.487465,0.412645,nan,nan,0,0.0890786,-0.032788,-0.0539741,8.64368,-0.165461,nan,-4.56258,4.29712,1,-1.11614,0.0116097,1.77102,-16.4727,-0.558068,nan,-19.7468,-18.668,1,0,0.965407,0.010127,0.043288,0.256929,-0.310733,-0.497782,0.113009,-0.147254,-2.89843,16.3805
1787645127586355612,-0.671565,-0.740945,0.583331,0.399995,0.4,-0,-0.201826,0.0397623,0.0730469,0.52462,0.0389197,-0.425991,0.402106,1.22257,0.33355,0.383589,18.2906,1.01129,1.06433,nan,nan,0,-0.125772,0.126268,0.935957,-2.27106,-0.012886,0.128936,nan,nan,0,-0.397906,-0.289064,-2.21254,-3.00366,-0.508953,-0.623786,nan,nan,0,0.881159,0.563459,1.6479,0.708183,0.93058,0.727565,nan,nan,0,-0.039011,-0.298569,-0.786095,-0.127113,-0.229505,nan,3.59638,1.6639,1,0.045874,0.0585078,-0.399705,-1.52754,0.022937,nan,-0.467567,-1.9984,1,0.00530209,-0.510344,2.75263,15.8486,-0.397349,-0.020029,nan,nan,0,2.39233,-0.00393057,0.481788,34.359,1.14617,0.743653,nan,nan,0,0.870908,0.458955,1.49446,2.95483,0.745454,0.588293,nan,nan,0,-0.111386,0.444957,-1.80747,11.16,0.434307,0.433904,nan,nan,0,0.321116,-0.0408847,-0.820343,6.74593,-0.0494418,nan,0.931016,1.34585,1,-1.20248,0.0190783,0.413742,-16.1191,-0.601239,nan,-19.2301,-19.1292,1,0,0.965146,0.00972,0.040411,0.258387,0.0389197,-0.425991,0.402106,2.5798,-1.69348,9.78568
1787645127596412323,-0.747324,-0.66446,0.583331,0.399995,0.4,-0,-0.201826,0.04072,0.0670203,0.530411,0.141503,-0.488742,0.876915,1.17321,0.338536,0.616811,14.3346,0.986603,1.03014,nan,nan,0,-0.00586132,0.135664,1.02802,-2.75946,0.0470693,0.056826,nan,nan,0,-0.423783,-0.309773,-2.2064,-2.5641,-0.521891,-0.579212,nan,nan,0,0.768535,0.578799,1.68472,1.92918,0.874267,0.816673,nan,nan,0,-0.0969214,-0.304862,-0.674673,1.33597,-0.258461,nan,2.63606,3.07013,1,0.00866549,0.0520695,-0.821201,-1.34836,0.00433275,nan,-0.200301,-1.18106,1,0.348529,-0.4858,2.59306,9.05983,-0.225736,-0.328301,nan,nan,0,1.77158,-0.00067091,0.340627,29.475,0.835789,0.912299,nan,nan,0,1.10789,0.468159,0.807072,2.02686,0.863947,0.602601,nan,nan,0,-0.256421,0.429809,-1.81975,12.674,0.36179,0.448052,nan,nan,0,0.457222,-0.0530818,-1.67029,4.77906,0.0186109,nan,5.01468,-0.18419,1,-1.25962,0.0124795,-1.30009,-16.6228,-0.629809,nan,-17.3185,-18.9416,1,0,0.964475,0.010856,0.037659,0.261248,0.141503,-0.488742,0.876915,3.20093,-0.934998,7.30275
1787645127606249738,-0.814422,-0.580273,0.583331,0.399995,0.4,-0,-0.201826,0.0431142,0.0615784,0.541604,0.307916,-0.250559,1.28517,0.973501,0.346781,0.874582,12.6252,0.886751,1.00424,nan,nan,0,0.117432,0.145251,0.911407,-2.95483,0.108716,0.0245144,nan,nan,0,-0.443311,-0.330099,-1.96704,-0.757019,-0.531656,-0.537913,nan,nan,0,0.483465,0.597974,1.75223,6.56898,0.731733,0.875935,nan,nan,0,-0.19931,-0.311228,-0.478478,1.78992,-0.309655,nan,0.77279,3.35852,1,-0.0370219,0.0452271,-1.15562,-1.06677,-0.0185109,nan,-0.178714,-0.377418,1,0.658592,-0.461639,2.28619,2.66178,-0.0707039,-0.381218,nan,nan,0,1.20368,0.00354719,0.475651,31.1355,0.551841,0.967136,nan,nan,0,1.35767,0.471802,0.217878,4.85959,0.988836,0.715449,nan,nan,0,-0.343096,0.411017,-1.57425,9.79243,0.318452,0.421013,nan,nan,0,0.714861,-0.0775842,-2.66902,4.65421,0.14743,nan,11.879,1.75797,1,-1.26544,-0.012259,-2.71292,-16.7775,-0.632718,nan,-14.5444,-17.8135,1,0,0.963053,0.012527,0.035419,0.266676,0.307916,-0.250559,1.28517,3.90924,-3.24342,6.81137
1787645127616510742,-0.872081,-0.489361,0.583331,0.399995,0.4,-0,-0.537509,0.04566,0.0578861,0.553452,0.16253,-0.218679,1.0562,0.889759,0.356944,1.08325,13.6996,0.844879,0.956644,nan,nan,0,0.238277,0.152921,0.684322,-2.17339,0.169139,0.0479837,nan,nan,0,-0.490486,-0.34889,-1.81361,0.21978,-0.555243,-0.523184,nan,nan,0,0.266315,0.616574,1.91181,8.71795,0.623158,0.842903,nan,nan,0,-0.160978,-0.313414,-0.250268,2.39331,-0.290489,nan,1.17776,2.41367,1,-0.103584,0.0309394,-1.32631,-0.268145,-0.051792,nan,-0.492479,0.102268,1,0.557265,-0.44093,1.97932,1.73382,-0.121367,-0.267018,nan,nan,0,0.998887,0.0104504,0.770247,31.8681,0.449444,0.823012,nan,nan,0,1.26431,0.474679,0.420414,7.10622,0.942157,0.856751,nan,nan,0,-0.306648,0.398746,-1.3042,6.12943,0.336676,0.371137,nan,nan,0,0.605559,-0.108296,-3.51064,4.2747,0.0927796,nan,12.3036,6.59083,1,-1.23665,-0.0415895,-3.48824,-16.9711,-0.618326,nan,-12.0697,-15.8172,1,0,0.961481,0.014046,0.034065,0.272387,0.16253,-0.218679,1.0562,0.26639,-0.038775,8.55995
1787645127626340310,-0.919633,-0.392778,0.583331,0.399996,0.4,-0,-0.537509,0.046774,0.0549589,0.561498,-0.0421969,-0.28673,0.568227,0.951429,0.368449,1.19373,11.8437,0.875714,0.897003,nan,nan,0,0.379357,0.15714,0.316077,-0.854698,0.239678,0.103502,nan,nan,0,-0.513105,-0.365764,-1.69086,0.463982,-0.566552,-0.531482,nan,nan,0,0.304642,0.636516,2.04683,3.10134,0.642321,0.7447,nan,nan,0,-0.116953,-0.313502,-0.0109335,1.50408,-0.268477,nan,1.59228,1.42776,1,-0.102907,0.0168115,-1.28505,-0.0977064,-0.0514536,nan,-0.120376,0.121716,1,0.412312,-0.423673,1.63562,4.81075,-0.193844,-0.158968,nan,nan,0,1.24486,0.0181208,0.751834,31.7216,0.572432,0.621039,nan,nan,0,0.986167,0.480623,0.592261,12.0391,0.803084,0.940833,nan,nan,0,-0.257442,0.388199,-0.942094,1.24542,0.361279,0.338977,nan,nan,0,0.459847,-0.142993,-3.3819,3.51294,0.0199237,nan,10.7749,10.9739,1,-1.21256,-0.078348,-2.83317,-17.9833,-0.606279,nan,-11.5882,-13.4918,1,0,0.9604,0.01485,0.03287,0.276278,-0.0421969,-0.28673,0.568227,-2.19897,-2.85496,9.77537
1787645127636402858,-0.956527,-0.291643,0.583331,0.399996,0.4,-0,-0.537509,0.0453592,0.0507336,0.566769,-0.221045,-0.520411,0.64943,0.813283,0.381871,1.24897,11.2088,0.806642,0.866629,nan,nan,0,0.206202,0.158674,0.0644436,1.14774,0.153101,0.172167,nan,nan,0,-0.477793,-0.386089,-1.89953,2.36874,-0.548896,-0.54887,nan,nan,0,0.393624,0.658567,2.00387,-4.61539,0.686812,0.667138,nan,nan,0,-0.0879502,-0.311486,0.160378,1.07952,-0.253975,nan,1.77231,1.11853,1,-0.065092,0.00284281,-1.06425,0.0225567,-0.032546,nan,0.534713,0.00441399,1,-0.034466,-0.407757,1.40854,5.64103,-0.417233,-0.138211,nan,nan,0,1.29327,0.0231061,0.279252,30.1099,0.596634,0.527248,nan,nan,0,0.879721,0.484074,0.230153,15.5556,0.74986,0.916575,nan,nan,0,-0.245254,0.382063,-0.402001,-8.42491,0.367373,0.338033,nan,nan,0,0.243143,-0.167595,-1.60129,4.45922,-0.0884287,nan,5.17275,12.2368,1,-1.16706,-0.0942512,-0.5722,-15.3118,-0.583532,nan,-13.8201,-12.2792,1,0,0.959719,0.014676,0.030685,0.278893,-0.221045,-0.520411,0.64943,0.135778,0.163569,12.156
1787645127646254739,-0.982336,-0.187127,0.583331,0.399996,0.4,-0,-0.537509,0.0432607,0.0449572,0.573394,-0.161011,-0.487286,0.58791,0.613769,0.394719,1.31034,9.30403,0.706884,0.841012,nan,nan,0,-0.00657798,0.158865,0.0153437,1.14774,0.046711,0.193787,nan,nan,0,-0.343236,-0.402389,-1.44536,0.561661,-0.481618,-0.555929,nan,nan,0,0.378611,0.676975,1.73996,-6.86203,0.679306,0.650468,nan,nan,0,-0.0672123,-0.309431,0.252887,0.770986,-0.243606,nan,1.92453,1.27819,1,-0.030921,-0.00575267,-0.915034,-0.164384,-0.0154605,nan,1.08132,0.124329,1,-0.477752,-0.394144,1.37171,2.85714,-0.638876,-0.233827,nan,nan,0,1.12633,0.0232978,-0.0398932,21.0745,0.513163,0.534404,nan,nan,0,0.828356,0.485416,0.138092,13.1136,0.724178,0.837269,nan,nan,0,-0.215204,0.380529,-0.0705805,-6.66666,0.382398,0.351296,nan,nan,0,0.08223,-0.171727,-0.0291814,6.63412,-0.168885,nan,0.143235,9.59093,1,-1.0683,-0.096006,-0.268519,-12.4627,-0.53415,nan,-12.7415,-12.728,1,0,0.958853,0.014386,0.027669,0.282182,-0.161011,-0.487286,0.58791,1.71236,3.97177,14.5806
1787645127656315950,-0.996759,-0.0804427,0.583331,0.399996,0.4,-0,-0.537509,0.0446299,0.0414912,0.576754,0.357696,-0.177521,0.119759,0.744046,0.408333,1.37785,8.27839,0.772023,0.785501,nan,nan,0,0.053593,0.159441,0.138092,-1.73382,0.0767965,0.144417,nan,nan,0,-0.393679,-0.412168,-0.739559,-2.66178,-0.50684,-0.532342,nan,nan,0,0.32208,0.691932,1.39626,-9.49939,0.65104,0.661843,nan,nan,0,-0.0902162,-0.307342,0.331474,0.770978,-0.255108,nan,1.33097,1.56821,1,-0.00226662,-0.013353,-0.833225,-0.0225474,-0.00113331,nan,1.61643,0.539447,1,-0.295135,-0.380146,1.37785,0.0732574,-0.547567,-0.419545,nan,nan,0,0.865776,0.0231061,0.0153437,18.9255,0.382888,0.5394,nan,nan,0,0.531516,0.490402,0.696597,7.30159,0.575758,0.766114,nan,nan,0,-0.185611,0.380529,0.0153437,-3.98046,0.397194,0.367384,nan,nan,0,0.183101,-0.163331,0.842415,6.71792,-0.118449,nan,0.30722,4.64256,1,-1.03418,-0.0985243,-0.784459,-11.8993,-0.517092,nan,-11.3804,-13.0116,1,0,0.958393,0.015489,0.026227,0.283821,0.357696,-0.177521,0.119759,-0.328533,3.96629,8.62254
1787645127666298079,-0.999631,0.0271741,0.583331,0.399996,0.4,-0,-0.19226,0.0504694,0.0408701,0.576204,0.56147,-0.33468,-0.18912,0.864973,0.422139,1.42081,6.61783,0.832487,0.754518,nan,nan,0,0.173689,0.161933,0.279252,-2.02686,0.136844,0.0940982,nan,nan,0,-0.342224,-0.415236,-0.193328,-3.15018,-0.481112,-0.509709,nan,nan,0,0.361698,0.703436,1.10167,-6.03175,0.670849,0.66408,nan,nan,0,-0.0475001,-0.303186,0.43281,1.15807,-0.23375,nan,1.78103,1.57852,1,-0.0416864,-0.0217879,-0.732285,0.166959,-0.0208432,nan,1.12677,1.09965,1,-0.394555,-0.367106,1.31648,-2.61295,-0.597277,-0.543424,nan,nan,0,0.531897,0.0234895,0.0705805,19.1697,0.215949,0.484885,nan,nan,0,0.0830501,0.500757,1.15077,3.68742,0.351525,0.679276,nan,nan,0,-0.27686,0.380912,0.0521679,-2.90598,0.35157,0.38342,nan,nan,0,0.0396038,-0.156976,0.863789,4.88884,-0.190198,nan,-2.45847,1.00018,1,-0.953624,-0.115672,-1.56794,-12.4033,-0.476812,nan,-8.4823,-12.2277,1,0,0.958425,0.018383,0.026753,0.283489,0.56147,-0.33468,-0.18912,-4.43762,3.14071,4.35386
1787645127676365857,-0.990917,0.134476,0.583331,0.399996,0.4,-0,-0.19226,0.0543608,0.0373312,0.573873,0.141391,-0.467504,-0.157048,0.757619,0.43652,1.43923,5.68987,0.778809,0.775167,nan,nan,0,0.0668269,0.164042,0.168778,-0.757019,0.0834134,0.0927245,nan,nan,0,-0.227401,-0.418495,-0.389727,-1.24542,-0.423701,-0.494278,nan,nan,0,0.484323,0.711874,0.874582,-9.40171,0.732162,0.664776,nan,nan,0,0.0430004,-0.296971,0.568308,1.39448,-0.1885,nan,2.94403,1.54577,1,-0.0160269,-0.0296623,-0.548769,0.68584,-0.00801345,nan,1.47262,1.32007,1,-0.833209,-0.354834,1.14463,-3.98046,-0.816604,-0.592309,nan,nan,0,0.518346,0.0244484,0.09513,17.4115,0.209173,0.366929,nan,nan,0,-0.153181,0.511494,0.935957,1.92918,0.233409,0.533799,nan,nan,0,-0.254487,0.382063,0.11968,-2.0757,0.362757,0.379303,nan,nan,0,-0.166668,-0.148351,0.423827,3.56345,-0.293334,nan,-5.71016,-1.16715,1,-0.870962,-0.124679,-1.51855,-12.704,-0.435481,nan,-7.04625,-10.4547,1,0,0.958737,0.020781,0.025585,0.282375,0.141391,-0.467504,-0.157048,-3.18847,-2.0198,4.45666
1787645127686388906,-0.970719,0.240219,0.583331,0.399996,0.4,-0,-0.19226,0.0537572,0.0324014,0.573096,-0.237755,-0.572353,0.0325393,0.480928,0.451093,1.43923,4.71307,0.640464,0.7907,nan,nan,0,-0.0521953,0.163851,-0.113543,0.952377,0.0239024,0.0966444,nan,nan,0,-0.092746,-0.424823,-0.757972,0.317459,-0.356373,-0.465184,nan,nan,0,0.482858,0.719352,0.678185,-7.20391,0.731429,0.687893,nan,nan,0,0.00367979,-0.292784,0.641571,1.47282,-0.20816,nan,1.99947,1.97146,1,0.0538161,-0.0311308,-0.32036,0.780426,0.0269081,nan,2.22171,1.34128,1,-1.17626,-0.344863,0.935957,-5.9829,-0.98813,-0.678428,nan,nan,0,0.677509,0.0246401,-0.0276184,13.9927,0.288754,0.261669,nan,nan,0,-0.100795,0.515713,0.14423,0.561661,0.259603,0.370039,nan,nan,0,-0.245749,0.383597,0.181053,-2.66178,0.367125,0.368261,nan,nan,0,-0.319204,-0.150212,-0.305676,1.27069,-0.369602,nan,-7.22015,-3.23619,1,-0.749307,-0.139323,-0.864791,-11.0582,-0.374653,nan,-5.76274,-8.60076,1,0,0.958875,0.021199,0.023129,0.282086,-0.237755,-0.572353,0.0325393,-1.97796,-1.49247,7.83674
1787645127696630932,-0.93927,0.343179,0.583331,0.399996,0.4,-0,-0.19226,0.0505817,0.027188,0.574175,-0.36325,-0.464306,0.302758,0.293985,0.465475,1.43923,5.25031,0.546993,0.743376,nan,nan,0,-0.0586319,0.161742,-0.21174,-0.0732574,0.020684,0.0716951,nan,nan,0,-0.00798218,-0.435369,-1.04029,2.8083,-0.313991,-0.415618,nan,nan,0,0.192561,0.725104,0.469513,-3.5409,0.58628,0.714795,nan,nan,0,-0.0959292,-0.286576,0.725813,1.51119,-0.257965,nan,-0.0873223,2.17901,1,0.0986541,-0.0314421,-0.00218151,0.710038,0.0493271,nan,2.42635,1.57297,1,-1.08802,-0.337002,0.708872,-9.84127,-0.944009,-0.82331,nan,nan,0,0.5646,0.0238729,-0.0828552,10.232,0.2323,0.235898,nan,nan,0,0.042114,0.511494,-0.604536,-1.78266,0.331057,0.271423,nan,nan,0,-0.15454,0.386089,0.242428,-4.0293,0.41273,0.364384,nan,nan,0,-0.261551,-0.158348,-0.890272,-1.31754,-0.340775,nan,-5.04954,-5.19077,1,-0.605771,-0.146261,-0.355112,-8.86256,-0.302885,nan,-4.16606,-7.10725,1,0,0.958774,0.020403,0.020193,0.282714,-0.36325,-0.464306,0.302758,-1.44136,3.42017,7.38517
1787645127706325859,-0.896936,0.442161,0.583331,0.399996,0.4,-0,-0.19226,0.0482821,0.0235356,0.578591,-0.232509,-0.382576,0.553278,0.116623,0.478513,1.45764,4.46886,0.458312,0.650434,nan,nan,0,-0.0389717,0.159632,-0.242428,-0.952377,0.0305142,0.0410058,nan,nan,0,0.109088,-0.442273,-0.622948,2.90598,-0.255456,-0.360381,nan,nan,0,-0.203199,0.728172,0.346765,-2.27106,0.3884,0.681863,nan,nan,0,-0.123797,-0.278352,0.852394,1.62956,-0.271898,nan,-1.0527,1.37289,1,0.134827,-0.0301972,0.367087,1.06345,0.0674135,nan,2.37769,1.91641,1,-0.844434,-0.332016,0.481788,-13.5531,-0.822217,-0.925296,nan,nan,0,-0.0333612,0.0227227,-0.11968,9.35287,-0.0666806,0.23665,nan,nan,0,0.0302347,0.500757,-1.42081,-1.63614,0.325117,0.264821,nan,nan,0,-0.0765782,0.388582,0.273115,-4.66422,0.451711,0.379724,nan,nan,0,-0.188345,-0.166393,-1.39986,-2.80747,-0.304173,nan,-2.7225,-5.72564,1,-0.449668,-0.143681,-0.131529,-7.58714,-0.224834,nan,-2.2373,-5.69583,1,0,0.95818,0.019778,0.018161,0.284902,-0.232509,-0.382576,0.553278,-1.02295,1.57497,6.80563
1787645127716515058,-0.844206,0.536019,0.583331,0.399996,0.4,-0,-0.390445,0.0463604,0.0200141,0.584244,-0.263829,-0.36168,0.628872,0.130925,0.494237,1.4515,0.903542,0.465462,0.547909,nan,nan,0,-0.212081,0.156948,-0.266977,-2.8083,-0.0560406,0.0265013,nan,nan,0,0.290351,-0.443998,0.00306892,2.95483,-0.164824,-0.304778,nan,nan,0,-0.567382,0.730857,0.193329,-3.63858,0.206309,0.56185,nan,nan,0,-0.346805,-0.270114,0.92352,1.20323,-0.383403,nan,-5.35039,0.0466766,1,0.169918,-0.020808,0.797832,1.27427,0.084959,nan,1.97626,2.07153,1,-0.662351,-0.328948,0.205604,-14.0904,-0.731176,-0.919515,nan,nan,0,-0.72261,0.0217638,-0.046031,5.88522,-0.411305,0.136596,nan,nan,0,-0.0724129,0.481773,-1.80747,-0.366302,0.273794,0.293858,nan,nan,0,-0.0932012,0.391651,0.346765,-6.56898,0.443399,0.412416,nan,nan,0,-0.192553,-0.189004,-2.08164,-3.02663,-0.306277,nan,-0.982062,-4.4319,1,-0.220627,-0.149929,-0.000612424,-5.82425,-0.110313,nan,1.18939,-4.01859,1,0,0.957396,0.019314,0.016255,0.287671,-0.263829,-0.36168,0.628872,-2.24438,1.91883,5.77509
1787645127726348490,-0.781692,0.623664,0.583331,0.399996,0.4,-0,-0.390445,0.0439795,0.0171183,0.591305,-0.264775,-0.203808,0.752984,0.166666,0.508618,1.4024,-2.3199,0.483333,0.481094,nan,nan,0,-0.508524,0.15388,-0.322214,-3.24786,-0.204262,-0.00355817,nan,nan,0,0.460091,-0.441505,0.389727,3.19902,-0.0799544,-0.237208,nan,nan,0,-0.580864,0.731049,-0.0828552,-12.8205,0.199568,0.38775,nan,nan,0,-0.39992,-0.259812,0.924528,-0.114123,-0.40996,nan,-6.64197,-2.2999,1,0.253525,-0.0152357,1.21447,1.18003,0.126762,nan,2.43824,1.96262,1,-0.501135,-0.328373,0.00306892,-14.823,-0.650568,-0.840266,nan,nan,0,-0.904645,0.0219555,0.0276184,2.75946,-0.502322,-0.100454,nan,nan,0,-0.108648,0.465475,-1.75223,0.317459,0.255676,0.299614,nan,nan,0,-0.0948026,0.396636,0.530887,-5.68987,0.442599,0.437064,nan,nan,0,-0.0973335,-0.209606,-2.53446,-2.78413,-0.258667,nan,2.08456,-2.35801,1,-0.094879,-0.143586,0.412475,-4.5951,-0.0474395,nan,2.26567,-1.73625,1,0,0.9564,0.01854,0.014592,0.291103,-0.264775,-0.203808,0.752984,-1.42216,0.414666,4.57893
1787645127736422545,-0.710119,0.704082,0.583331,0.399996,0.4,-0,-0.390445,0.0412845,0.0160711,0.597403,-0.342568,-0.0845689,0.448129,0.0835617,0.522041,1.37171,-4.0293,0.441781,0.462833,nan,nan,0,-0.703112,0.150237,-0.377452,-3.15018,-0.301556,-0.0852394,nan,nan,0,0.244026,-0.433836,0.948232,3.05251,-0.187987,-0.157665,nan,nan,0,-0.617029,0.726063,-0.659773,-22.442,0.181486,0.253571,nan,nan,0,-0.482378,-0.255674,0.784385,-2.01417,-0.451189,nan,-8.0196,-4.83979,1,0.291808,0.00293303,1.57516,1.53488,0.145904,nan,1.92638,1.86979,1,-0.505168,-0.328948,-0.0521679,-14.0904,-0.652584,-0.7409,nan,nan,0,-0.755218,0.0219555,-0.00920582,-3.39439,-0.427609,-0.341043,nan,nan,0,-0.273868,0.450134,-1.206,-0.757019,0.173066,0.282181,nan,nan,0,0.0507341,0.403347,0.770247,-6.91087,0.515367,0.4461,nan,nan,0,-0.016062,-0.232291,-2.576,-1.81682,-0.218031,nan,4.36311,0.110399,1,-0.012265,-0.136948,1.32557,-3.37374,-0.00613249,nan,1.93612,0.386202,1,0,0.955533,0.017362,0.013752,0.294049,-0.342568,-0.0845689,0.448129,-3.2215,-0.150635,4.40559
1787645127746416165,-0.630315,0.776339,0.583331,0.399997,0.4,-0,-0.390445,0.0379852,0.0161354,0.599989,-0.413658,-0.0643303,0.0881465,0.0387984,0.535272,1.29193,-4.12698,0.419399,0.454934,nan,nan,0,-0.746614,0.145443,-0.530887,-4.85959,-0.323307,-0.195585,nan,nan,0,-0.0188976,-0.420989,1.4024,3.88278,-0.319449,-0.135403,nan,nan,0,-0.656443,0.715901,-1.3042,-23.956,0.161779,0.188323,nan,nan,0,-0.643802,-0.249394,0.499399,-3.41634,-0.531901,nan,-10.6368,-6.81085,1,0.325991,0.0234167,1.93671,1.72886,0.162995,nan,1.2823,1.71534,1,-0.602808,-0.329524,-0.046031,-11.453,-0.701404,-0.672893,nan,nan,0,-0.606962,0.020997,-0.168779,-11.16,-0.353481,-0.454733,nan,nan,0,-0.396057,0.44093,-0.90527,-1.97802,0.111972,0.237831,nan,nan,0,0.193936,0.413126,1.06484,-9.35287,0.586968,0.470416,nan,nan,0,0.0257805,-0.257997,-2.15695,-1.63599,-0.19711,nan,5.36647,2.66188,1,0.0338975,-0.111141,3.07595,-1.89976,0.0169487,nan,-0.771246,1.24318,1,0,0.955179,0.015759,0.013318,0.295306,-0.413658,-0.0643303,0.0881465,-1.22956,1.51559,5.72081
1787645127756453416,-0.543206,0.839599,0.583331,0.399997,0.4,-0,-0.390445,0.0331312,0.0154434,0.600321,-0.572684,-0.0521341,0.0247883,0.0981881,0.547352,1.18145,-4.51771,0.449094,0.439305,nan,nan,0,-0.786896,0.138156,-0.788659,-7.54578,-0.343448,-0.281879,nan,nan,0,-0.0731078,-0.406799,1.43923,3.39439,-0.346554,-0.198782,nan,nan,0,-0.659287,0.695767,-2.08365,-19.5116,0.160356,0.16265,nan,nan,0,-0.84047,-0.245046,0.0897946,-5.05288,-0.630235,nan,-13.6163,-8.71017,1,0.290007,0.0413434,2.22861,1.21682,0.145003,nan,-0.233122,1.36628,1,-0.77499,-0.329715,-0.0214806,-10.1343,-0.787495,-0.6624,nan,nan,0,-0.51223,0.0173531,-0.426551,-14.8718,-0.306115,-0.444786,nan,nan,0,-0.383197,0.430768,-1.08325,-2.36874,0.118402,0.175201,nan,nan,0,0.292682,0.426933,1.34103,-6.95971,0.636341,0.521938,nan,nan,0,0.03262,-0.277671,-1.67393,0.337184,-0.19369,nan,5.45024,4.52627,1,0.0568264,-0.0747384,4.30076,-0.656954,0.0284132,nan,-3.3566,0.22354,1,0,0.955167,0.013541,0.012273,0.295502,-0.572684,-0.0521341,0.0247883,0.011867,-0.492983,7.12436
1787645127766392067,-0.449802,0.893128,0.583331,0.399997,0.4,-0,-0.253364,0.0271923,0.01504,0.600722,-0.55848,0.0266718,0.0602259,0.0522356,0.558474,1.06484,-4.22466,0.426118,0.435284,nan,nan,0,-0.952429,0.128377,-1.05871,-8.81563,-0.426214,-0.330081,nan,nan,0,-0.270684,-0.393185,1.5497,0.610504,-0.445342,-0.282824,nan,nan,0,-0.605529,0.670072,-2.72195,-20.8303,0.187235,0.155571,nan,nan,0,-0.915536,-0.248877,-0.498737,-6.7664,-0.667768,nan,-13.9131,-10.9443,1,0.327759,0.0672081,2.44432,0.898079,0.16388,nan,-0.766328,0.50688,1,-0.877814,-0.329907,-0.0214806,-9.69475,-0.838907,-0.707233,nan,nan,0,-0.379711,0.0119843,-0.530887,-16.1416,-0.239856,-0.381726,nan,nan,0,-0.326826,0.419837,-1.24283,-3.98046,0.146587,0.130902,nan,nan,0,0.358301,0.439971,1.46378,-6.08059,0.669151,0.582722,nan,nan,0,0.0138357,-0.290823,-1.01518,2.42526,-0.203082,nan,4.5937,5.3242,1,0.0592869,-0.0203368,5.15455,-0.93562,0.0296435,nan,-6.23241,-2.13219,1,0,0.955144,0.010762,0.011205,0.295732,-0.55848,0.0266718,0.0602259,-0.854691,-1.11541,4.74696
1787645127776321561,-0.351184,0.936306,0.583331,0.399997,0.4,-0,-0.253364,0.0218151,0.0163029,0.600737,-0.552568,0.147599,-0.03676,-0.260601,0.568061,0.911407,-4.0293,0.2697,0.433281,nan,nan,0,-1.15371,0.116105,-1.3042,-11.4042,-0.526854,-0.375578,nan,nan,0,-0.553826,-0.377461,1.35944,-0.952377,-0.586913,-0.367215,nan,nan,0,-0.595495,0.639584,-3.18225,-12.6252,0.192253,0.164968,nan,nan,0,-0.831017,-0.256547,-1.24358,-8.55935,-0.625509,nan,-11.0483,-12.6284,1,0.426236,0.0902511,2.51388,0.262358,0.213118,nan,-0.0848091,-0.478776,1,-0.918533,-0.330482,-0.0583057,-9.84127,-0.859267,-0.774543,nan,nan,0,-0.344002,0.00699902,-0.5002,-14.6764,-0.222001,-0.307451,nan,nan,0,-0.265182,0.406607,-1.14463,-5.15263,0.177409,0.123192,nan,nan,0,0.464982,0.456654,1.53742,-0.366302,0.722491,0.634786,nan,nan,0,-0.00988545,-0.294846,-0.429188,3.56346,-0.214943,nan,3.44041,5.1305,1,0.0614278,0.027513,5.11165,-1.91422,0.0307139,nan,-7.57145,-4.80145,1,0,0.955165,0.008007,0.011013,0.29576,-0.552568,0.147599,-0.03676,-2.06096,-1.70092,3.87812
1787645127786364402,-0.248496,0.968633,0.583331,0.399997,0.4,-0,-0.253364,0.0149779,0.0174288,0.600937,-0.776378,0.0883543,0.0974504,-0.304552,0.576114,0.800934,-9.79243,0.247724,0.378309,nan,nan,0,-1.01086,0.101724,-1.47605,-17.0696,-0.455429,-0.44423,nan,nan,0,-0.425823,-0.36749,0.782521,-1.8315,-0.522912,-0.47224,nan,nan,0,-0.608608,0.609479,-3.24363,-38.9499,0.185696,0.179865,nan,nan,0,-0.769332,-0.26832,-0.627099,-22.4803,-0.594666,nan,-10.4815,-12.4494,1,0.367102,0.113049,1.60069,2.57467,0.183551,nan,-0.285975,-0.77997,1,-1.03176,-0.331824,-0.174916,-16.5324,-0.915878,-0.829456,nan,nan,0,-0.29926,0.00239706,-0.438826,-18.5348,-0.19963,-0.250142,nan,nan,0,-0.178246,0.396828,-1.08325,-5.25031,0.220877,0.142994,nan,nan,0,0.466062,0.471035,1.61107,1.05006,0.723031,0.68178,nan,nan,0,-0.0167221,-0.294031,0.240703,3.37824,-0.218361,nan,2.28739,4.24333,1,0.0602147,0.0787898,4.36288,-4.11866,0.0301073,nan,-8.0048,-6.87012,1,0,0.955154,0.004574,0.01054,0.295886,-0.776378,0.0883543,0.0974504,-0.959665,-4.32112,2.24576
1787645127796445306,-0.142928,0.989733,0.583332,0.399997,0.4,-0,-0.253364,0.00652372,0.016514,0.602934,-0.6413,-0.277533,0.295447,0.0897856,0.583785,0.66591,-2.51526,0.444893,0.304623,nan,nan,0,-0.904987,0.0896435,-1.02802,-32.6007,-0.402493,-0.478362,nan,nan,0,-0.0984646,-0.361354,0.85617,-9.89011,-0.359232,-0.533203,nan,nan,0,-0.671712,0.588578,-1.2551,-64.4444,0.154144,0.187399,nan,nan,0,-0.895803,-0.24983,3.16155,-25.274,-0.657901,nan,-19.0248,-12.1048,1,0.263094,0.109281,-1.06338,2.42514,0.131547,nan,2.26307,-0.157878,1,-1.15992,-0.333934,-0.242428,-11.5507,-0.979961,-0.876108,nan,nan,0,-0.281016,0.00278044,0.291528,-22.149,-0.190508,-0.215001,nan,nan,0,-0.153009,0.390691,0.0276184,-11.9414,0.233495,0.178976,nan,nan,0,0.52775,0.490977,2.02228,-2.27106,0.753875,0.713563,nan,nan,0,-0.0261896,-0.28677,0.787365,1.6548,-0.223095,nan,1.04759,3.04491,1,0.0753682,0.115019,3.59539,-6.01762,0.0376841,nan,-7.71312,-7.92684,1,0,0.954872,0.000663,0.008853,0.296884,-0.6413,-0.277533,0.295447,1.97115,-2.15692,3.91905
1787645127806349570,-0.0357037,0.999362,0.583332,0.399997,0.4,-0,-0.253364,0.011266,0.00771458,0.598305,1.61977,-0.297188,-1.33675,0.17713,0.586853,0.156505,-0.317459,0.488565,0.32286,nan,nan,0,-2.47015,0.0821652,-0.672048,-25.6654,-1.18507,-0.459947,nan,nan,0,-1.62717,-0.346397,1.97318,-15.2137,-1.12359,-0.491482,nan,nan,0,-0.70857,0.586086,0.0398932,-55.7021,0.135715,0.178082,nan,nan,0,-1.14077,-0.205038,4.56466,-11.1356,-0.780386,nan,-26.9841,-15.2849,1,0.975052,0.0837212,-2.13402,-0.256455,0.487526,nan,15.3152,1.60805,1,-0.804646,-0.337193,-0.383589,-10.232,-0.802323,-0.927534,nan,nan,0,-0.391308,0.0102587,0.880719,-17.8999,-0.245654,-0.19602,nan,nan,0,-0.45778,0.402772,1.3042,-10.1832,0.08111,0.212169,nan,nan,0,0.932815,0.509768,2.01614,7.49695,0.956407,0.736481,nan,nan,0,-0.247997,-0.277356,1.04247,2.42129,-0.333999,nan,-3.54619,1.73727,1,0.175944,0.141298,2.40748,-5.91508,0.087972,nan,-5.211,-8.0771,1,0,0.95557,0.004246,0.005346,0.294683,1.61977,-0.297188,-1.33675,10.5862,6.21148,30.5286
1787645127816317746,0.0719348,0.997409,0.583332,0.399997,0.4,-0,0.117399,0.0197853,0.0119842,0.587659,0.16866,0.949285,-0.453619,-1.00402,0.583976,-0.506338,3.83395,-0.102011,0.400374,nan,nan,0,-3.02832,0.0787134,-0.21174,-28.6447,-1.46416,-0.682402,nan,nan,0,-1.65182,-0.326264,1.44536,-9.59707,-1.13591,-0.66479,nan,nan,0,-0.490551,0.589345,0.297665,-39.243,0.244725,0.158255,nan,nan,0,-0.364603,-0.170091,3.21239,-8.65246,-0.392301,nan,-12.5959,-20.9485,1,1.10145,0.0606556,-1.39797,-0.209225,0.550725,nan,16.799,6.99867,1,-0.77563,-0.343521,-0.721148,-9.49939,-0.787815,-0.908095,nan,nan,0,-0.452694,0.0194631,0.874582,-6.86203,-0.276347,-0.206695,nan,nan,0,-0.209425,0.403731,-0.377452,-3.39439,0.205288,0.18148,nan,nan,0,0.966239,0.531628,2.05297,4.17583,0.97312,0.816588,nan,nan,0,-0.120861,-0.266634,0.951597,1.8676,-0.27043,nan,-1.56028,-0.556509,1,0.0550452,0.156641,0.850292,-5.7244,0.0275226,nan,-5.14898,-6.85492,1,0,0.957094,0.007733,0.0086,0.289544,0.16866,0.949285,-0.453619,2.91124,-4.45918,29.3038
1787645127826373665,0.17874,0.983896,0.583332,0.399997,0.4,-0,0.117399,0.0203188,0.021852,0.589757,-0.192637,0.720774,0.675484,-1.30071,0.576306,-0.831621,2.0757,-0.250354,0.270259,nan,nan,0,-2.80344,0.0781384,0.0153437,-38.2173,-1.35172,-1.07524,nan,nan,0,-0.459397,-0.322045,0.0337563,-13.5531,-0.539698,-0.936073,nan,nan,0,-0.186331,0.590496,-0.00306892,-34.7985,0.396834,0.178128,nan,nan,0,0.156779,-0.157567,0.289206,-11.9484,-0.13161,nan,0.474672,-20.1925,1,0.850934,0.0687226,1.69621,3.8466,0.425467,nan,8.15801,12.5366,1,-1.19896,-0.352533,-0.954369,-9.89011,-0.999481,-0.846923,nan,nan,0,-0.358604,0.0250235,0.352901,0.268623,-0.229302,-0.238403,nan,nan,0,0.288821,0.395294,-1.05257,-1.8315,0.45441,0.165451,nan,nan,0,0.641362,0.550804,2.12048,11.3065,0.810681,0.910166,nan,nan,0,-0.0718002,-0.256674,0.99486,-0.706585,-0.2459,nan,-1.11521,-2.04454,1,0.0208646,0.149571,-0.94617,-4.57146,0.0104323,nan,-2.75492,-5.16026,1,0,0.956763,0.006545,0.013406,0.290485,-0.192637,0.720774,0.675484,-12.5756,-15.8317,16.3094
1787645127836379330,0.283473,0.95898,0.583332,0.399997,0.4,-0,0.117399,0.0162244,0.0284392,0.600765,-0.482308,0.124098,1.45527,-0.560072,0.568636,-0.837758,-6.37363,0.119964,0.00741503,nan,nan,0,-2.16719,0.07833,-0.0337563,-43.5409,-1.03359,-1.32551,nan,nan,0,-0.00157331,-0.324729,-0.395864,-19.9023,-0.310787,-0.906214,nan,nan,0,-0.298706,0.587044,-0.494062,-25.8608,0.340647,0.265205,nan,nan,0,-0.122829,-0.165454,-1.34689,-14.9965,-0.271415,nan,-1.68828,-11.3468,1,0.677319,0.0976541,3.69682,8.05589,0.33866,nan,1.68493,12.3627,1,-1.42011,-0.362121,-1.08325,-7.05739,-1.11006,-0.871988,nan,nan,0,-0.206567,0.0236812,-0.365176,3.98046,-0.153283,-0.249366,nan,nan,0,0.33685,0.378995,-2.42735,3.00366,0.478425,0.262334,nan,nan,0,0.667048,0.572855,2.27391,10.8181,0.823524,0.911193,nan,nan,0,-0.086177,-0.25106,0.755536,-1.64366,-0.253088,nan,-1.20429,-2.04659,1,-0.0179191,0.135747,-1.91663,-3.83757,-0.00895957,nan,-1.46626,-3.40716,1,0,0.955129,0.003541,0.015982,0.295736,-0.482308,0.124098,1.45527,-8.49006,2.40126,10.5843
1787645127846338006,0.384921,0.92295,0.583332,0.399997,0.4,-0,0.117399,0.0145738,0.0299931,0.61457,-0.340583,0.159122,1.02089,-0.453634,0.559816,-0.886857,-13.6996,0.173183,-0.063183,nan,nan,0,-1.85657,0.0760288,-0.303802,-50.4274,-0.878285,-1.29549,nan,nan,0,-0.0674694,-0.333742,-0.850034,-16.4835,-0.343735,-0.643611,nan,nan,0,-0.389663,0.579566,-0.770247,-24.884,0.295168,0.332988,nan,nan,0,-0.253837,-0.186787,-2.58488,-9.55693,-0.336918,nan,-1.37727,-3.36805,1,0.713417,0.151374,5.96595,9.85685,0.356709,nan,-2.7889,7.01252,1,-1.45483,-0.373817,-1.19987,-9.45055,-1.12742,-0.977046,nan,nan,0,-0.0606669,0.0156274,-0.899132,-0.0732574,-0.0803335,-0.217224,nan,nan,0,0.162093,0.347356,-2.65444,7.54578,0.391047,0.388342,nan,nan,0,0.710633,0.595098,2.51327,6.08059,0.845316,0.866056,nan,nan,0,-0.104074,-0.245767,0.584213,-1.36323,-0.262037,nan,-1.44577,-1.59742,1,-0.0176142,0.114411,-2.65111,-2.80509,-0.00880709,nan,0.280116,-1.72531,1,0,0.953058,0.002409,0.016497,0.302326,-0.340583,0.159122,1.02089,-2.71295,1.70594,3.68087
1787645127856340866,0.481908,0.876222,0.583332,0.399997,0.4,-0,0.117399,0.0106179,0.0307073,0.623662,-0.366351,-0.246105,0.774524,-0.0466475,0.550229,-0.850034,-16.2393,0.376676,0.0278321,nan,nan,0,-1.78087,0.0718102,-0.346765,-53.7485,-0.840437,-1.10828,nan,nan,0,-0.205185,-0.33029,1.08939,-16.9719,-0.412592,-0.426279,nan,nan,0,-0.464394,0.574197,-0.377452,-31.4286,0.257803,0.338382,nan,nan,0,-0.423978,-0.200672,-1.16185,-10.4872,-0.421989,nan,-6.00333,-0.248449,1,0.701284,0.20867,4.12679,11.0202,0.350642,nan,-1.93103,0.838049,1,-1.40506,-0.388391,-1.37785,-10.7204,-1.10253,-1.07387,nan,nan,0,0.151616,0.00546503,-0.899132,-7.88766,0.0258081,-0.153852,nan,nan,0,-0.0239872,0.330099,-1.03416,5.10378,0.298006,0.434832,nan,nan,0,0.725175,0.62386,2.67285,2.41758,0.852588,0.841182,nan,nan,0,-0.0798921,-0.242412,0.450234,-0.885162,-0.249946,nan,-0.939055,-1.35446,1,0.0562207,0.0762682,-3.088,-1.13254,0.0281104,nan,3.18726,-0.134812,1,0,0.951672,0.000342,0.016241,0.306684,-0.366351,-0.246105,0.774524,2.80926,4.79578,8.22887
1787645127866365074,0.573309,0.819339,0.583332,0.399997,0.4,-0,-0.433227,0.00970758,0.0258567,0.628739,0.200294,-0.546208,0.222406,0.444946,0.541983,-0.825483,-10.5739,0.622473,0.188525,nan,nan,0,-2.26148,0.0693178,-0.217878,-42.7106,-1.08074,-0.937419,nan,nan,0,-0.151741,-0.305938,2.89993,-16.044,-0.385871,-0.354976,nan,nan,0,-0.55525,0.573813,0.0583057,-25.0305,0.212375,0.306099,nan,nan,0,-0.517254,-0.202013,0.450595,-2.91082,-0.468627,nan,-10.0074,-1.91628,1,0.682193,0.226675,0.487086,4.21678,0.341096,nan,2.702,-1.76661,1,-1.43575,-0.403155,-1.5497,-13.0647,-1.11788,-1.11581,nan,nan,0,0.203068,-0.0022049,-0.71501,-6.52015,0.0515341,-0.0675377,nan,nan,0,-0.110427,0.330482,0.567711,0.0244217,0.254786,0.394159,nan,nan,0,0.971858,0.653198,2.68512,0.268623,0.975929,0.839822,nan,nan,0,-0.0943886,-0.238755,0.39573,-0.698118,-0.257194,nan,-1.23896,-1.19061,1,0.0616449,0.0452617,-3.21178,-0.306528,0.0308225,nan,4.3845,1.70292,1,0,0.95092,0.000618,0.013795,0.309128,0.200294,-0.546208,0.222406,3.05441,4.10675,19.5992
1787645127876320936,0.658066,0.75296,0.583332,0.399997,0.4,-0,-0.433227,0.0103517,0.0232051,0.625926,-0.209113,0.379328,-0.697228,-0.256378,0.533354,-0.892995,-4.81075,0.271811,0.399681,nan,nan,0,-2.11376,0.0658665,-0.4511,-30.2076,-1.00688,-0.92598,nan,nan,0,-0.691472,-0.279476,2.24936,-8.52259,-0.655736,-0.357995,nan,nan,0,-0.489129,0.573622,-0.09513,-20.9768,0.245435,0.259695,nan,nan,0,-0.150995,-0.196405,0.572653,-2.12628,-0.285497,nan,-3.9772,-5.93559,1,0.751535,0.213884,-1.66563,0.573297,0.375767,nan,7.35495,-0.0715851,1,-1.22874,-0.419837,-1.73382,-10.9646,-1.01437,-1.12421,nan,nan,0,0.2063,-0.00853252,-0.598398,-1.3431,0.05315,0.00792558,nan,nan,0,-0.31459,0.342562,1.12622,-2.12454,0.152705,0.322493,nan,nan,0,0.974172,0.676592,2.58079,-0.268623,0.977086,0.88593,nan,nan,0,-0.113074,-0.236949,0.317331,-0.894091,-0.266537,nan,-1.51158,-1.14225,1,0.0201292,0.0120711,-3.03849,1.04198,0.0100646,nan,4.49753,3.47202,1,0,0.951367,0.001352,0.012632,0.307797,-0.209113,0.379328,-0.697228,7.30627,-2.90217,16.595
1787645127886340103,0.735196,0.677854,0.583332,0.399997,0.4,-0,-0.433227,0.00374483,0.0258304,0.619414,-0.690171,0.298471,-0.582393,-0.44133,0.524342,-0.880719,-1.39194,0.179335,0.446737,nan,nan,0,-1.40529,0.057621,-0.954369,-26.7399,-0.652645,-0.974733,nan,nan,0,-0.485783,-0.268163,0.880719,-5.10378,-0.552891,-0.460064,nan,nan,0,-0.420366,0.569978,-0.5002,-20.4884,0.279817,0.235879,nan,nan,0,-0.0256621,-0.193351,0.28995,-3.91343,-0.222831,nan,-1.46673,-7.00907,1,0.74362,0.192822,-2.37804,0.976484,0.37181,nan,8.93668,3.80129,1,-1.06809,-0.439013,-1.96704,-9.05983,-0.934043,-1.08926,nan,nan,0,0.00745177,-0.0137105,-0.555436,0.366302,-0.0462741,0.0481148,nan,nan,0,-0.19902,0.348506,0.469513,-2.27106,0.21049,0.238544,nan,nan,0,0.581232,0.704587,2.48259,0.757019,0.780616,0.941498,nan,nan,0,-0.0390176,-0.23073,0.203553,-1.12419,-0.229509,nan,-0.26258,-1.27953,1,0.0430594,-0.00757563,-2.41549,2.51218,0.0215297,nan,4.49639,4.44319,1,0,0.952348,-0.002153,0.012871,0.304731,-0.690171,0.298471,-0.582393,-0.154891,-5.39283,7.44033
1787645127896457860,0.803806,0.594892,0.583332,0.399997,0.4,-0,-0.433227,-0.00322164,0.0278828,0.612388,-0.649638,0.10007,-0.846877,-0.361201,0.515904,-0.807072,-1.53846,0.2194,0.341843,nan,nan,0,-0.862082,0.0449653,-1.38399,-30.8913,-0.381041,-0.886569,nan,nan,0,-0.382675,-0.265671,0.00306892,-6.86203,-0.501337,-0.547914,nan,nan,0,-0.468587,0.561925,-0.90527,-18.2906,0.255707,0.245931,nan,nan,0,-0.0656977,-0.198569,-0.512046,-3.93069,-0.242849,nan,-0.781731,-4.82351,1,0.689912,0.167586,-2.55342,3.81376,0.344956,nan,9.15124,7.28379,1,-0.954189,-0.460105,-2.15117,-9.20635,-0.877095,-1.01752,nan,nan,0,-0.22019,-0.0194631,-0.506338,2.75946,-0.160095,0.0277654,nan,nan,0,-0.292507,0.348698,-0.156505,-3.24786,0.163746,0.194431,nan,nan,0,0.489568,0.727214,2.47031,0.415138,0.734784,0.908554,nan,nan,0,-0.0227638,-0.232741,0.140361,-1.00195,-0.221382,nan,0.187024,-1.00138,1,0.107833,-0.0313355,-1.40193,2.91237,0.0539164,nan,4.66046,4.62562,1,0,0.953386,-0.005738,0.012807,0.301424,-0.649638,0.10007,-0.846877,-0.144086,3.48689,0.731731
1787645127906348952,0.863099,0.505035,0.583332,0.399997,0.4,-0,-0.433227,-0.00933533,0.0292397,0.603184,-0.507799,0.19241,-0.960307,-0.358461,0.508618,-0.684322,-8.71795,0.220769,0.249131,nan,nan,0,-0.872306,0.0296254,-1.55584,-33.138,-0.386153,-0.66127,nan,nan,0,-0.344838,-0.266438,0.101268,-11.9902,-0.482419,-0.554935,nan,nan,0,-0.428669,0.549845,-1.11394,-24.1514,0.275666,0.257306,nan,nan,0,-0.0437214,-0.205371,-1.05338,-3.65435,-0.231861,nan,0.652914,-2.13854,1,0.745146,0.147307,-2.14725,6.12197,0.372573,nan,9.97886,9.13753,1,-0.839503,-0.482156,-2.21868,-5.15263,-0.819751,-0.940183,nan,nan,0,-0.262266,-0.0244484,-0.457238,1.78266,-0.181133,-0.0508222,nan,nan,0,-0.316579,0.344096,-0.622948,-2.27106,0.151711,0.176383,nan,nan,0,0.447848,0.753867,2.43963,-3.34554,0.713924,0.822418,nan,nan,0,-0.0236521,-0.228488,0.0814092,-0.767932,-0.221826,nan,0.111066,-0.395189,1,0.109211,-0.0316271,-0.433174,3.15318,0.0546055,nan,3.23674,4.41023,1,0,0.954731,-0.008799,0.012573,0.297071,-0.507799,0.19241,-0.960307,-0.193198,-0.868563,4.35838
1787645127916393926,0.912389,0.409325,0.583332,0.399998,0.4,-0,0.0278794,-0.0134485,0.0299638,0.594272,-0.206933,-0.125571,-0.744005,-0.196284,0.502674,-0.567711,-7.39927,0.301858,0.212523,nan,nan,0,-0.94574,0.0173531,-0.991194,-36.5568,-0.42287,-0.469848,nan,nan,0,-0.389512,-0.258192,1.2551,-16.8742,-0.504756,-0.524082,nan,nan,0,-0.447391,0.541024,-0.862308,-26.7888,0.266305,0.265758,nan,nan,0,-0.162806,-0.218093,-1.17274,-2.02308,-0.291403,nan,-0.806731,-0.147304,1,0.819849,0.1367,-0.457536,7.0566,0.409925,nan,8.88304,9.66448,1,-0.684623,-0.504591,-2.21868,-6.27595,-0.742311,-0.871377,nan,nan,0,-0.243344,-0.0275164,-0.21174,-4.7619,-0.171672,-0.130715,nan,nan,0,-0.233183,0.335084,-0.935957,-2.3199,0.193409,0.161933,nan,nan,0,0.354452,0.777261,2.28619,-9.49939,0.667226,0.751296,nan,nan,0,-0.0280319,-0.23062,0.0186774,-0.340741,-0.224016,nan,0.203142,0.055414,1,0.139386,-0.0334574,0.502715,2.93824,0.0696932,nan,2.34044,3.66879,1,0,0.95602,-0.010815,0.012356,0.29284,-0.206933,-0.125571,-0.744005,1.72508,2.37665,6.01537
1787645127926335146,0.951104,0.30887,0.583332,0.399998,0.4,-0,0.0278794,-0.0124593,0.0276566,0.586641,0.264342,-0.125377,-0.939974,-0.198286,0.497497,-0.524749,-5.39683,0.300857,0.234066,nan,nan,0,-1.43814,0.0129428,-0.199466,-30.696,-0.669072,-0.394461,nan,nan,0,-0.77864,-0.237483,2.29233,-18.1929,-0.69932,-0.503728,nan,nan,0,-0.523479,0.53508,-0.414276,-28.4982,0.228261,0.269571,nan,nan,0,-0.318324,-0.226117,-0.853487,-1.90354,-0.369162,nan,-3.72635,0.299357,1,0.92556,0.140627,0.947582,7.94987,0.46278,nan,8.24321,9.11831,1,-0.582289,-0.526259,-2.15117,-4.90842,-0.691144,-0.803827,nan,nan,0,-0.173766,-0.0284748,-0.0828552,-6.12943,-0.136883,-0.17189,nan,nan,0,-0.242132,0.327989,-0.629086,-3.05251,0.188934,0.166927,nan,nan,0,0.469067,0.79797,1.95477,-15.116,0.724533,0.700475,nan,nan,0,-0.0764372,-0.228606,0.0298037,-0.189077,-0.248219,nan,-0.731144,0.236904,1,0.135951,-0.0183947,1.32405,2.6083,0.0679756,nan,0.605033,2.59568,1,0,0.957153,-0.009961,0.011436,0.289182,0.264342,-0.125377,-0.939974,-0.027668,-3.26078,12.9351
1787645127936321583,0.978796,0.204836,0.583332,0.399998,0.4,-0,0.0278794,-0.0126168,0.0290133,0.57714,-0.0620913,0.399787,-0.787799,-0.790287,0.491361,-0.629086,-3.34554,0.00485646,0.271759,nan,nan,0,-1.45545,0.0142851,0.205604,-20.0977,-0.677724,-0.470268,nan,nan,0,-0.839517,-0.219075,1.49446,-13.9438,-0.729758,-0.562662,nan,nan,0,-0.454682,0.532779,-0.174916,-28.1075,0.262659,0.256588,nan,nan,0,-0.0492718,-0.229703,-0.0497262,-3.35648,-0.234636,nan,-0.0980687,-1.19076,1,0.881946,0.157795,1.67654,8.56611,0.440973,nan,5.98051,8.19113,1,-0.637623,-0.547352,-2.0591,-1.73382,-0.718812,-0.740434,nan,nan,0,-0.188902,-0.029242,-0.101268,-3.98046,-0.144451,-0.170502,nan,nan,0,-0.136466,0.319936,-0.899132,-1.19658,0.241767,0.179882,nan,nan,0,0.425878,0.814269,1.45764,-15.7998,0.702939,0.690289,nan,nan,0,-0.0706601,-0.230752,0.0284138,0.00141792,-0.24533,nan,-0.552842,-0.0257293,1,0.0735399,-0.0054027,1.84659,1.91966,0.03677,nan,-1.5047,1.32847,1,0,0.958505,-0.010175,0.012111,0.284634,-0.0620913,0.399787,-0.787799,0.282848,-6.00115,15.3596
1787645127946356706,0.995144,0.0984275,0.583332,0.399998,0.4,-0,0.0278794,-0.0147527,0.0334,0.570609,-0.211232,0.510561,-0.590417,-1.13654,0.485225,-0.733422,-1.5873,-0.168272,0.198577,nan,nan,0,-1.25159,0.0162029,0.205604,-19.4628,-0.575793,-0.589435,nan,nan,0,-0.703231,-0.212939,0.224015,-11.9414,-0.661615,-0.654212,nan,nan,0,-0.384121,0.531436,-0.150367,-25.4701,0.29794,0.25072,nan,nan,0,0.187202,-0.227027,0.472371,-1.66427,-0.116399,nan,3.16343,-1.88482,1,0.835314,0.178818,1.78314,8.38705,0.417657,nan,4.49045,6.93325,1,-0.722266,-0.565376,-1.99773,-1.5873,-0.761133,-0.709774,nan,nan,0,-0.278121,-0.0305843,-0.168779,-3.63858,-0.189061,-0.156135,nan,nan,0,0.0130255,0.311115,-0.985056,-0.268623,0.316513,0.204869,nan,nan,0,0.25362,0.825582,0.972781,-11.9414,0.61681,0.697487,nan,nan,0,-0.0596173,-0.228647,0.02774,-0.389899,-0.239809,nan,-0.432256,-0.382134,1,0.0640732,0.0181389,2.12696,0.972323,0.0320366,nan,-2.7735,-0.296347,1,0,0.959381,-0.011777,0.013948,0.281521,-0.211232,0.510561,-0.590417,-1.90194,-2.64134,9.83625
1787645127956345083,0.999958,-0.00912181,0.583332,0.399998,0.4,-0,0.0278794,-0.0160569,0.03738,0.564838,-0.10085,0.273654,-0.515827,-1.06115,0.476404,-0.807072,-5.73871,-0.130576,0.0288892,nan,nan,0,-1.23095,0.0171614,0.0398932,-22.8327,-0.565474,-0.628831,nan,nan,0,-0.774366,-0.216966,-0.573849,-12.8694,-0.697183,-0.691698,nan,nan,0,-0.390197,0.528752,-0.273115,-23.1258,0.294901,0.266658,nan,nan,0,0.162701,-0.222321,0.302499,0.0846338,-0.12865,nan,2.82475,-0.250791,1,0.899076,0.186887,1.09187,8.05771,0.449538,nan,6.24172,5.66324,1,-0.660453,-0.586469,-1.91181,1.00122,-0.730227,-0.720471,nan,nan,0,-0.345657,-0.0328851,-0.217878,-4.12698,-0.222829,-0.161465,nan,nan,0,0.0519025,0.298843,-1.28579,1.24542,0.335951,0.253533,nan,nan,0,0.162793,0.832294,0.610673,-12.6252,0.571396,0.673798,nan,nan,0,-0.0826927,-0.228506,0.0153379,-0.272624,-0.251346,nan,-0.822403,-0.521106,1,0.0670476,0.0351181,2.14277,0.0950858,0.0335238,nan,-3.26199,-1.90217,1,0,0.960143,-0.012917,0.015711,0.278766,-0.10085,0.273654,-0.515827,-2.67691,0.921978,6.28527
1787645127966325562,0.993183,-0.116565,0.583332,0.399998,0.4,-0,-0.0977072,-0.0165013,0.0404074,0.561228,-0.0105385,0.141752,-0.202989,-0.79103,0.467775,-0.892995,-10.2808,0.00448524,-0.097159,nan,nan,0,-1.42009,0.0169697,-0.00920582,-26.1538,-0.660046,-0.609102,nan,nan,0,-0.49119,-0.225211,-0.874582,-12.967,-0.555595,-0.697216,nan,nan,0,-0.372536,0.526068,-0.322214,-20.9768,0.303732,0.285011,nan,nan,0,0.123915,-0.222211,-0.234261,0.173877,-0.148042,nan,2.94728,1.83759,1,0.885111,0.186493,-0.338433,7.11165,0.442555,nan,8.18952,5.70567,1,-0.666796,-0.604493,-1.73996,-1.78266,-0.733398,-0.733098,nan,nan,0,-0.375391,-0.0351863,-0.217878,-4.61539,-0.237695,-0.187407,nan,nan,0,0.0261774,0.286763,-0.972781,1.92918,0.323089,0.302762,nan,nan,0,0.155869,0.836128,0.266977,-12.0391,0.567934,0.625116,nan,nan,0,-0.0411344,-0.228269,-0.0201926,-0.34576,-0.230567,nan,-0.0501508,-0.628374,1,0.0574571,0.0574245,1.92455,-1.18508,0.0287285,nan,-3.74771,-3.00716,1,0,0.96061,-0.013521,0.017127,0.27704,-0.0105385,0.141752,-0.202989,-3.39273,-0.576612,7.60293
1787645127976436151,0.974897,-0.222658,0.583332,0.399998,0.4,-0,-0.0977072,-0.0156637,0.0430812,0.559648,0.0884202,0.216736,-0.179923,-0.650445,0.45838,-0.948232,-12.7717,0.0747775,-0.100224,nan,nan,0,-1.53119,0.0171614,0.0276184,-25.812,-0.715596,-0.613666,nan,nan,0,-0.351021,-0.232114,-0.530887,-14.6764,-0.48551,-0.652307,nan,nan,0,-0.345505,0.522041,-0.426551,-18.5836,0.317247,0.297265,nan,nan,0,0.172774,-0.224741,-0.154024,1.33035,-0.123613,nan,3.77053,2.96514,1,0.845511,0.179699,-1.16945,6.50722,0.422756,nan,9.04588,7.04474,1,-0.638965,-0.620409,-1.52515,-1.39194,-0.719483,-0.735753,nan,nan,0,-0.287023,-0.0372953,-0.205604,-5.25031,-0.193512,-0.215942,nan,nan,0,-0.0466917,0.282352,-0.266977,1.5873,0.286654,0.326858,nan,nan,0,0.212543,0.836128,-0.107406,-15.3114,0.596271,0.585688,nan,nan,0,0.0033461,-0.228031,-0.0626623,-0.456294,-0.208327,nan,0.783644,-0.486868,1,0.0454241,0.0738045,1.34283,-2.15682,0.0227121,nan,-3.54702,-3.57656,1,0,0.960805,-0.013474,0.018538,0.276276,0.0884202,0.216736,-0.179923,-3.8523,1.14575,7.67776
1787645127986393074,0.945311,-0.32617,0.583332,0.399998,0.4,-0,-0.0977072,-0.0143585,0.0448923,0.557417,0.0863252,0.0587121,-0.245606,-0.492023,0.4486,-0.960506,-13.7973,0.153989,-0.0262242,nan,nan,0,-1.4458,0.0177374,0.0644436,-25.812,-0.672901,-0.655648,nan,nan,0,-0.291759,-0.233073,0.125817,-15.2137,-0.455879,-0.570761,nan,nan,0,-0.376584,0.516863,-0.487926,-17.2161,0.301708,0.307802,nan,nan,0,0.154611,-0.225326,0.0410117,2.0282,-0.132694,nan,3.18061,3.46799,1,0.813408,0.162337,-1.64663,7.50289,0.406704,nan,9.80097,8.57026,1,-0.656839,-0.634407,-1.34716,-0.708183,-0.728419,-0.73073,nan,nan,0,-0.197856,-0.0397882,-0.279252,-4.17583,-0.148928,-0.219144,nan,nan,0,-0.0975313,0.281394,-0.0828552,1.92918,0.261234,0.318948,nan,nan,0,0.261124,0.832677,-0.457238,-15.3114,0.620562,0.576604,nan,nan,0,0.0170879,-0.229916,-0.0833672,-0.531311,-0.201456,nan,1.12116,0.0473283,1,0.00453166,0.0803058,0.495801,-2.34548,0.00226583,nan,-3.0849,-3.57153,1,0,0.9611,-0.013075,0.019603,0.275193,0.0863252,0.0587121,-0.245606,-2.03169,-0.716785,7.39667
1787645127996368525,0.904769,-0.425902,0.583332,0.399998,0.4,-0,-0.0977072,-0.0144058,0.0451802,0.554349,0.0022387,0.0413963,-0.387075,-0.398654,0.439396,-0.886857,-12.6252,0.200673,0.0675295,nan,nan,0,-1.28177,0.0185041,0.0889931,-28.4493,-0.590885,-0.681375,nan,nan,0,-0.205304,-0.228662,0.616811,-14.4811,-0.412652,-0.499087,nan,nan,0,-0.384872,0.512261,-0.487926,-17.851,0.297564,0.309963,nan,nan,0,0.157431,-0.22599,0.244664,3.25894,-0.131285,nan,2.9477,3.48132,1,0.780759,0.150693,-1.08529,7.28168,0.39038,nan,8.81852,9.60091,1,-0.602283,-0.647062,-1.21214,-0.65934,-0.701142,-0.726799,nan,nan,0,-0.187509,-0.0434313,-0.371314,-4.27351,-0.143754,-0.192751,nan,nan,0,-0.163683,0.281202,0.0153437,1.29426,0.228159,0.292732,nan,nan,0,0.226275,0.826541,-0.757972,-12.674,0.603137,0.591965,nan,nan,0,0.0269323,-0.231962,-0.0929178,-0.0997288,-0.196534,nan,1.37936,0.660374,1,-0.02114,0.0777267,-0.288369,-2.65387,-0.01057,nan,-2.21635,-3.17268,1,0,0.961517,-0.013107,0.019755,0.273719,0.0022387,0.0413963,-0.387075,1.06495,-1.06106,7.7384
1787645128006310951,0.853741,-0.520698,0.583332,0.399998,0.4,-0,-0.0977072,-0.0140628,0.0452723,0.549746,0.157698,0.0566818,-0.493523,-0.368274,0.43211,-0.770247,-10.0366,0.215863,0.148255,nan,nan,0,-1.30983,0.0192714,0.0828552,-27.8144,-0.604916,-0.656799,nan,nan,0,-0.237778,-0.220034,1.07098,-13.602,-0.428889,-0.446284,nan,nan,0,-0.398301,0.507851,-0.426551,-17.7534,0.290849,0.30505,nan,nan,0,0.0843562,-0.223991,0.0937505,4.71168,-0.167822,nan,1.8253,3.23295,1,0.773792,0.14744,0.108509,8.20552,0.386896,nan,7.02092,9.465,1,-0.505162,-0.657033,-1.08325,-1.00122,-0.652581,-0.717653,nan,nan,0,-0.136367,-0.0476503,-0.438826,-2.71062,-0.118183,-0.162951,nan,nan,0,-0.179143,0.281394,0.0276184,0.561661,0.220429,0.260022,nan,nan,0,0.168648,0.816761,-1.06484,-8.57143,0.574324,0.604083,nan,nan,0,0.0219467,-0.232112,-0.0481335,0.909747,-0.199027,nan,1.23019,1.10653,1,-0.0456512,0.0714073,-0.91422,-2.22943,-0.0228256,nan,-1.45566,-2.51544,1,0,0.962145,-0.012909,0.019876,0.271502,0.157698,0.0566818,-0.493523,1.96317,0.697455,11.0241
1787645128016315222,0.792818,-0.609458,0.583332,0.399998,0.4,-0,-0.0426503,-0.0124174,0.045206,0.54502,0.247118,0.120085,-0.412383,-0.534128,0.42444,-0.653635,-8.52259,0.132936,0.198529,nan,nan,0,-1.37616,0.0196548,0.0214815,-24.8352,-0.63808,-0.622922,nan,nan,0,-0.233148,-0.206419,1.23669,-11.7949,-0.426574,-0.422107,nan,nan,0,-0.397446,0.503633,-0.420414,-16.4347,0.291277,0.297975,nan,nan,0,0.145977,-0.223574,-0.317077,4.58332,-0.137012,nan,3.50531,2.75131,1,0.736674,0.151188,0.931174,8.61311,0.368337,nan,5.1177,8.18216,1,-0.378147,-0.668346,-0.997331,-0.366302,-0.589074,-0.691327,nan,nan,0,-0.144483,-0.0520606,-0.4511,-3.34554,-0.122241,-0.13791,nan,nan,0,-0.124987,0.280435,-0.150367,-0.0732574,0.247507,0.233879,nan,nan,0,0.0978725,0.803147,-1.31648,-7.00854,0.538936,0.597108,nan,nan,0,0.0354337,-0.230311,0.0302139,0.865827,-0.192283,nan,1.28566,1.267,1,-0.0710471,0.062341,-1.38464,-1.77922,-0.0355235,nan,-0.858971,-1.74526,1,0,0.962795,-0.012061,0.020096,0.269211,0.247118,0.120085,-0.412383,2.43382,0.301352,10.9822
1787645128026356393,0.722706,-0.691155,0.583332,0.399998,0.4,-0,-0.0426503,-0.0104066,0.0465506,0.542181,0.238024,0.228778,-0.155975,-0.849725,0.418495,-0.555436,-6.47131,-0.0248625,0.191971,nan,nan,0,-1.4384,0.0194631,-0.0153437,-24.884,-0.669199,-0.616652,nan,nan,0,-0.0204022,-0.196448,1.05257,-11.1111,-0.320201,-0.418569,nan,nan,0,-0.330542,0.499414,-0.420414,-17.1184,0.324729,0.292952,nan,nan,0,0.353902,-0.229365,-0.627392,3.42082,-0.0330488,nan,7.81216,2.88016,1,0.655739,0.162732,0.91377,8.05676,0.327869,nan,3.58347,6.45234,1,-0.261477,-0.677742,-0.874582,-0.268623,-0.530738,-0.644992,nan,nan,0,-0.24905,-0.0562787,-0.402001,-2.61295,-0.174525,-0.123519,nan,nan,0,0.000574969,0.278134,-0.224015,-0.317459,0.310287,0.229833,nan,nan,0,-0.0421403,0.790299,-1.46991,-4.51771,0.46893,0.572485,nan,nan,0,0.0591296,-0.2305,0.117265,0.782592,-0.180435,nan,1.57637,1.27259,1,-0.117902,0.0447678,-1.71,-1.25722,-0.0589511,nan,-0.546566,-1.00371,1,0,0.963172,-0.011244,0.02103,0.267823,0.238024,0.228778,-0.155975,0.525174,-1.54251,10.0316
1787645128036532492,0.644218,-0.764842,0.583332,0.399998,0.4,-0,-0.0426503,-0.00820207,0.0488852,0.541141,0.218585,0.217908,-0.0715243,-0.977789,0.41351,-0.5002,-6.52015,-0.0888943,0.109737,nan,nan,0,-1.18868,0.0192714,-0.00306892,-26.2515,-0.544338,-0.635538,nan,nan,0,0.112426,-0.187053,0.776384,-10.5739,-0.253787,-0.386891,nan,nan,0,-0.288033,0.495004,-0.365176,-19.4139,0.345984,0.301837,nan,nan,0,0.479391,-0.235379,-0.575712,2.26752,0.0296953,nan,10.1412,4.73518,1,0.549186,0.168948,0.29629,7.1739,0.274593,nan,2.72491,4.88446,1,-0.159232,-0.685604,-0.751834,0.708183,-0.479616,-0.587009,nan,nan,0,-0.272694,-0.0599222,-0.352901,-2.36874,-0.186347,-0.136426,nan,nan,0,0.0715588,0.275641,-0.230153,-0.512817,0.345779,0.258084,nan,nan,0,-0.236027,0.773234,-1.64176,-5.15263,0.371986,0.526925,nan,nan,0,0.031072,-0.228592,0.208767,0.623953,-0.194464,nan,0.881345,1.3282,1,-0.164513,0.0270236,-1.89589,-0.877715,-0.0822565,nan,-0.434569,-0.43337,1,0,0.963295,-0.010483,0.022455,0.267296,0.218585,0.217908,-0.0715243,-0.821681,0.606447,9.00764
1787645128046494008,0.558263,-0.829664,0.583332,0.399998,0.4,-0,-0.0426503,-0.00607514,0.0507302,0.540719,0.199467,0.162165,-0.0153966,-1.01885,0.408908,-0.506338,-7.00854,-0.109424,0.00239393,nan,nan,0,-0.726794,0.0192714,0.00920582,-25.9096,-0.313397,-0.615584,nan,nan,0,0.261983,-0.180725,0.672048,-9.49939,-0.179008,-0.324475,nan,nan,0,-0.284441,0.49232,-0.279252,-18.5348,0.347779,0.322221,nan,nan,0,0.558675,-0.237426,-0.335078,3.19539,0.0693377,nan,11.2394,7.45919,1,0.385685,0.163309,-0.548405,5.536,0.192843,nan,1.70862,3.83109,1,-0.0612803,-0.691548,-0.622948,1.48962,-0.43064,-0.528369,nan,nan,0,-0.261501,-0.0629902,-0.309939,-2.90598,-0.180751,-0.162209,nan,nan,0,0.0721342,0.274299,-0.113543,-0.268623,0.346067,0.30228,nan,nan,0,-0.404684,0.759044,-1.77678,-5.20146,0.287658,0.455466,nan,nan,0,0.00164436,-0.228661,0.306313,0.816661,-0.209178,nan,0.222457,1.19241,1,-0.203904,0.00550089,-1.92801,-0.663896,-0.101952,nan,-0.331564,-0.139639,1,0,0.963339,-0.0097,0.02363,0.267065,0.199467,0.162165,-0.0153966,-0.576098,0.103617,8.87708
1787645128056582768,0.465838,-0.88487,0.583332,0.399998,0.4,-0,-0.0426503,-0.00424504,0.0524023,0.540667,0.147291,0.169276,0.0106126,-1.13657,0.403156,-0.610673,-8.08303,-0.168284,-0.0756147,nan,nan,0,-0.356881,0.0192714,0.00306892,-25.2259,-0.12844,-0.499979,nan,nan,0,0.397825,-0.174589,0.604536,-7.20391,-0.111088,-0.249897,nan,nan,0,-0.254454,0.490402,-0.181053,-17.7045,0.362773,0.339532,nan,nan,0,0.692394,-0.239939,-0.0523502,6.41069,0.136197,nan,13.2433,9.75069,1,0.225933,0.156478,-0.897952,3.83002,0.112966,nan,0.0415776,2.96019,1,0.116195,-0.696725,-0.463376,3.15018,-0.341903,-0.473886,nan,nan,0,-0.244206,-0.0660582,-0.297665,-3.05251,-0.172103,-0.178559,nan,nan,0,0.0881746,0.274107,0.0214815,0.561661,0.354087,0.334622,nan,nan,0,-0.51792,0.737568,-2.01614,-9.20635,0.23104,0.369292,nan,nan,0,-0.0149344,-0.222424,0.401032,0.700366,-0.217467,nan,-0.428055,0.724285,1,-0.242169,-0.00898155,-1.86602,-0.450788,-0.121084,nan,-0.564053,-0.0756482,1,0,0.963334,-0.009041,0.02468,0.267014,0.147291,0.169276,0.0106126,-0.426425,0.302793,9.01347
1787645128066346336,0.368014,-0.92982,0.583332,0.399998,0.4,-0,-0.18606,-0.00310356,0.0538605,0.540839,0.116398,0.117716,0.018006,-1.20376,0.396061,-0.751834,-8.76679,-0.201878,-0.130523,nan,nan,0,-0.13101,0.0198464,0.101268,-21.5629,-0.0155052,-0.31929,nan,nan,0,0.540216,-0.166919,0.880719,-6.81319,-0.039892,-0.174484,nan,nan,0,-0.212021,0.489635,-0.0153437,-16.5812,0.383989,0.352745,nan,nan,0,0.838594,-0.238104,0.204866,8.70551,0.209297,nan,15.3517,11.6263,1,0.0685351,0.147094,-0.721376,2.96907,0.0342675,nan,-2.30275,1.66445,1,0.329761,-0.700177,-0.28539,3.88278,-0.235119,-0.410153,nan,nan,0,-0.193914,-0.068934,-0.303802,-3.00366,-0.146957,-0.180748,nan,nan,0,0.180925,0.274875,0.09513,1.48962,0.400463,0.350862,nan,nan,0,-0.575803,0.715709,-2.29846,-11.2088,0.202098,0.289528,nan,nan,0,-0.0219962,-0.220286,0.487825,0.622966,-0.220998,nan,-0.756659,0.0782988,1,-0.308865,-0.0308246,-1.75572,-0.213272,-0.154433,nan,-1.07465,-0.175642,1,0,0.963297,-0.008688,0.025534,0.267079,0.116398,0.117716,0.018006,-0.840273,-1.25638,9.22438
1787645128076474797,0.265924,-0.963994,0.583332,0.399998,0.4,-0,-0.18606,-0.00192104,0.0546269,0.540857,0.149593,0.0838697,-0.0324543,-1.10963,0.386473,-0.929819,-9.30403,-0.154813,-0.17335,nan,nan,0,0.170346,0.0221472,0.273115,-16.337,0.135173,-0.143999,nan,nan,0,0.558106,-0.154839,1.16918,-4.32234,-0.0309468,-0.101646,nan,nan,0,-0.194409,0.489827,0.0214815,-12.967,0.392795,0.367836,nan,nan,0,0.878595,-0.236559,0.511782,10.6366,0.229297,nan,15.5373,13.4783,1,-0.0875051,0.141669,-1.01227,2.13765,-0.0437526,nan,-4.04424,-0.201174,1,0.582108,-0.701519,-0.046031,5.25031,-0.108946,-0.325909,nan,nan,0,-0.0219348,-0.0725775,-0.346765,-2.02686,-0.0609674,-0.168631,nan,nan,0,0.324141,0.2766,0.199466,1.88034,0.472071,0.371664,nan,nan,0,-0.605285,0.687713,-2.70353,-13.7485,0.187357,0.23179,nan,nan,0,-0.0814988,-0.213895,0.542493,0.389615,-0.250749,nan,-2.10365,-0.521901,1,-0.400909,-0.047602,-1.61808,-0.403871,-0.200454,nan,-2.15846,-0.505256,1,0,0.963289,-0.008221,0.026061,0.26707,0.149593,0.0838697,-0.0324543,-0.283487,-1.22074,9.76177
1787645128086258286,0.160752,-0.986995,0.583332,0.399998,0.4,-0,-0.18606,-0.000157875,0.0553625,0.540256,0.228752,0.0581695,-0.0724396,-0.705673,0.375927,-1.11394,-9.15751,0.0471637,-0.182071,nan,nan,0,0.597781,0.0261741,0.481788,-8.57143,0.348891,0.0116251,nan,nan,0,0.48014,-0.141992,1.34103,-3.24786,-0.06993,-0.0506126,nan,nan,0,-0.049442,0.489827,-0.00306892,-11.3553,0.465279,0.382517,nan,nan,0,0.72362,-0.228746,0.751257,12.9705,0.15181,nan,12.1926,14.7754,1,-0.25604,0.122749,-1.8,0.41895,-0.12802,nan,-4.82308,-2.03442,1,0.991113,-0.700561,0.168778,7.59463,0.0955564,-0.219053,nan,nan,0,0.549655,-0.076221,-0.359039,-2.75946,0.224827,-0.126336,nan,nan,0,0.710705,0.279284,0.322214,2.0757,0.665352,0.414695,nan,nan,0,-0.649924,0.661252,-3.05337,-12.674,0.165038,0.19823,nan,nan,0,-0.111047,-0.20745,0.540971,-0.470548,-0.265524,nan,-2.84404,-1.30597,1,-0.659417,-0.0607911,-1.52104,-0.69072,-0.329709,nan,-5.78596,-1.1947,1,0,0.963366,-0.007462,0.026653,0.266755,0.228752,0.0581695,-0.0724396,-0.556451,0.317409,9.20001
1787645128096329587,0.0537174,-0.998556,0.583332,0.399998,0.4,-0,-0.18606,0.00261395,0.0558049,0.539532,0.331896,0.033106,-0.0737116,0.104881,0.363655,-1.28579,-9.54823,0.45244,-0.104072,nan,nan,0,0.813396,0.0325017,0.702735,-5.64103,0.456698,0.180287,nan,nan,0,0.194489,-0.129911,1.19373,-1.24542,-0.212756,-0.0415007,nan,nan,0,0.284731,0.489443,-0.0337563,-9.35287,0.632365,0.415139,nan,nan,0,0.20185,-0.223161,0.662917,16.1511,-0.109075,nan,2.99865,14.2547,1,-0.234328,0.105326,-1.8526,-3.05755,-0.117164,nan,-3.89579,-3.43476,1,1.51533,-0.6973,0.389727,9.59707,0.357663,-0.0715363,nan,nan,0,1.66949,-0.0796723,-0.328352,-1.78266,0.784744,0.0105278,nan,nan,0,1.34567,0.284462,0.604536,2.41758,0.982836,0.517124,nan,nan,0,-0.646683,0.625011,-3.4032,-11.6972,0.166659,0.177436,nan,nan,0,-0.0121188,-0.203092,0.474446,-0.981051,-0.216059,nan,-1.16551,-2.16999,1,-0.998794,-0.0773545,-1.57598,-1.3346,-0.499397,nan,-10.2973,-2.95091,1,0,0.963466,-0.006176,0.027238,0.266367,0.331896,0.033106,-0.0737116,-0.538746,-0.198971,7.79856
1787645128106176744,-0.0539402,-0.998544,0.583332,0.399998,0.4,-0,-0.18606,0.00657468,0.0556646,0.539006,0.486356,-0.0879275,-0.0263034,0.66797,0.349849,-1.37785,-8.13187,0.733985,0.1221,nan,nan,0,0.272843,0.0417056,1.02802,-3.34554,0.186422,0.339019,nan,nan,0,-0.247833,-0.120324,1.00347,-1.19658,-0.433917,-0.100307,nan,nan,0,0.552744,0.489252,-0.0214806,-6.91087,0.766372,0.502512,nan,nan,0,-0.191996,-0.219305,0.131899,15.7164,-0.305998,nan,-3.2321,10.1355,1,-0.0415991,0.0899794,-1.03112,-4.92525,-0.0207995,nan,-1.7767,-4.09952,1,1.74341,-0.691357,0.696597,11.3065,0.471703,0.132407,nan,nan,0,2.06176,-0.0821652,-0.199466,0.366302,0.98088,0.332279,nan,nan,0,1.63592,0.292707,1.07098,3.63858,1.12796,0.718873,nan,nan,0,-0.525816,0.592413,-3.63642,-8.57143,0.227092,0.166922,nan,nan,0,-0.0590996,-0.198613,0.329686,-1.45346,-0.23955,nan,-1.92732,-2.18508,1,-1.06351,-0.0938819,-1.83478,-2.7666,-0.531757,nan,-10.3841,-6.12,1,0,0.963548,-0.004242,0.027699,0.26606,0.486356,-0.0879275,-0.0263034,-1.01996,0.091811,8.49805
1787645128116180910,-0.160973,-0.986959,0.583332,0.399998,0.4,-0,-0.158264,0.0129278,0.054601,0.538253,0.770379,-0.121127,-0.149888,1.07219,0.337577,-1.3533,-3.10134,0.936096,0.432304,nan,nan,0,-0.262213,0.052444,1.26738,1.00122,-0.0811067,0.347176,nan,nan,0,-0.587381,-0.111311,0.813209,-2.75946,-0.603691,-0.24249,nan,nan,0,0.659611,0.489252,0.0214815,-1.63614,0.819806,0.631609,nan,nan,0,-0.338672,-0.221445,-0.387624,10.9337,-0.379336,nan,-4.94474,3.73225,1,0.0891888,0.086309,-0.194875,-4.34512,0.0445944,nan,-0.959124,-3.66025,1,1.67013,-0.683111,1.03416,16.1416,0.435065,0.330266,nan,nan,0,1.94873,-0.0825486,0.0521679,11.7949,0.924363,0.697638,nan,nan,0,1.30589,0.310156,2.07138,5.54334,0.962947,0.94512,nan,nan,0,-0.369911,0.558474,-3.82668,-5.05495,0.305045,0.18408,nan,nan,0,-0.0708816,-0.196072,0.198432,-1.2148,-0.245441,nan,-2.02554,-1.91392,1,-0.912975,-0.117138,-2.58165,-5.20045,-0.456488,nan,-6.30803,-8.7486,1,0,0.963671,-0.001029,0.028032,0.265615,0.770379,-0.121127,-0.149888,-0.387385,1.02454,9.70744
1787645128126206759,-0.266139,-0.963935,0.583332,0.399998,0.4,-0,-0.158264,0.021122,0.0537233,0.536163,0.842001,-0.0638611,-0.232872,1.26359,0.323579,-1.22441,2.3199,1.0318,0.722719,nan,nan,0,-0.316161,0.0668249,1.46378,5.44566,-0.10808,0.182692,nan,nan,0,-0.65307,-0.10786,-0.00920582,-4.37119,-0.636535,-0.426913,nan,nan,0,0.677966,0.490402,0.174916,9.25519,0.828983,0.746964,nan,nan,0,-0.326592,-0.229799,-0.754407,4.94339,-0.373296,nan,-3.89079,-1.6226,1,0.10903,0.0901586,0.0447833,-3.30726,0.0545152,nan,-1.13648,-2.54909,1,1.52404,-0.668346,1.49446,17.558,0.362021,0.436153,nan,nan,0,1.81435,-0.0783305,0.537024,27.4725,0.857177,0.907841,nan,nan,0,0.956093,0.343904,3.29886,9.64591,0.788047,1.03634,nan,nan,0,-0.291528,0.518206,-3.28659,-30.5006,0.344236,0.234945,nan,nan,0,-0.00161242,-0.187243,1.56247,-8.35225,-0.210806,nan,-3.16842,-2.05361,1,-0.849133,-0.138263,-1.95112,-9.47649,-0.424566,nan,-5.66243,-8.65369,1,0,0.963954,0.003066,0.028694,0.264498,0.842001,-0.0638611,-0.232872,0.135724,1.41124,8.62389
1787645128136204063,-0.368222,-0.929738,0.583332,0.399998,0.4,-0,-0.158264,0.029493,0.0513984,0.534405,1.04359,-0.586381,-0.0400522,1.23305,0.3138,-0.862308,7.64347,1.01652,0.929843,nan,nan,0,-0.213933,0.0796723,1.21828,6.81319,-0.0569664,0.00377702,nan,nan,0,-0.585778,-0.115338,-1.24897,-3.98046,-0.602889,-0.569676,nan,nan,0,0.682488,0.495004,0.598398,17.0208,0.831244,0.813991,nan,nan,0,-0.229535,-0.240102,-1.40382,0.0271687,-0.324768,nan,-0.857554,-3.99849,1,0.0674132,0.0863594,0.0197749,-2.53159,0.0337066,nan,-1.60925,-1.56367,1,0.758282,-0.651473,2.04683,16.5812,-0.0208591,0.436729,nan,nan,0,1.38431,-0.0721941,0.561574,41.978,0.642155,0.944799,nan,nan,0,0.690951,0.37075,2.74036,15.2137,0.655476,0.965097,nan,nan,0,-0.448094,0.490977,-2.2064,-22.6374,0.265953,0.2945,nan,nan,0,-0.273887,-0.158124,3.40336,-8.40264,-0.346944,nan,-11.7137,-3.0746,1,-0.790285,-0.152083,-0.625503,-10.8883,-0.395143,nan,-6.35355,-7.31447,1,0,0.964189,0.007434,0.028674,0.263553,1.04359,-0.586381,-0.0400522,4.48753,-3.8118,14.7844
1787645128146220090,-0.466036,-0.884766,0.583332,0.399998,0.4,-0,-0.158264,0.031822,0.0465591,0.538479,-0.128299,0.185179,0.698875,1.32993,0.307664,-0.494062,14.4811,1.06497,1.02573,nan,nan,0,0.156228,0.0909858,0.954369,-1.19658,0.128114,-0.0779256,nan,nan,0,-0.617048,-0.139307,-2.7956,-2.90598,-0.618524,-0.626518,nan,nan,0,0.845245,0.503441,0.972781,19.1697,0.912623,0.838632,nan,nan,0,-0.177172,-0.254482,-1.67702,-2.70265,-0.298586,nan,0.971905,-3.31183,1,0.0605452,0.0872135,-0.187208,-1.33092,0.0302726,nan,-1.42742,-1.26283,1,0.957561,-0.624627,2.60534,13.3089,0.0787806,0.275636,nan,nan,0,2.24663,-0.0683589,0.402001,42.906,1.07332,0.841578,nan,nan,0,1.41293,0.388007,1.02188,16.6789,1.01646,0.818059,nan,nan,0,-0.370515,0.475637,-1.56811,-14.8718,0.304742,0.308165,nan,nan,0,0.167156,-0.115269,4.5342,-5.82737,-0.126422,nan,-7.19167,-6.88144,1,-1.16591,-0.143188,1.01149,-9.35134,-0.582957,nan,-14.7103,-6.80756,1,0,0.963688,0.009142,0.026667,0.265536,-0.128299,0.185179,0.698875,-0.138247,5.56519,12.7636
1787645128156203046,-0.558449,-0.829539,0.583332,0.399998,0.4,-0,-0.158264,0.0338066,0.0508046,0.542345,0.265377,0.191896,-0.0112699,1.49641,0.305171,-0.168779,13.2601,1.14821,1.06048,nan,nan,0,0.142906,0.0986557,0.813209,-6.66666,0.121453,-0.0272575,nan,nan,0,-0.599354,-0.169603,-3.47685,-2.02686,-0.609677,-0.633756,nan,nan,0,0.831762,0.513795,1.21214,15.5067,0.905881,0.867447,nan,nan,0,-0.265291,-0.271204,-1.8869,-2.5046,-0.342646,nan,0.329894,-1.1233,1,0.0579484,0.0855048,-0.543489,-0.925289,0.0289742,nan,-0.880686,-1.22479,1,1.10046,-0.599316,2.88766,14.5788,0.150231,0.122653,nan,nan,0,2.50841,-0.0652909,0.28539,34.2613,1.20421,0.858614,nan,nan,0,1.09184,0.39165,0.199466,13.7485,0.85592,0.819103,nan,nan,0,-0.303547,0.463941,-1.23669,-7.98535,0.338227,0.303354,nan,nan,0,0.234611,-0.074839,4.43691,-3.77785,-0.0926947,nan,-7.28031,-9.27986,1,-1.01316,-0.126918,1.87409,-8.53397,-0.506579,nan,-14.201,-9.66755,1,0,0.963123,0.009477,0.028994,0.267323,0.265377,0.191896,-0.0112699,-1.30444,4.09985,10.8273
1787645128166223318,-0.64439,-0.764697,0.583332,0.399999,0.4,-0,-0.189897,0.0393415,0.0541203,0.54322,0.465547,0.124568,0.311627,1.31465,0.30613,0.187191,16.2882,1.05732,1.09803,nan,nan,0,0.215572,0.106901,0.837758,-8.76679,0.157786,0.0596895,nan,nan,0,-0.563881,-0.205077,-2.91221,-4.46886,-0.591941,-0.625079,nan,nan,0,0.588593,0.530478,1.68472,13.4066,0.784297,0.894284,nan,nan,0,-0.274051,-0.289916,-2.0545,-0.837122,-0.347025,nan,1.08293,0.465611,1,0.0310303,0.0782181,-0.856507,-0.675494,0.0155151,nan,-0.596329,-0.98075,1,1.35887,-0.569403,3.02268,8.81563,0.279434,0.0873093,nan,nan,0,1.64156,-0.0624146,0.328352,34.7009,0.770781,1.01033,nan,nan,0,0.981542,0.397978,1.08325,8.71795,0.800771,0.864412,nan,nan,0,-0.376755,0.450326,-1.2551,-3.88278,0.301623,0.313678,nan,nan,0,0.401076,-0.0406824,3.00455,-2.52361,-0.00946209,nan,-3.41412,-8.90345,1,-0.8983,-0.10027,2.80488,-10.7881,-0.44915,nan,-14.6737,-13.1783,1,0,0.962943,0.011684,0.031335,0.26762,0.465547,0.124568,0.311627,-7.52086,4.51783,7.29689
1787645128176207578,-0.722862,-0.690993,0.583332,0.399999,0.4,-0,-0.189897,0.0428598,0.0518606,0.544813,0.076474,-0.500994,0.0595738,1.22637,0.31054,0.494062,18.5348,1.01318,1.10226,nan,nan,0,0.153484,0.117064,0.929819,-4.0293,0.126742,0.123092,nan,nan,0,-0.520921,-0.234415,-2.61147,-3.39439,-0.57046,-0.609542,nan,nan,0,0.717997,0.550612,2.12662,12.2833,0.848998,0.867129,nan,nan,0,-0.17281,-0.312832,-2.00309,-0.0656294,-0.296405,nan,3.57958,1.23988,1,-0.0280327,0.0695432,-1.28494,-0.492674,-0.0140164,nan,-0.579382,-0.591415,1,0.413814,-0.536422,2.95517,13.2601,-0.193093,0.150708,nan,nan,0,1.60603,-0.0574293,0.512474,39.536,0.753014,1.00188,nan,nan,0,0.731039,0.415427,1.56811,9.30403,0.67552,0.853012,nan,nan,0,-0.44322,0.436712,-1.23669,-2.02686,0.26839,0.316321,nan,nan,0,-0.0996499,-0.0226497,1.20815,-3.32472,-0.259825,nan,-10.1134,-6.39376,1,-0.997379,-0.0715388,2.49415,-12.639,-0.49869,nan,-16.5558,-15.0776,1,0,0.96273,0.013657,0.030729,0.268363,0.076474,-0.500994,0.0595738,-4.97322,-2.57195,6.73996
1787645128186207707,-0.792956,-0.609279,0.583333,0.399999,0.4,-0,-0.189897,0.0410137,0.0472138,0.546603,-0.342516,-0.365253,0.267974,1.26845,0.316868,0.708872,17.6068,1.03423,1.06679,nan,nan,0,-0.058716,0.125692,0.843896,-2.41758,0.020642,0.145302,nan,nan,0,-0.557927,-0.259726,-2.56851,-1.3431,-0.588963,-0.590125,nan,nan,0,0.940565,0.574005,2.42735,7.88766,0.960283,0.840943,nan,nan,0,-0.120349,-0.329459,-1.89666,0.669051,-0.270174,nan,4.91995,2.27641,1,-0.0149173,0.0533254,-1.5087,-0.56954,-0.00745866,nan,0.439529,-0.302396,1,-0.216479,-0.507659,2.8447,16.2882,-0.50824,0.0751911,nan,nan,0,2.37964,-0.0516768,0.604536,35.2381,1.13982,0.880868,nan,nan,0,0.909944,0.433069,1.85657,7.35043,0.764972,0.783901,nan,nan,0,-0.372537,0.423098,-1.45764,3.34554,0.303732,0.298977,nan,nan,0,-0.302276,-0.0206538,-0.185546,-0.619078,-0.361138,nan,-11.6386,-6.0351,1,-1.16517,-0.0540944,1.44092,-13.828,-0.582583,nan,-18.016,-15.9403,1,0,0.962544,0.013369,0.028257,0.269314,-0.342516,-0.365253,0.267974,2.50843,-8.32771,9.37346
1787645128196393851,-0.853859,-0.520504,0.583333,0.399999,0.4,-0,-0.189897,0.0379188,0.0439865,0.550294,-0.0917171,-0.211721,0.538707,1.31053,0.324921,0.850033,16.1416,1.05527,1.03859,nan,nan,0,-0.151892,0.133362,0.751834,-1.00122,-0.0259459,0.106913,nan,nan,0,-0.555975,-0.286954,-2.72808,-0.122101,-0.587988,-0.58171,nan,nan,0,0.930703,0.599316,2.59306,3.24786,0.955352,0.874746,nan,nan,0,-0.175302,-0.348161,-1.71956,1.35537,-0.297651,nan,4.34721,3.68607,1,0.0462125,0.0377286,-1.57688,-0.290885,0.0231063,nan,1.92666,0.107143,1,0.0786301,-0.48139,2.56237,13.3089,-0.360685,-0.177829,nan,nan,0,2.62147,-0.0455408,0.573849,37.5336,1.26073,0.914445,nan,nan,0,1.14934,0.448025,1.34103,6.42247,0.88467,0.742964,nan,nan,0,-0.254035,0.407374,-1.63562,4.56654,0.362982,0.291295,nan,nan,0,-0.000403857,-0.0327617,-1.42084,-2.10479,-0.210202,nan,-4.07915,-7.97339,1,-1.23762,-0.0477118,0.681009,-14.948,-0.61881,nan,-18.1545,-16.716,1,0,0.962092,0.012267,0.02631,0.271173,-0.0917171,-0.211721,0.538707,-2.12837,-1.09404,6.28424
1787645128206458621,-0.904866,-0.425696,0.583333,0.399999,0.4,-0,-0.189897,0.0376578,0.0391861,0.555646,-0.0234945,-0.557774,0.566582,1.27306,0.334701,1.02802,13.9927,1.03653,1.03638,nan,nan,0,-0.15095,0.140074,0.64136,-0.854698,-0.0254751,0.0398241,nan,nan,0,-0.621096,-0.309965,-2.4519,-0.366302,-0.620548,-0.583001,nan,nan,0,0.775178,0.626162,2.70967,3.19902,0.877589,0.923412,nan,nan,0,-0.22402,-0.360496,-1.43246,2.7384,-0.32201,nan,3.49568,4.46951,1,0.0307858,0.0226491,-1.60756,0.175321,0.0153929,nan,2.19365,0.987362,1,0.128367,-0.457996,2.18799,8.13187,-0.335817,-0.354446,nan,nan,0,2.13196,-0.040555,0.512474,37.8266,1.01598,1.07265,nan,nan,0,1.05651,0.457037,0.831621,8.03419,0.838254,0.782705,nan,nan,0,-0.340312,0.391651,-1.77678,5.83639,0.319844,0.314743,nan,nan,0,-0.07427,-0.0530317,-2.52822,-4.39861,-0.247135,nan,-3.00129,-7.29211,1,-1.20447,-0.04174,0.255377,-16.8503,-0.602237,nan,-17.198,-17.3862,1,0,0.9614,0.01273,0.024,0.273807,-0.0234945,-0.557774,0.566582,0.622909,-2.13566,8.83208
1787645128216359736,-0.945385,-0.325954,0.583333,0.399999,0.4,-0,-0.420459,0.038096,0.0335775,0.562608,0.197899,-0.365219,0.852434,1.03033,0.346014,1.19987,15.9463,0.915164,1.03878,nan,nan,0,-0.0299923,0.145251,0.438826,-0.65934,0.0350038,-0.00867815,nan,nan,0,-0.574119,-0.334892,-2.19413,-0.170937,-0.597059,-0.596317,nan,nan,0,0.534075,0.653198,2.75877,4.56654,0.757038,0.92544,nan,nan,0,-0.294877,-0.370706,-0.988801,3.08522,-0.357439,nan,1.94757,4.28369,1,-0.0288845,0.00737569,-1.49181,0.864499,-0.0144422,nan,1.58317,1.85867,1,0.28756,-0.439588,1.72155,4.85959,-0.25622,-0.392239,nan,nan,0,1.45567,-0.035378,0.506338,45.4945,0.677835,1.12357,nan,nan,0,1.25792,0.461448,0.254703,11.746,0.93896,0.827843,nan,nan,0,-0.464782,0.373242,-1.56811,0.512817,0.257609,0.330081,nan,nan,0,0.072543,-0.0816192,-2.8115,-9.19215,-0.173729,nan,0.99342,-4.69397,1,-1.22702,-0.0370274,0.864047,-18.8646,-0.61351,nan,-18.5905,-17.5812,1,0,0.960473,0.013636,0.021412,0.277212,0.197899,-0.365219,0.852434,3.43219,-1.108,8.16749
1787645128226405233,-0.974948,-0.222435,0.583333,0.399999,0.4,-0,-0.420459,0.0392349,0.0284698,0.570904,-0.0071473,-0.473017,0.794088,0.782602,0.359053,1.33489,12.2833,0.791301,0.998475,nan,nan,0,0.138816,0.147744,0.162642,-1.39194,0.119408,-0.00889931,nan,nan,0,-0.513188,-0.356751,-2.20027,0.170937,-0.566594,-0.603805,nan,nan,0,0.411796,0.681386,2.83242,3.10134,0.695898,0.862943,nan,nan,0,-0.208419,-0.376767,-0.569244,3.13427,-0.314209,nan,3.04338,3.27527,1,-0.101565,-0.00813095,-1.09569,1.27454,-0.0507823,nan,0.363994,2.06882,1,-0.0230258,-0.425399,1.31034,2.95483,-0.411513,-0.348047,nan,nan,0,1.18152,-0.0298171,0.610673,40.757,0.540759,0.972505,nan,nan,0,1.2346,0.460873,-0.107405,13.6508,0.927298,0.876711,nan,nan,0,-0.542244,0.361738,-0.972781,-4.61539,0.218878,0.30842,nan,nan,0,-0.163337,-0.102193,-1.6628,-9.89003,-0.291668,nan,-4.13743,-1.799,1,-1.18918,-0.0221712,1.74685,-18.2729,-0.59459,nan,-19.7928,-18.156,1,0,0.95933,0.014813,0.019179,0.281241,-0.0071473,-0.473017,0.794088,2.08532,0.452604,13.5032
1787645128236344235,-0.99321,-0.116337,0.583333,0.399999,0.4,-0,-0.420459,0.0377198,0.0222505,0.579197,-0.178796,-0.346789,0.953643,0.636155,0.373242,1.46991,11.5995,0.718078,0.907064,nan,nan,0,0.213036,0.148128,0.00306892,-2.8083,0.156518,0.0402702,nan,nan,0,-0.4195,-0.378995,-2.22482,0.366302,-0.51975,-0.592276,nan,nan,0,0.32432,0.709765,2.78332,-2.17339,0.65216,0.775456,nan,nan,0,-0.110346,-0.380757,-0.233344,2.36578,-0.265173,nan,4.39544,2.65209,1,-0.0771871,-0.0137714,-0.589851,1.23061,-0.0385936,nan,0.140112,1.431,1,-0.158489,-0.413702,1.15077,1.05006,-0.479245,-0.342651,nan,nan,0,1.18972,-0.0240645,0.543161,36.4103,0.544859,0.745681,nan,nan,0,1.18037,0.461256,0.09513,14.7253,0.900187,0.915477,nan,nan,0,-0.451514,0.355601,-0.586123,-7.15507,0.264243,0.265568,nan,nan,0,-0.149092,-0.112522,-0.509475,-4.47191,-0.284546,nan,-5.25662,-1.61848,1,-1.13855,-0.00910141,1.02215,-16.3607,-0.569274,nan,-18.3384,-19.1416,1,0,0.958188,0.014896,0.016045,0.285298,-0.178796,-0.346789,0.953643,4.83072,-2.03553,14.6971
1787645128246299563,-0.99996,-0.00889068,0.583333,0.399999,0.4,-0,-0.420459,0.036497,0.0192441,0.587987,0.0656838,-0.206813,0.717211,0.589617,0.388582,1.54356,8.52259,0.694808,0.803788,nan,nan,0,0.203866,0.147936,0.00306892,-5.39683,0.151933,0.103368,nan,nan,0,-0.421484,-0.398553,-1.7461,-0.317459,-0.520742,-0.561551,nan,nan,0,0.215092,0.737952,2.4519,-9.10867,0.597546,0.700529,nan,nan,0,-0.103427,-0.38075,-0.0403445,1.93961,-0.261714,nan,4.22679,3.06776,1,-0.0163674,-0.0173269,-0.139504,0.735797,-0.00818369,nan,0.483553,0.582248,1,-0.156233,-0.402772,1.05871,0.561661,-0.478116,-0.397367,nan,nan,0,1.02473,-0.0190792,0.463376,28.3516,0.462367,0.590455,nan,nan,0,0.899521,0.462598,0.162642,15.0183,0.759761,0.921599,nan,nan,0,-0.316609,0.351766,-0.26084,-11.16,0.331695,0.247008,nan,nan,0,-0.069973,-0.112523,0.225078,-4.83476,-0.244986,nan,-4.97384,-3.4208,1,-1.07241,-0.00910141,-0.335511,-17.1224,-0.536207,nan,-15.3099,-19.0731,1,0,0.956941,0.014676,0.014495,0.289547,0.0656838,-0.206813,0.717211,0.473049,4.84915,9.59723
1787645128256292539,-0.995121,0.0986586,0.583333,0.399999,0.4,-0,-0.420459,0.0405728,0.0184188,0.592984,0.484074,-0.154884,0.32437,0.546362,0.404306,1.61721,4.85959,0.673181,0.728718,nan,nan,0,0.27307,0.148703,0.125817,-3.83395,0.186535,0.143552,nan,nan,0,-0.410989,-0.407949,-0.653635,-3.68742,-0.515495,-0.533749,nan,nan,0,0.158941,0.757702,2.09593,-13.7485,0.56947,0.640578,nan,nan,0,-0.0840892,-0.380743,0.139305,2.35998,-0.252045,nan,4.2955,3.7092,1,-0.0371493,-0.0157466,0.0785818,0.0523905,-0.0185747,nan,-0.202714,0.158543,1,-0.144771,-0.39261,1.00347,-1.8315,-0.472386,-0.450723,nan,nan,0,0.521218,-0.0158195,0.254703,27.3748,0.210609,0.502735,nan,nan,0,0.550381,0.466433,0.512474,12.8694,0.585191,0.866419,nan,nan,0,-0.428886,0.350424,-0.131955,-10.9646,0.275557,0.272816,nan,nan,0,-0.183984,-0.104263,0.774926,-4.37566,-0.301992,nan,-8.08291,-4.92489,1,-0.962837,-0.0184252,-1.35977,-18.4972,-0.481418,nan,-11.8501,-17.2809,1,0,0.956184,0.016709,0.014732,0.291916,0.484074,-0.154884,0.32437,-2.32365,2.27644,7.62768
1787645128266488907,-0.978748,0.205064,0.583333,0.399999,0.4,-0,-0.301419,0.0451258,0.016336,0.594662,0.312838,-0.313841,0.0422097,0.463954,0.420413,1.61107,5.34798,0.631977,0.686573,nan,nan,0,0.21011,0.150045,0.113543,-0.463982,0.155055,0.168656,nan,nan,0,-0.290522,-0.412935,-0.573849,-1.29426,-0.455261,-0.518713,nan,nan,0,0.187634,0.775918,1.48219,-18.2906,0.583817,0.595641,nan,nan,0,-0.0690243,-0.376739,0.357994,2.97918,-0.244512,nan,4.09096,4.07108,1,-0.0372983,-0.0158415,0.195184,0.0525422,-0.0186492,nan,-0.377005,-0.111515,1,-0.608299,-0.383405,0.90527,-2.27106,-0.704149,-0.475907,nan,nan,0,0.334335,-0.0152445,0.00920582,21.5629,0.117168,0.379318,nan,nan,0,0.25996,0.471994,0.530887,10.8181,0.43998,0.743195,nan,nan,0,-0.422743,0.350232,0.0337563,-9.25519,0.278628,0.289903,nan,nan,0,-0.389718,-0.0980557,0.656886,-3.29803,-0.404859,nan,-11.7235,-6.47993,1,-0.869221,-0.0324884,-1.44166,-17.7297,-0.434611,nan,-9.90118,-14.4398,1,0,0.9559,0.019178,0.014417,0.292709,0.312838,-0.313841,0.0422097,-3.05344,0.658903,6.24189
1787645128276288306,-0.951032,0.309094,0.583333,0.399999,0.4,-0,-0.301419,0.0477085,0.0136665,0.594445,0.147659,-0.271393,-0.0336142,0.378587,0.436328,1.56811,4.51771,0.589294,0.656197,nan,nan,0,0.123506,0.150428,-0.00920582,3.44322,0.111753,0.173248,nan,nan,0,-0.153461,-0.419454,-0.64136,-0.65934,-0.386731,-0.493705,nan,nan,0,0.267962,0.786848,0.923681,-18.3883,0.623981,0.576546,nan,nan,0,-0.0589938,-0.372701,0.612453,3.1693,-0.239497,nan,3.74347,4.11095,1,0.0242369,-0.0125724,0.153396,-0.0190655,0.0121185,nan,0.510631,-0.319896,1,-0.921395,-0.37516,0.782521,-2.46642,-0.860698,-0.556079,nan,nan,0,0.496339,-0.0158195,-0.0705805,15.9463,0.198169,0.23578,nan,nan,0,0.139836,0.476404,0.457238,6.03175,0.379918,0.587814,nan,nan,0,-0.338119,0.350999,0.0828552,-7.39927,0.32094,0.288078,nan,nan,0,-0.50696,-0.0959607,-0.0781192,-3.56273,-0.46348,nan,-12.746,-8.76587,1,-0.786388,-0.0424658,-0.805058,-14.9983,-0.393194,nan,-9.31426,-11.8279,1,0,0.955906,0.020805,0.013517,0.29262,0.147659,-0.271393,-0.0336142,-1.82748,1.27855,9.78197
1787645128286260540,-0.912292,0.40954,0.583333,0.399999,0.4,-0,-0.301419,0.0482541,0.0113654,0.593128,-0.140397,-0.41504,-0.188942,0.337519,0.451477,1.48219,3.5409,0.56876,0.62291,nan,nan,0,0.0857429,0.149086,-0.162642,2.71062,0.0928714,0.151251,nan,nan,0,-0.103554,-0.428275,-1.07712,2.22222,-0.361777,-0.446283,nan,nan,0,0.26203,0.792601,0.426551,-17.9976,0.621015,0.58855,nan,nan,0,-0.0908465,-0.366622,0.894816,2.77803,-0.255423,nan,2.54975,3.87363,1,0.101983,-0.00894581,0.124543,-0.396954,0.0509917,nan,1.61131,-0.112207,1,-1.07472,-0.368065,0.684322,-6.71551,-0.93736,-0.699805,nan,nan,0,0.669546,-0.0173535,-0.181053,10.4274,0.284773,0.16885,nan,nan,0,-0.0260918,0.478705,0.0583057,3.05251,0.296954,0.45728,nan,nan,0,-0.26608,0.351958,0.107405,-7.54578,0.35696,0.296821,nan,nan,0,-0.566683,-0.102098,-0.895384,-5.85837,-0.493341,nan,-12.3504,-10.8605,1,-0.6648,-0.0466861,-0.42959,-11.6931,-0.3324,nan,-7.92703,-10.1867,1,0,0.956092,0.021411,0.012483,0.292015,-0.140397,-0.41504,-0.188942,-4.5822,0.967043,9.34668
1787645128296317451,-0.862979,0.50524,0.583333,0.399999,0.4,-0,-0.301419,0.0472533,0.0088006,0.592481,-0.133477,-0.326632,0.147847,0.169872,0.465475,1.38399,2.66178,0.484936,0.591337,nan,nan,0,0.0421937,0.146977,-0.224015,1.5873,0.0710968,0.120204,nan,nan,0,-0.0125051,-0.440547,-1.10781,3.58974,-0.316253,-0.397117,nan,nan,0,-0.068024,0.793751,0.0276184,-13.1624,0.455988,0.607612,nan,nan,0,-0.170606,-0.354465,1.17474,2.8941,-0.295303,nan,0.308564,3.19238,1,0.143045,-0.00980248,0.105602,-0.0917558,0.0715223,nan,2.28134,0.632392,1,-0.84907,-0.362313,0.518612,-8.66911,-0.824535,-0.838894,nan,nan,0,0.300915,-0.0196548,-0.242428,9.59707,0.100457,0.194783,nan,nan,0,0.0751771,0.475829,-0.438826,1.14774,0.347589,0.36044,nan,nan,0,-0.219199,0.353492,0.162642,-8.13187,0.3804,0.322631,nan,nan,0,-0.507986,-0.11441,-1.61073,-8.3184,-0.463993,nan,-9.81931,-11.8428,1,-0.561918,-0.0479238,-0.305328,-10.0298,-0.280959,nan,-6.53306,-8.96837,1,0,0.956194,0.021311,0.011104,0.291743,-0.133477,-0.326632,0.147847,-3.62606,2.86212,8.81562
1787645128306246370,-0.803663,0.595084,0.583333,0.399999,0.4,-0,-0.301419,0.0464786,0.00630405,0.594317,-0.137824,-0.21801,0.197517,0.0714327,0.478897,1.32875,0.561661,0.435716,0.545116,nan,nan,0,-0.0173235,0.144292,-0.279252,1.29426,0.0413382,0.0920001,nan,nan,0,0.0327812,-0.447258,-0.487926,3.34554,-0.293609,-0.352838,nan,nan,0,-0.414496,0.791834,-0.291528,-11.16,0.282752,0.564765,nan,nan,0,-0.232519,-0.342232,1.4282,2.12228,-0.326259,nan,-1.58327,1.81936,1,0.194883,-0.00966288,0.219717,0.613104,0.0974416,nan,2.88356,1.52844,1,-0.547687,-0.358861,0.254703,-11.5018,-0.673843,-0.884292,nan,nan,0,-0.210892,-0.0221472,-0.230153,8.18071,-0.155446,0.184946,nan,nan,0,-0.0228537,0.468159,-0.935957,0.463982,0.298573,0.321892,nan,nan,0,-0.231316,0.355793,0.26084,-6.52015,0.374342,0.353472,nan,nan,0,-0.467929,-0.13504,-2.07742,-10.845,-0.443965,nan,-7.69623,-11.167,1,-0.413022,-0.0529329,-0.126188,-9.56364,-0.206511,nan,-4.41806,-7.68024,1,0,0.95593,0.021296,0.009817,0.292654,-0.137824,-0.21801,0.197517,-1.55573,2.51304,7.51096
1787645128316295340,-0.735033,0.678031,0.583333,0.399999,0.4,-0,-0.342798,0.0450641,0.00462085,0.597335,-0.249258,-0.298211,0.452952,0.203393,0.490402,1.24283,0.21978,0.501696,0.488296,nan,nan,0,-0.285739,0.141416,-0.33449,0.805862,-0.0928697,0.0648205,nan,nan,0,0.303688,-0.449367,-0.168779,3.83395,-0.158156,-0.316317,nan,nan,0,-0.674803,0.786848,-0.586123,-13.7485,0.152599,0.443966,nan,nan,0,-0.46991,-0.329969,1.54341,1.61962,-0.444955,nan,-6.33961,-0.0365004,1,0.221119,-0.00574092,0.442213,0.917044,0.11056,nan,2.82569,2.24765,1,-0.485173,-0.358094,0.0276184,-10.5739,-0.642587,-0.816737,nan,nan,0,-0.671266,-0.0236812,-0.156505,6.66666,-0.385633,0.0570388,nan,nan,0,-0.0815829,0.457996,-1.18145,0.170937,0.269209,0.309176,nan,nan,0,-0.122469,0.359245,0.432689,-9.10867,0.428765,0.372427,nan,nan,0,-0.286984,-0.153661,-2.14069,-11.25,-0.353492,nan,-3.78304,-9.36743,1,-0.198148,-0.0515003,0.267122,-8.47574,-0.099074,nan,-1.82789,-6.17328,1,0,0.955499,0.020853,0.008837,0.294122,-0.249258,-0.298211,0.452952,-1.37752,2.26864,6.24687
1787645128326281688,-0.657883,0.75312,0.583333,0.399999,0.4,-0,-0.342798,0.0421045,0.00199286,0.602259,-0.379348,-0.21687,0.534957,0.40042,0.503249,1.14463,-1.68498,0.60021,0.47021,nan,nan,0,-0.453926,0.136814,-0.444963,0.903542,-0.176963,0.00274651,nan,nan,0,0.455684,-0.448409,0.199466,4.07815,-0.0821578,-0.251965,nan,nan,0,-0.67789,0.777069,-1.05257,-19.9512,0.151055,0.292627,nan,nan,0,-0.653819,-0.313546,1.57704,-0.273286,-0.53691,nan,-10.1833,-2.95935,1,0.283005,0.00168973,0.882998,1.69279,0.141503,nan,2.86989,2.56241,1,-0.483874,-0.359245,-0.11968,-11.16,-0.641937,-0.719584,nan,nan,0,-0.747606,-0.0248318,-0.0889931,3.10134,-0.423803,-0.153975,nan,nan,0,-0.165585,0.445149,-1.21214,0.0244217,0.227208,0.291194,nan,nan,0,-0.0316618,0.36634,0.733422,-8.71795,0.474169,0.395801,nan,nan,0,-0.149481,-0.174441,-1.93243,-10.2272,-0.28474,nan,-0.961835,-6.67123,1,-0.0664723,-0.0434535,0.836527,-6.78298,-0.0332362,nan,-0.948271,-4.31139,1,0,0.954796,0.019808,0.007195,0.296513,-0.379348,-0.21687,0.534957,-0.326796,-0.596852,7.69479
1787645128336295185,-0.573109,0.819479,0.583333,0.399999,0.4,-0,-0.342798,0.0376044,-0.000299507,0.608663,-0.497035,-0.117765,0.713338,0.449004,0.513987,1.05871,-1.73382,0.624502,0.513463,nan,nan,0,-0.720167,0.13202,-0.512475,-2.02686,-0.310084,-0.087236,nan,nan,0,0.413873,-0.443615,0.702735,3.93163,-0.103064,-0.165313,nan,nan,0,-0.638,0.76403,-1.61721,-24.6398,0.171,0.186211,nan,nan,0,-0.765416,-0.301158,1.41846,-2.28516,-0.592708,nan,-12.3319,-6.69063,1,0.363387,0.0203471,1.45314,1.79104,0.181693,nan,2.66068,2.53999,1,-0.571686,-0.360587,-0.125817,-10.0855,-0.685843,-0.657818,nan,nan,0,-0.635984,-0.0257907,-0.09513,-3.10134,-0.367992,-0.331982,nan,nan,0,-0.263302,0.43211,-1.34103,0.21978,0.178349,0.262183,nan,nan,0,0.111107,0.375544,1.00961,-8.27839,0.545553,0.432703,nan,nan,0,-0.035035,-0.19325,-1.61097,-7.28942,-0.227518,nan,1.2171,-3.5933,1,0.00878186,-0.0346262,1.51097,-5.13493,0.00439093,nan,-1.09595,-2.63342,1,0,0.953878,0.017982,0.005491,0.299605,-0.497035,-0.117765,0.713338,-0.286191,1.35907,6.97857
1787645128346348970,-0.481692,0.876341,0.583333,0.399999,0.4,-0,-0.342798,0.0330614,-2.83699e-06,0.615013,-0.432311,0.0723447,0.537895,0.372236,0.523959,0.991194,-1.97802,0.586118,0.574628,nan,nan,0,-1.03737,0.126268,-0.604536,-5.59219,-0.468686,-0.197117,nan,nan,0,0.168529,-0.432302,1.32261,3.68742,-0.225735,-0.110261,nan,nan,0,-0.610349,0.742554,-2.36598,-22.9792,0.184825,0.149477,nan,nan,0,-0.818161,-0.290714,1.00529,-5.15087,-0.619081,nan,-13.0008,-10.0468,1,0.422607,0.0384376,1.95111,1.85274,0.211304,nan,2.25932,2.4021,1,-0.702854,-0.361546,-0.0767183,-9.89011,-0.751427,-0.649384,nan,nan,0,-0.4405,-0.0273247,-0.21174,-9.25519,-0.27025,-0.402248,nan,nan,0,-0.370195,0.420221,-1.10167,-1.24542,0.124903,0.221834,nan,nan,0,0.331639,0.386089,1.21828,-7.10622,0.655819,0.48564,nan,nan,0,0.0132079,-0.203712,-1.16211,-4.06652,-0.203396,nan,1.7542,-0.84169,1,0.00916217,-0.0115323,2.12918,-2.93212,0.00458108,nan,-2.71037,-1.76936,1,0,0.95296,0.015755,0.005002,0.302642,-0.432311,0.0723447,0.537895,-2.04836,0.024204,6.774
1787645128356418341,-0.384692,0.923045,0.583333,0.399999,0.4,-0,-0.342798,0.0286282,0.000774015,0.619702,-0.461023,0.0570744,0.391158,0.347101,0.533354,0.899132,-0.903542,0.573551,0.601616,nan,nan,0,-1.27914,0.119173,-0.745697,-8.66911,-0.589572,-0.331517,nan,nan,0,-0.108236,-0.414852,1.8443,2.5641,-0.364118,-0.133548,nan,nan,0,-0.637307,0.710723,-3.12702,-20.5861,0.171347,0.155627,nan,nan,0,-0.944284,-0.284184,0.346214,-7.6452,-0.682142,nan,-14.4479,-12.1393,1,0.543553,0.0563989,2.39626,1.92381,0.271776,nan,2.86693,2.14448,1,-0.837436,-0.361929,-0.046031,-8.13187,-0.818718,-0.686826,nan,nan,0,-0.243365,-0.0309677,-0.395864,-10.9157,-0.171682,-0.370407,nan,nan,0,-0.400127,0.409675,-1.05871,-2.85714,0.109937,0.173121,nan,nan,0,0.489105,0.401046,1.42081,-5.9829,0.734552,0.564164,nan,nan,0,-0.0311039,-0.214106,-0.835873,-2.26205,-0.225552,nan,0.853209,0.978655,1,0.00219694,0.00970449,2.44552,-2.35416,0.00109847,nan,-3.92646,-2.04851,1,0,0.952283,0.013514,0.004733,0.30488,-0.461023,0.0570744,0.391158,-1.23953,-1.01412,4.83592
1787645128366372221,-0.283233,0.959051,0.583333,0.399999,0.4,-0,-0.373737,0.024399,0.00108151,0.622721,-0.388899,0.0637321,0.229123,0.369889,0.541791,0.825483,1.0989,0.584944,0.596472,nan,nan,0,-1.41966,0.11016,-0.972781,-11.453,-0.659829,-0.471442,nan,nan,0,-0.208348,-0.394335,2.07752,0.65934,-0.414174,-0.229869,nan,nan,0,-0.636871,0.679085,-3.60573,-16.6789,0.171565,0.167152,nan,nan,0,-1.04111,-0.285651,-0.556282,-9.25411,-0.730553,nan,-14.7371,-13.3256,1,0.569067,0.0838878,2.71366,1.51007,0.284534,nan,1.94889,2.04158,1,-0.895148,-0.362696,-0.0767183,-8.47375,-0.847574,-0.749793,nan,nan,0,-0.120385,-0.0357614,-0.494062,-10.0366,-0.110193,-0.280999,nan,nan,0,-0.319014,0.398554,-1.13235,-3.73627,0.150493,0.132686,nan,nan,0,0.564098,0.414852,1.56197,-1.53846,0.772049,0.654228,nan,nan,0,-0.0374541,-0.218101,-0.375327,-0.347908,-0.228727,nan,0.191067,1.42822,1,0.0330012,0.0372204,2.63303,-2.23326,0.0165006,nan,-4.57115,-3.12279,1,0,0.951848,0.011447,0.004252,0.306325,-0.388899,0.0637321,0.229123,0.110129,-0.157196,4.35268
1787645128376423007,-0.178491,0.983942,0.583333,0.399999,0.4,-0,-0.373737,0.0197541,0.00179231,0.624506,-0.517506,0.104837,0.158187,0.306939,0.549461,0.733422,1.0989,0.553469,0.587539,nan,nan,0,-1.48279,0.0980802,-1.31648,-13.0159,-0.691394,-0.586748,nan,nan,0,-0.3454,-0.374776,1.86884,-1.05006,-0.4827,-0.336032,nan,nan,0,-0.644959,0.636707,-3.93102,-11.7949,0.167521,0.172089,nan,nan,0,-1.0488,-0.294972,-1.44424,-9.96106,-0.734401,nan,-13.2136,-13.9469,1,0.59012,0.11018,2.97339,1.58032,0.29506,nan,1.08631,1.83606,1,-0.994007,-0.36423,-0.205604,-8.57143,-0.897003,-0.808648,nan,nan,0,0.0187094,-0.0403633,-0.4511,-8.42491,-0.0406453,-0.185103,nan,nan,0,-0.262893,0.38724,-1.07712,-4.90842,0.178553,0.124876,nan,nan,0,0.71867,0.433836,1.7952,4.61539,0.849335,0.728183,nan,nan,0,-0.0270265,-0.217846,0.0791238,-0.421936,-0.223513,nan,-0.317032,0.90511,1,0.0400272,0.063028,2.40682,-2.8031,0.0200136,nan,-4.90067,-4.18682,1,0,0.951599,0.009124,0.003887,0.30718,-0.517506,0.104837,0.158187,0.108304,-3.81936,3.02849
1787645128386334815,-0.0716807,0.997428,0.583333,0.399999,0.4,-0,-0.373737,0.0133246,0.0021841,0.626207,-0.651275,0.137127,0.19213,0.23004,0.556364,0.745697,-0.512817,0.51502,0.573753,nan,nan,0,-1.46142,0.0829325,-1.57425,-22.2466,-0.68071,-0.661136,nan,nan,0,-0.264491,-0.361162,0.991194,-3.2967,-0.442246,-0.42265,nan,nan,0,-0.582216,0.601617,-2.99199,-52.3321,0.198892,0.171789,nan,nan,0,-0.901394,-0.302294,0.0641723,-26.3499,-0.660697,nan,-12.6404,-13.8453,1,0.625492,0.133622,1.50623,5.65933,0.312746,nan,3.11437,1.50009,1,-1.01905,-0.367298,-0.322214,-8.03419,-0.909523,-0.858302,nan,nan,0,0.0689939,-0.043623,-0.181053,-16.6789,-0.015503,-0.102094,nan,nan,0,-0.220698,0.377269,-0.911407,-7.30159,0.199651,0.144801,nan,nan,0,0.713848,0.453203,2.02842,6.95971,0.846924,0.792981,nan,nan,0,-0.0187427,-0.213376,0.451857,-0.22414,-0.219371,nan,-0.887606,0.103351,1,0.0416162,0.0852927,1.95549,-3.63746,0.0208081,nan,-4.86777,-4.81758,1,0,0.951362,0.006002,0.003091,0.307999,-0.651275,0.137127,0.19213,-0.051386,-3.34342,3.19965
1787645128396455790,0.0359606,0.999353,0.583333,0.399999,0.4,-0,-0.373737,0.00744743,-0.00025614,0.628381,0.118239,-0.948037,-0.152525,1.00701,0.560391,0.273115,10.232,0.903507,0.548778,nan,nan,0,-1.80949,0.0687423,-1.3042,-29.5726,-0.854746,-0.691108,nan,nan,0,-0.564454,-0.351191,1.21214,-8.66911,-0.592227,-0.460562,nan,nan,0,-0.759173,0.585702,-1.36558,-62.1978,0.110413,0.179611,nan,nan,0,-1.37246,-0.280343,3.34346,-23.1878,-0.896231,nan,-26.5713,-14.1058,1,0.827995,0.124329,-1.85726,4.7502,0.413997,nan,11.4759,2.55535,1,-0.997748,-0.372092,-0.567711,-9.93895,-0.898874,-0.893542,nan,nan,0,0.0759457,-0.0403633,0.512474,-13.0647,-0.0120272,-0.0433664,nan,nan,0,-0.24775,0.376886,0.5002,-12.7717,0.186125,0.173145,nan,nan,0,0.902326,0.477171,2.58692,7.64347,0.941163,0.836006,nan,nan,0,-0.136936,-0.206796,0.785265,-0.345871,-0.278468,nan,-3.68642,-0.632103,1,0.0926925,0.102393,1.77036,-4.38035,0.0463463,nan,-4.33696,-4.99747,1,0,0.95104,0.003581,0.001029,0.309045,0.118239,-0.948037,-0.152525,10.6444,2.93605,18.0513
1787645128406457714,0.143185,0.989696,0.583333,0.399999,0.4,-0,-0.373737,0.0171007,-0.00433118,0.617267,1.17908,0.821043,-1.27811,0.151205,0.559624,-0.199466,9.79243,0.475602,0.65145,nan,nan,0,-3.11986,0.0570459,-1.27351,-25.8608,-1.50993,-0.751427,nan,nan,0,-1.58193,-0.333358,2.19413,-14.0415,-1.10097,-0.510737,nan,nan,0,-0.63065,0.5811,-0.193328,-45.6899,0.174675,0.162392,nan,nan,0,-0.960347,-0.246026,4.371,-15.8478,-0.690173,nan,-22.1017,-18.9698,1,1.20521,0.0996323,-3.20219,4.57156,0.602607,nan,19.8925,6.67431,1,-0.708868,-0.378612,-0.794796,-5.59219,-0.754434,-0.906207,nan,nan,0,0.0907445,-0.0330768,0.850033,-4.37119,-0.00462776,-0.0141691,nan,nan,0,-0.382515,0.385514,0.702735,-6.86203,0.118742,0.188571,nan,nan,0,1.29689,0.500948,2.57465,12.2833,1.13845,0.882993,nan,nan,0,-0.193786,-0.200322,0.629734,-0.1971,-0.306893,nan,-4.67458,-1.93551,1,0.0088129,0.114533,1.0939,-3.86198,0.00440645,nan,-4.94464,-4.74955,1,0,0.952706,0.008804,0.000534,0.303763,1.17908,0.821043,-1.27811,7.7759,0.848976,33.3934
1787645128416440428,0.24875,0.968568,0.583333,0.399999,0.4,-0,-0.117895,0.018462,0.00393064,0.611582,-0.373445,1.10034,-0.0464568,-1.17942,0.555214,-0.487926,8.32722,-0.189711,0.660077,nan,nan,0,-2.82316,0.0440063,-1.28579,-32.2589,-1.36158,-1.02996,nan,nan,0,-1.10789,-0.310732,1.97932,-13.895,-0.863947,-0.728166,nan,nan,0,-0.305874,0.580717,-0.00306892,-42.8571,0.337063,0.153831,nan,nan,0,-0.108264,-0.211492,3.30831,-13.0361,-0.264132,nan,-6.80486,-22.8033,1,1.13575,0.0697847,-2.66074,4.81637,0.567875,nan,18.9338,13.2161,1,-1.10718,-0.388966,-1.11394,-8.03419,-0.953589,-0.859133,nan,nan,0,-0.0118634,-0.0248318,0.776384,-1.24542,-0.0559317,-0.00371668,nan,nan,0,-0.0297821,0.380337,-0.985056,-0.610504,0.295109,0.169603,nan,nan,0,0.923602,0.528368,2.75263,15.2137,0.951801,0.986905,nan,nan,0,-0.137435,-0.198065,0.446735,-1.30645,-0.278718,nan,-3.49293,-3.42008,1,-0.00587524,0.113341,0.0181007,-3.38973,-0.00293762,nan,-3.51552,-4.42977,1,0,0.953571,0.008211,0.004653,0.301017,-0.373445,1.10034,-0.0464568,-6.74006,-9.90626,19.8107
1787645128426346485,0.351432,0.936213,0.583333,0.399999,0.4,-0,-0.117895,0.0147443,0.0129837,0.618382,-0.419344,0.186189,1.32384,-0.397932,0.549078,-0.573849,5.0061,0.201034,0.355534,nan,nan,0,-2.18524,0.0315428,-1.04029,-48.5714,-1.04262,-1.28567,nan,nan,0,0.309205,-0.301528,0.199466,-15.2625,-0.155398,-0.886341,nan,nan,0,-0.246733,0.580142,-0.107405,-35.7265,0.366634,0.214946,nan,nan,0,-0.126724,-0.192982,0.673443,-13.9258,-0.273362,nan,-3.82347,-18.1563,1,0.866833,0.0612815,0.821019,8.21101,0.433416,nan,9.93252,17.5078,1,-1.26225,-0.40258,-1.27351,-7.59463,-1.03112,-0.860977,nan,nan,0,-0.270267,-0.0186958,0.377452,10.525,-0.185133,-0.0186173,nan,nan,0,0.259174,0.363463,-1.66017,-0.122101,0.439587,0.197605,nan,nan,0,0.540935,0.560583,3.04723,16.5812,0.760468,1.02582,nan,nan,0,-0.0643781,-0.194168,0.17201,-2.64914,-0.242189,nan,-1.93874,-3.97341,1,-0.00291144,0.108216,-0.957472,-3.20272,-0.00145572,nan,-1.85396,-3.78095,1,0,0.952548,0.005047,0.008427,0.304228,-0.419344,0.186189,1.32384,-18.5894,-6.8557,10.2064
1787645128436428021,0.450041,0.893008,0.583333,0.399999,0.4,-0,-0.117895,0.0114019,0.015111,0.631454,-0.429996,-0.0188799,1.21583,0.0634186,0.543517,-0.537024,-3.88278,0.431709,0.139938,nan,nan,0,-1.80949,0.0232978,-0.745697,-54.5788,-0.854743,-1.28116,nan,nan,0,0.4096,-0.30402,-0.168779,-19.6581,-0.1052,-0.683112,nan,nan,0,-0.352245,0.577265,-0.340627,-29.5726,0.313877,0.299602,nan,nan,0,-0.265408,-0.198656,-1.16733,-12.0998,-0.342704,nan,-3.29068,-9.93675,1,0.757176,0.0925085,4.23904,12.9973,0.378588,nan,2.22382,15.4784,1,-1.24965,-0.415236,-1.27965,-8.96215,-1.02482,-0.932357,nan,nan,0,-0.175577,-0.0186958,-0.14423,7.25275,-0.137789,-0.0825953,nan,nan,0,0.0284879,0.342562,-2.39053,6.2271,0.324244,0.299296,nan,nan,0,0.773233,0.59318,3.38479,9.30403,0.876616,0.936769,nan,nan,0,-0.0188678,-0.194496,-0.131959,-3.03706,-0.219434,nan,-0.674892,-3.29907,1,0.0333809,0.0943072,-1.64723,-3.20236,0.0166904,nan,0.14235,-2.63001,1,0,0.950541,0.003073,0.008952,0.310453,-0.429996,-0.0188799,1.21583,-3.65403,4.05406,13.8767
1787645128446469658,0.543433,0.839453,0.583333,0.399999,0.4,-0,-0.117895,0.00927103,0.0155725,0.643118,-0.318952,0.030494,1.00658,0.293085,0.538531,-0.512475,-8.52259,0.546542,0.192948,nan,nan,0,-1.69831,0.0171614,-0.530887,-54.1392,-0.799154,-1.10105,nan,nan,0,0.317093,-0.300186,0.684322,-13.6996,-0.151454,-0.35692,nan,nan,0,-0.394874,0.573813,-0.346765,-23.5165,0.292563,0.336081,nan,nan,0,-0.418712,-0.209342,-1.85255,-7.84044,-0.419356,nan,-4.57165,-4.30846,1,0.789314,0.152439,7.1479,11.5714,0.394657,nan,-3.45532,8.5349,1,-1.2362,-0.428467,-1.35944,-11.5018,-1.0181,-0.996421,nan,nan,0,0.0317679,-0.0219555,-0.365176,1.78266,-0.034116,-0.133137,nan,nan,0,-0.0565054,0.320894,-1.8443,5.68987,0.281747,0.35567,nan,nan,0,0.797462,0.628079,3.56891,3.58974,0.888731,0.865886,nan,nan,0,-0.00392568,-0.196931,-0.38082,-2.27946,-0.211963,nan,0.0451195,-1.95629,1,0.0771581,0.0766708,-2.06262,-1.8863,0.0385791,nan,1.95118,-1.03145,1,0,0.948716,0.001937,0.008852,0.315999,-0.318952,0.030494,1.00658,-0.238315,3.20715,4.16112
1787645128456518334,0.630527,0.776167,0.583333,0.399999,0.4,-0,-0.117895,0.00561341,0.0154528,0.649661,-0.382758,-0.0835996,0.332235,0.228236,0.533354,-0.506338,-8.86447,0.514118,0.361003,nan,nan,0,-1.59361,0.0135183,-0.33449,-45.6899,-0.746807,-0.917411,nan,nan,0,-0.0113933,-0.281969,2.32301,-11.5995,-0.315697,-0.168698,nan,nan,0,-0.407005,0.572471,0.0767183,-32.8449,0.286497,0.32705,nan,nan,0,-0.321038,-0.220926,-1.05098,-8.35396,-0.370519,nan,-3.6593,-2.70096,1,0.768784,0.211923,5.02993,13.0197,0.384392,nan,-2.37082,1.10901,1,-1.24887,-0.443039,-1.51287,-8.81563,-1.02444,-1.02386,nan,nan,0,0.160004,-0.0257907,-0.371314,-1.0989,0.0300018,-0.113852,nan,nan,0,-0.264106,0.310732,-0.66591,2.90598,0.177947,0.339809,nan,nan,0,0.800126,0.663361,3.51367,-4.90842,0.890063,0.857875,nan,nan,0,-0.00449624,-0.203427,-0.545404,-1.17456,-0.212248,nan,0.509356,-0.65076,1,0.0969764,0.0515265,-2.33276,-0.929656,0.0484882,nan,3.408,0.80761,1,0,0.947679,0.000194,0.008218,0.319117,-0.382758,-0.0835996,0.332235,-2.0527,-1.0685,12.5885
1787645128466351197,0.710313,0.703886,0.583333,0.399999,0.4,-0,-0.355544,0.000361933,0.0117871,0.650932,-0.334914,-0.338914,0.0151868,0.396385,0.528368,-0.512475,-1.44078,0.598192,0.483142,nan,nan,0,-1.63719,0.0119843,-0.0767183,-36.6544,-0.768596,-0.797354,nan,nan,0,-0.0548321,-0.252631,3.04109,-7.88766,-0.337416,-0.167865,nan,nan,0,-0.503043,0.575156,0.26084,-23.7607,0.238479,0.305742,nan,nan,0,-0.402162,-0.225844,-0.268014,-3.94816,-0.411081,nan,-6.08126,-3.1456,1,0.733132,0.238898,1.31186,4.59682,0.366566,nan,1.86226,-2.0161,1,-1.2846,-0.459722,-1.697,-9.15751,-1.0423,-1.0298,nan,nan,0,0.122369,-0.029242,-0.309939,-2.95483,0.0111845,-0.0489771,nan,nan,0,-0.267315,0.308239,-0.125817,1.14774,0.176342,0.273507,nan,nan,0,0.888521,0.697493,3.305,-3.98046,0.93426,0.871693,nan,nan,0,-0.020273,-0.207808,-0.613981,-0.586104,-0.220137,nan,0.489476,0.244076,1,0.081008,0.0312445,-2.20641,0.190541,0.040504,nan,3.5874,2.50282,1,0,0.947485,-0.001713,0.005642,0.319744,-0.334914,-0.338914,0.0151868,5.56072,0.86724,17.7872
1787645128476610868,0.781866,0.623446,0.583333,0.399999,0.4,-0,-0.355544,-0.000622738,0.0111909,0.648178,-0.0638247,0.26655,-0.673348,-0.0104738,0.522808,-0.561574,0.65934,0.394763,0.555046,nan,nan,0,-1.7981,0.0102587,-0.26084,-23.7607,-0.849051,-0.750457,nan,nan,0,-0.591654,-0.225595,2.44576,-5.9829,-0.605827,-0.24833,nan,nan,0,-0.481487,0.576114,0.00920582,-21.3187,0.249256,0.275456,nan,nan,0,-0.392389,-0.228175,-0.264027,-2.13141,-0.406194,nan,-5.83465,-4.44648,1,0.922796,0.233694,-1.10562,0.490823,0.461398,nan,8.48955,-0.501428,1,-1.07772,-0.47813,-1.87498,-6.95971,-0.938859,-1.03417,nan,nan,0,0.119218,-0.0321183,-0.291528,-0.708183,0.00960891,-0.000326162,nan,nan,0,-0.306462,0.310924,0.383589,-2.71062,0.156769,0.209629,nan,nan,0,0.821726,0.728556,3.00427,-4.66422,0.900863,0.898428,nan,nan,0,-0.0677779,-0.214119,-0.605261,0.0779915,-0.243889,nan,-0.134057,0.653397,1,0.0631457,0.010886,-1.83412,1.4981,0.0315729,nan,3.37178,3.51657,1,0,0.947925,-0.002077,0.005205,0.318442,-0.0638247,0.26655,-0.673348,6.94651,0.38424,12.8624
1787645128486336955,0.844357,0.535781,0.583333,0.399999,0.4,-0,-0.355544,-0.00434732,0.015548,0.638906,-0.497322,0.525123,-1.00093,-0.681419,0.517247,-0.573849,1.68498,0.0592906,0.52687,nan,nan,0,-1.24066,0.00508118,-0.635223,-21.1233,-0.570329,-0.773526,nan,nan,0,-0.906721,-0.210638,1.17532,-4.37119,-0.76336,-0.399599,nan,nan,0,-0.503038,0.573813,-0.33449,-20.928,0.238481,0.253313,nan,nan,0,-0.178651,-0.230947,-0.548878,-3.06645,-0.299325,nan,-1.56994,-5.46271,1,0.863442,0.212892,-1.89348,-0.0205408,0.431721,nan,9.40508,3.85903,1,-0.969717,-0.497497,-2.03456,-5.9829,-0.884858,-1.00546,nan,nan,0,-0.0148403,-0.0348024,-0.242428,0.0244217,-0.0574201,0.0165291,nan,nan,0,-0.319565,0.311499,-0.138092,-2.22222,0.150217,0.171265,nan,nan,0,0.62696,0.75636,2.78946,-2.85714,0.80348,0.91153,nan,nan,0,-0.091713,-0.220359,-0.563494,0.663634,-0.255857,nan,-0.397178,0.514996,1,0.0706517,-0.00400829,-1.14826,2.51747,0.0353259,nan,2.90242,3.70606,1,0,0.949371,-0.004505,0.006698,0.314053,-0.497322,0.525123,-1.00093,-1.50577,-0.434429,5.33874
1787645128496302449,0.897062,0.441905,0.583333,0.399999,0.4,-0,-0.355544,-0.0101146,0.0195333,0.631292,-0.641643,0.339309,-0.553043,-0.674507,0.511494,-0.530887,0.757019,0.0627465,0.345646,nan,nan,0,-0.783027,-0.00431442,-1.04029,-20.2442,-0.341513,-0.725195,nan,nan,0,-0.341048,-0.207953,-0.156505,-6.03175,-0.480524,-0.588822,nan,nan,0,-0.44828,0.568444,-0.684322,-21.2698,0.26586,0.242478,nan,nan,0,0.00543904,-0.240138,-0.983502,-4.1745,-0.20728,nan,2.62528,-4.35026,1,0.706535,0.191376,-1.90519,3.58749,0.353267,nan,7.71452,7.77246,1,-0.988677,-0.519356,-2.1573,-5.9829,-0.894338,-0.948047,nan,nan,0,-0.296391,-0.036912,-0.187191,1.00122,-0.198195,-0.00492318,nan,nan,0,-0.194455,0.306897,-0.537024,-2.27106,0.212772,0.152785,nan,nan,0,0.438265,0.783397,2.60534,-5.44566,0.709133,0.877545,nan,nan,0,-0.0227101,-0.22659,-0.44489,-0.191806,-0.221355,nan,0.850566,0.0939815,1,0.100781,-0.0124248,-0.3218,2.419,0.0503904,nan,2.36716,3.26241,1,0,0.950523,-0.007839,0.007714,0.310459,-0.641643,0.339309,-0.553043,-0.369587,-0.095352,0.8651
1787645128506250945,0.939369,0.342908,0.583333,0.399999,0.4,-0,-0.355544,-0.0171782,0.0230013,0.625958,-0.670194,0.409697,-0.513033,-0.531877,0.506701,-0.457238,-5.10378,0.134061,0.16147,nan,nan,0,-0.524646,-0.0165868,-1.27351,-21.9536,-0.212323,-0.562227,nan,nan,0,-0.0226795,-0.216391,-1.00961,-10.0855,-0.32134,-0.628634,nan,nan,0,-0.381143,0.558857,-0.90527,-24.5421,0.299428,0.246855,nan,nan,0,0.11976,-0.253395,-1.08142,-5.1704,-0.15012,nan,5.23676,-1.12718,1,0.623429,0.180835,-1.84083,8.21251,0.311715,nan,6.68763,9.02113,1,-0.831894,-0.541024,-2.18185,-5.59219,-0.815947,-0.905782,nan,nan,0,-0.445177,-0.0380626,-0.0828552,-0.122101,-0.272588,-0.0820402,nan,nan,0,-0.211583,0.299994,-0.739559,-1.97802,0.204209,0.167354,nan,nan,0,0.344228,0.80564,2.42735,-7.30159,0.662114,0.801902,nan,nan,0,0.0460983,-0.228666,-0.389425,0.00215906,-0.186951,nan,2.04418,0.152421,1,0.122993,-0.0063479,0.445997,2.25256,0.0614966,nan,1.36634,2.52033,1,0,0.951291,-0.011712,0.008297,0.307957,-0.670194,0.409697,-0.513033,-0.905487,-1.04452,1.56108
1787645128516337787,0.970789,0.239936,0.583333,0.399999,0.4,-0,-0.162375,-0.0232701,0.0269453,0.621347,-0.500419,0.318247,-0.404355,-0.434532,0.502674,-0.383589,-11.2088,0.182734,0.0912259,nan,nan,0,-0.43928,-0.0280914,-1.04029,-26.1538,-0.16964,-0.37147,nan,nan,0,0.012397,-0.222527,-0.217878,-15.2137,-0.303802,-0.513373,nan,nan,0,-0.337561,0.550612,-0.751834,-28.6935,0.32122,0.268276,nan,nan,0,0.119906,-0.258284,-0.318208,-4.50512,-0.150047,nan,4.26561,2.34704,1,0.674165,0.158604,-2.07435,9.12686,0.337083,nan,8.46589,8.50123,1,-0.730216,-0.562308,-2.08365,-7.15507,-0.765108,-0.864219,nan,nan,0,-0.443602,-0.0376787,0.113543,-5.88522,-0.271801,-0.182355,nan,nan,0,-0.211049,0.292899,-0.653635,-2.02686,0.204476,0.190535,nan,nan,0,0.238931,0.830376,2.1573,-16.9231,0.609466,0.722273,nan,nan,0,0.051965,-0.232831,-0.331882,0.272699,-0.184017,nan,2.20629,0.893832,1,0.124354,-0.00109727,0.93325,1.7532,0.0621769,nan,0.49835,1.6875,1,0,0.951928,-0.015195,0.00927,0.305801,-0.500419,0.318247,-0.404355,1.17261,1.41643,4.86938
1787645128526281334,0.990957,0.134183,0.583333,0.399999,0.4,-0,-0.162375,-0.0251034,0.0291261,0.616435,0.0369472,0.153883,-0.645629,-0.33456,0.499223,-0.322214,-12.5275,0.23272,0.111227,nan,nan,0,-0.824735,-0.0340357,-0.359039,-24.9817,-0.362368,-0.233038,nan,nan,0,-0.238623,-0.212939,1.46991,-17.851,-0.429311,-0.385109,nan,nan,0,-0.362354,0.545818,-0.414276,-29.6703,0.308823,0.29593,nan,nan,0,-0.0452813,-0.252879,0.854405,-0.527188,-0.232641,nan,-0.573283,3.97224,1,0.79556,0.136377,-1.69644,7.46672,0.39778,nan,10.3868,8.26282,1,-0.663427,-0.581867,-1.89339,-5.25031,-0.731713,-0.813653,nan,nan,0,-0.384924,-0.035378,0.254703,-9.25519,-0.242462,-0.25099,nan,nan,0,-0.276029,0.290022,-0.11968,-3.2967,0.171985,0.202938,nan,nan,0,0.226153,0.847633,1.78906,-19.6581,0.603077,0.656048,nan,nan,0,0.00734107,-0.234893,-0.254303,1.0867,-0.206329,nan,1.38116,1.68511,1,0.133736,0.0125026,1.1673,1.30236,0.0668678,nan,-0.119997,0.843608,1,0,0.952644,-0.016376,0.010068,0.303479,0.0369472,0.153883,-0.645629,-0.292888,2.3266,10.0543
1787645128536427014,0.999639,0.0268751,0.583333,0.399999,0.4,-0,-0.162375,-0.0258255,0.031069,0.608663,-0.0903903,0.409956,-0.849823,-0.685895,0.495579,-0.389727,-7.78999,0.0570523,0.16725,nan,nan,0,-0.956356,-0.0328851,0.248566,-12.7228,-0.428178,-0.230913,nan,nan,0,-0.529302,-0.193572,1.94863,-13.2601,-0.574651,-0.354931,nan,nan,0,-0.432303,0.5439,-0.125817,-27.2772,0.273848,0.311029,nan,nan,0,0.0238322,-0.243004,1.13959,3.41425,-0.198084,nan,-0.137192,2.63552,1,0.764078,0.128465,-0.230517,6.19551,0.382039,nan,7.953,8.81862,1,-0.660489,-0.599508,-1.72155,-3.63858,-0.730244,-0.766511,nan,nan,0,-0.314246,-0.0328851,0.217878,-6.66666,-0.207123,-0.26834,nan,nan,0,-0.336978,0.289639,-0.046031,-2.51526,0.141511,0.196073,nan,nan,0,0.321181,0.861631,1.206,-19.5116,0.65059,0.614965,nan,nan,0,-0.0191481,-0.236911,-0.159152,1.24161,-0.219574,nan,0.845508,1.8491,1,0.104498,0.0245282,1.25303,0.638296,0.0522489,nan,-1.04793,0.118933,1,0,0.953792,-0.016972,0.01095,0.299786,-0.0903903,0.409956,-0.849823,-0.21317,-5.505,14.3212
1787645128546418074,0.996735,-0.0807445,0.583333,0.399999,0.4,-0,-0.162375,-0.0275414,0.0350361,0.599939,-0.140555,0.410202,-0.828427,-0.857197,0.490594,-0.537024,-5.54334,-0.0285983,0.155844,nan,nan,0,-0.846424,-0.0290504,0.414276,-11.4042,-0.373212,-0.316573,nan,nan,0,-0.519481,-0.178999,1.18145,-8.86447,-0.569741,-0.431584,nan,nan,0,-0.473894,0.543708,-0.0153437,-21.3187,0.253053,0.302187,nan,nan,0,0.0638928,-0.234649,0.919122,4.51308,-0.178054,nan,0.602143,0.742104,1,0.698061,0.136245,0.716257,7.94965,0.349031,nan,5.30919,8.56631,1,-0.677669,-0.615999,-1.62949,-0.903542,-0.738834,-0.737401,nan,nan,0,-0.340201,-0.0321183,0.0214815,-5.68987,-0.2201,-0.24832,nan,nan,0,-0.269443,0.287147,-0.371314,-1.39194,0.175278,0.172674,nan,nan,0,0.286525,0.869876,0.524749,-19.9023,0.633262,0.614517,nan,nan,0,-0.0115572,-0.236825,-0.0505325,1.28143,-0.215779,nan,0.812411,1.45534,1,0.0896551,0.0369839,1.23418,0.282532,0.0448275,nan,-1.61596,-0.575633,1,0,0.955037,-0.018329,0.012665,0.295648,-0.140555,0.410202,-0.828427,-3.46615,-6.15638,13.1911
1787645128556483565,0.982278,-0.187428,0.583333,0.399999,0.4,-0,-0.162375,-0.0287163,0.0391682,0.592925,0.00327953,0.384844,-0.516499,-0.884032,0.484457,-0.653635,-6.56898,-0.0420162,0.0763988,nan,nan,0,-0.973501,-0.0254068,0.352901,-10.2808,-0.436751,-0.374778,nan,nan,0,-0.370166,-0.176315,-0.138092,-7.64347,-0.495083,-0.519093,nan,nan,0,-0.437919,0.542558,-0.162642,-20.293,0.27104,0.279321,nan,nan,0,0.0845658,-0.230177,0.146324,3.34729,-0.167717,nan,1.96662,0.185819,1,0.700605,0.144761,1.02407,8.10541,0.350302,nan,4.63015,7.03428,1,-0.658338,-0.631914,-1.54356,-0.561661,-0.729169,-0.729555,nan,nan,0,-0.413722,-0.0328851,-0.09513,-6.61783,-0.256861,-0.227419,nan,nan,0,-0.158022,0.280435,-0.782521,-0.512817,0.230989,0.162713,nan,nan,0,0.225406,0.871219,-0.0214815,-16.5324,0.602703,0.626506,nan,nan,0,0.0181729,-0.2367,0.0500131,0.934348,-0.200914,nan,1.17749,1.01877,1,0.0644966,0.0482518,1.09531,-0.262007,0.0322483,nan,-2.12308,-1.22081,1,0,0.956011,-0.019449,0.014533,0.292322,0.00327953,0.384844,-0.516499,-2.54572,0.457385,9.39059
1787645128566318071,0.956437,-0.29194,0.583333,0.399999,0.4,-0,-0.215691,-0.0269723,0.0439075,0.589783,0.241528,0.340868,-0.140426,-0.831896,0.477363,-0.733422,-9.15751,-0.0159479,0.000925595,nan,nan,0,-1.39033,-0.0227227,0.248566,-14.7741,-0.645166,-0.409333,nan,nan,0,-0.105616,-0.182642,-0.807072,-7.69231,-0.362808,-0.540793,nan,nan,0,-0.347433,0.539682,-0.359039,-18.5348,0.316283,0.266747,nan,nan,0,0.175696,-0.233916,-0.592377,2.36146,-0.122152,nan,4.80029,0.959644,1,0.727825,0.155613,0.937185,7.08333,0.363913,nan,4.84321,5.46267,1,-0.649051,-0.646295,-1.39013,-0.854698,-0.724525,-0.72907,nan,nan,0,-0.435133,-0.0342274,-0.131955,-6.95971,-0.267567,-0.230706,nan,nan,0,-0.0179826,0.272573,-0.684322,-1.0989,0.301009,0.184782,nan,nan,0,0.192602,0.868342,-0.395864,-15.2625,0.586301,0.622777,nan,nan,0,0.0498549,-0.236553,0.14215,0.936204,-0.185073,nan,1.5886,0.894405,1,0.0173111,0.0553679,0.785645,-0.499039,0.00865556,nan,-2.57984,-1.74333,1,0,0.956429,-0.01928,0.017084,0.290823,0.241528,0.340868,-0.140426,-4.62312,0.258677,7.20473
1787645128576293590,0.91951,-0.393067,0.583333,0.399999,0.4,-0,-0.215691,-0.0232027,0.0476744,0.58865,0.324886,0.306321,-0.0975507,-0.755221,0.469693,-0.76411,-12.6252,0.0223893,-0.0300709,nan,nan,0,-1.65259,-0.0204215,0.230153,-17.1673,-0.776297,-0.499401,nan,nan,0,-0.0934678,-0.192613,-0.966643,-8.71795,-0.356734,-0.480455,nan,nan,0,-0.297695,0.534313,-0.586123,-19.3651,0.341153,0.280585,nan,nan,0,0.245744,-0.23967,-0.886479,2.1774,-0.087128,nan,6.66869,2.803,1,0.743242,0.159643,0.342566,6.88916,0.371621,nan,5.84551,4.77291,1,-0.62072,-0.659142,-1.23669,-1.48962,-0.71036,-0.727457,nan,nan,0,-0.321382,-0.0355697,-0.150367,-6.66666,-0.210691,-0.247768,nan,nan,0,0.010778,0.267588,-0.4511,-1.0989,0.315389,0.235781,nan,nan,0,0.174381,0.862015,-0.751834,-12.4298,0.577191,0.606602,nan,nan,0,0.0454612,-0.234408,0.210594,0.707018,-0.187269,nan,1.33395,1.08951,1,-0.00172057,0.0607239,0.380799,-1.16203,-0.000860286,nan,-2.41873,-2.1517,1,0,0.956581,-0.018013,0.019444,0.290257,0.324886,0.306321,-0.0975507,-2.40263,2.13703,7.11741
1787645128586267300,0.871925,-0.489639,0.583333,0.399999,0.4,-0,-0.215691,-0.0206759,0.0512881,0.587538,0.196768,0.27933,-0.138709,-0.823487,0.462407,-0.708872,-13.7973,-0.0117433,-0.0182488,nan,nan,0,-1.55663,-0.0173535,0.359039,-22.9304,-0.728315,-0.635837,nan,nan,0,-0.00280645,-0.196257,0.00306892,-10.7692,-0.311403,-0.405612,nan,nan,0,-0.308349,0.527985,-0.635223,-20.7326,0.335825,0.309656,nan,nan,0,0.363148,-0.250302,-0.781829,1.13867,-0.0284262,nan,8.9384,5.01041,1,0.669222,0.156308,-0.965201,6.40848,0.334611,nan,6.79688,5.26743,1,-0.635101,-0.670456,-1.08939,-0.65934,-0.71755,-0.721024,nan,nan,0,-0.274117,-0.0371037,-0.156505,-6.76434,-0.187059,-0.243132,nan,nan,0,-0.0484686,0.26452,-0.26084,-0.317459,0.285766,0.285003,nan,nan,0,0.163402,0.853577,-1.00961,-12.7717,0.571701,0.589666,nan,nan,0,0.0640265,-0.23029,0.274864,1.13754,-0.177987,nan,1.41832,1.24822,1,-0.0472644,0.0637231,-0.0997833,-1.51903,-0.0236322,nan,-2.47098,-2.29084,1,0,0.956716,-0.017316,0.021549,0.289705,0.196768,0.27933,-0.138709,0.084347,0.613519,6.21127
1787645128596538857,0.814235,-0.580536,0.583333,0.399999,0.4,-0,-0.215691,-0.0187142,0.052477,0.584993,0.254298,0.142791,-0.389689,-0.718939,0.455887,-0.64136,-12.674,0.0405304,-0.00629564,nan,nan,0,-1.35088,-0.0131345,0.426551,-28.2051,-0.625439,-0.72253,nan,nan,0,-0.0293029,-0.190121,0.831621,-11.7949,-0.324651,-0.348547,nan,nan,0,-0.368856,0.522425,-0.5002,-17.7534,0.305572,0.330476,nan,nan,0,0.278272,-0.254924,-0.299613,3.83647,-0.0708642,nan,6.8915,7.07881,1,0.637714,0.143586,-1.18888,4.82478,0.318857,nan,7.04144,6.36536,1,-0.585861,-0.680235,-0.948232,-0.757019,-0.692931,-0.716477,nan,nan,0,-0.236217,-0.039021,-0.217878,-5.73871,-0.168108,-0.218256,nan,nan,0,-0.141398,0.263561,0.00306892,0.463982,0.239301,0.302236,nan,nan,0,0.110644,0.839963,-1.33489,-10.6227,0.545322,0.577538,nan,nan,0,0.0510562,-0.228255,0.335739,1.13699,-0.184472,nan,1.02879,1.31476,1,-0.0724103,0.0580169,-0.561139,-1.709,-0.0362051,nan,-1.98495,-2.2573,1,0,0.957084,-0.016521,0.022423,0.288467,0.254298,0.142791,-0.389689,2.64395,-0.826889,11.3181
1787645128606352936,0.747107,-0.664704,0.583333,0.399999,0.4,-0,-0.215691,-0.0170092,0.0535532,0.57956,0.280813,0.335402,-0.664798,-0.923266,0.449367,-0.659773,-10.8669,-0.061633,0.0106963,nan,nan,0,-1.22135,-0.00949144,0.328352,-24.7375,-0.560674,-0.712861,nan,nan,0,-0.127202,-0.178999,1.19373,-9.69475,-0.373601,-0.320746,nan,nan,0,-0.343242,0.518398,-0.414276,-17.2161,0.318379,0.32837,nan,nan,0,0.364345,-0.255177,0.12824,5.62952,-0.0278274,nan,7.76487,7.69493,1,0.593223,0.138235,-0.241658,5.14074,0.296612,nan,5.11379,6.93798,1,-0.453649,-0.688864,-0.813209,-0.65934,-0.626825,-0.707735,nan,nan,0,-0.182478,-0.0418973,-0.303802,-4.46886,-0.141239,-0.190572,nan,nan,0,-0.173671,0.264328,0.107406,0.708183,0.223164,0.283143,nan,nan,0,0.0216743,0.824815,-1.59266,-8.22955,0.500837,0.563017,nan,nan,0,0.0408471,-0.224226,0.420064,0.979432,-0.189576,nan,0.582642,1.21368,1,-0.107356,0.0505578,-0.946126,-1.70963,-0.053678,nan,-1.70789,-2.0186,1,0,0.957863,-0.015797,0.023227,0.285847,0.280813,0.335402,-0.664798,5.13875,1.15544,13.0873
1787645128616434001,0.671319,-0.741168,0.583333,0.399999,0.4,-0,-0.0563572,-0.0153035,0.0565393,0.5728,0.219182,0.436731,-0.608346,-1.34403,0.442848,-0.696597,-10.4274,-0.272015,-0.00417416,nan,nan,0,-1.08616,-0.00776577,0.14423,-24.3956,-0.493078,-0.646121,nan,nan,0,-0.0917313,-0.168261,1.16918,-9.54823,-0.355866,-0.331794,nan,nan,0,-0.317317,0.514562,-0.340627,-15.7021,0.331342,0.320801,nan,nan,0,0.594117,-0.250833,0.362449,7.5377,0.0870586,nan,11.2825,7.59542,1,0.479113,0.139867,0.560299,6.10001,0.239556,nan,2.15024,6.20682,1,-0.329356,-0.69615,-0.672048,-0.610504,-0.564678,-0.676644,nan,nan,0,-0.262927,-0.0451574,-0.371314,-3.73627,-0.181464,-0.164095,nan,nan,0,-0.129341,0.26452,-0.0337563,0.952377,0.24533,0.251655,nan,nan,0,-0.123449,0.808899,-1.80133,-5.9829,0.428275,0.536104,nan,nan,0,0.0338749,-0.220188,0.526085,0.703933,-0.193063,nan,0.160277,0.891916,1,-0.115841,0.0356184,-1.27078,-1.54414,-0.0579207,nan,-0.900001,-1.67233,1,0,0.958794,-0.015322,0.024953,0.282587,0.219182,0.436731,-0.608346,2.21666,-1.04973,9.75095
1787645128626325538,0.587751,-0.809042,0.583333,0.399999,0.4,-0,-0.0563572,-0.0135866,0.060603,0.567333,0.245321,0.397156,-0.478405,-1.53334,0.434986,-0.751834,-10.525,-0.366669,-0.104835,nan,nan,0,-0.920703,-0.00757408,-0.00306892,-23.956,-0.410351,-0.565508,nan,nan,0,0.0342446,-0.156373,1.01574,-10.6715,-0.292878,-0.349203,nan,nan,0,-0.262368,0.511111,-0.340627,-17.1673,0.358816,0.322045,nan,nan,0,0.766559,-0.248521,0.171855,8.72074,0.173279,nan,14.5052,8.7677,1,0.355412,0.147117,0.676517,6.23269,0.177706,nan,-0.0971106,4.28546,1,-0.175317,-0.701903,-0.555436,-0.122101,-0.487659,-0.624082,nan,nan,0,-0.352383,-0.049376,-0.408138,-2.75946,-0.226192,-0.159561,nan,nan,0,-0.016967,0.263177,-0.138092,0.366302,0.301516,0.23727,nan,nan,0,-0.348492,0.787807,-2.00387,-7.25275,0.315754,0.48827,nan,nan,0,-0.00712649,-0.214067,0.587505,0.624921,-0.213563,nan,-0.863632,0.464602,1,-0.143895,0.0250625,-1.4903,-1.35554,-0.0719477,nan,-0.674864,-1.1926,1,0,0.959515,-0.014998,0.027185,0.27994,0.245321,0.397156,-0.478405,-1.5623,0.525976,8.35761
1787645128636437768,0.497371,-0.867538,0.583333,0.399999,0.4,-0,-0.0563572,-0.0107441,0.0641717,0.563095,0.305922,0.201248,-0.343207,-1.45459,0.426933,-0.819346,-12.4786,-0.327293,-0.242571,nan,nan,0,-0.583349,-0.00738239,0.0398932,-23.4676,-0.241674,-0.482821,nan,nan,0,0.192579,-0.146977,0.90527,-10.525,-0.21371,-0.336049,nan,nan,0,-0.273796,0.507851,-0.316077,-16.1416,0.353102,0.335864,nan,nan,0,0.818623,-0.250549,-0.107356,9.3711,0.199312,nan,15.9061,11.429,1,0.212516,0.153337,0.181706,5.03847,0.106258,nan,-1.68493,2.02563,1,0.0130956,-0.706505,-0.408138,0.512817,-0.393452,-0.556683,nan,nan,0,-0.331133,-0.0537863,-0.438826,-2.90598,-0.215566,-0.183799,nan,nan,0,0.0722649,0.261835,-0.156505,0.0732574,0.346132,0.256134,nan,nan,0,-0.486876,0.766715,-2.17572,-9.20635,0.246562,0.410237,nan,nan,0,-0.0577646,-0.209957,0.639394,0.234021,-0.238882,nan,-1.97146,-0.174429,1,-0.203905,0.00879218,-1.66257,-1.1186,-0.101953,nan,-0.8285,-0.697006,1,0,0.96007,-0.014071,0.029325,0.277861,0.305922,0.201248,-0.343207,-2.06317,0.12639,8.81527
1787645128646354441,0.401226,-0.915979,0.583333,0.399999,0.4,-0,-0.0563572,-0.00749895,0.0658281,0.560733,0.34523,0.159485,-0.11364,-1.28594,0.418112,-0.923681,-16.2393,-0.24297,-0.324347,nan,nan,0,-0.132458,-0.0060401,0.199466,-23.4676,-0.0162288,-0.371508,nan,nan,0,0.458695,-0.138348,0.90527,-11.0623,-0.0806523,-0.285466,nan,nan,0,-0.227214,0.504783,-0.309939,-14.7253,0.376393,0.348752,nan,nan,0,0.859973,-0.250532,-0.145446,11.1902,0.219986,nan,16.6863,14.1441,1,0.051941,0.147989,-0.463618,2.59413,0.0259705,nan,-2.96513,0.0815426,1,0.275026,-0.709381,-0.23629,1.14774,-0.262487,-0.475245,nan,nan,0,-0.189204,-0.0580044,-0.426551,-4.27351,-0.144602,-0.207002,nan,nan,0,0.252921,0.259534,-0.217878,0.708183,0.436461,0.297856,nan,nan,0,-0.596207,0.743321,-2.43349,-11.2088,0.191897,0.32196,nan,nan,0,-0.0905776,-0.201638,0.672828,-0.27395,-0.255289,nan,-2.88703,-1.0972,1,-0.304578,-0.00755917,-1.69104,-0.572308,-0.152289,nan,-1.80534,-0.451446,1,0,0.960392,-0.012707,0.030586,0.276675,0.34523,0.159485,-0.11364,0.044072,0.202277,9.60317
1787645128656462453,0.30043,-0.953804,0.583333,0.399999,0.4,-0,-0.0563572,-0.00451631,0.0677268,0.560281,0.288825,0.248674,-0.0127983,-1.29373,0.407949,-1.05871,-15.5556,-0.246867,-0.318276,nan,nan,0,0.353379,-0.00239658,0.4511,-21.0745,0.226689,-0.206399,nan,nan,0,0.625449,-0.127994,1.08325,-8.96215,0.00272429,-0.194242,nan,nan,0,-0.16303,0.502099,-0.297665,-12.7228,0.408485,0.36169,nan,nan,0,1.0119,-0.251029,0.191957,12.9315,0.29595,nan,18.8563,15.9251,1,-0.187213,0.138282,-1.3896,0.935897,-0.0936065,nan,-4.87225,-1.42613,1,0.683868,-0.710148,0.0153437,2.41758,-0.0580659,-0.371955,nan,nan,0,0.0960228,-0.062223,-0.420414,-4.22466,-0.00198859,-0.193454,nan,nan,0,0.452791,0.258767,0.0214815,1.14774,0.536396,0.361468,nan,nan,0,-0.58752,0.717051,-2.72195,-13.1136,0.19624,0.245476,nan,nan,0,-0.004085,-0.19533,0.621623,-0.705124,-0.212043,nan,-1.51736,-2.09127,1,-0.438224,-0.0242908,-1.71334,-0.501457,-0.219112,nan,-3.27462,-0.765836,1,0,0.960441,-0.01153,0.031913,0.276405,0.288825,0.248674,-0.0127983,-0.720469,-1.49466,9.14964
1787645128666250502,0.196152,-0.980573,0.583333,0.399999,0.4,-0,-0.216382,-0.00208242,0.069509,0.560136,0.243207,0.104996,-0.0279646,-0.93482,0.396444,-1.18759,-16.1905,-0.0674101,-0.280475,nan,nan,0,0.634585,0.00373888,0.708872,-14.4322,0.367292,0.00703699,nan,nan,0,0.637053,-0.117064,1.13235,-5.54334,0.00852654,-0.0888214,nan,nan,0,-0.0703707,0.499223,-0.26084,-10.6227,0.454815,0.382648,nan,nan,0,0.921497,-0.24541,0.668899,14.7009,0.250749,nan,16.3622,17.3137,1,-0.356922,0.116267,-2.22975,-0.682603,-0.178461,nan,-5.49721,-2.8132,1,1.14646,-0.708423,0.230153,5.49451,0.17323,-0.22572,nan,nan,0,0.59743,-0.0664415,-0.426551,-3.10134,0.248715,-0.119051,nan,nan,0,0.793978,0.261068,0.328352,2.36874,0.706989,0.446886,nan,nan,0,-0.598457,0.690398,-3.03496,-15.4579,0.190772,0.201811,nan,nan,0,0.0838271,-0.188957,0.543188,-1.53024,-0.168086,nan,-0.08432,-2.2946,1,-0.661796,-0.0427323,-1.71635,-0.860343,-0.330898,nan,-6.07043,-1.70922,1,0,0.960445,-0.010605,0.033106,0.276289,0.243207,0.104996,-0.0279646,-0.860989,-1.29773,9.07192
1787645128676401888,0.0896013,-0.995978,0.583333,0.399999,0.4,-0,-0.216382,0.000427979,0.0700407,0.559312,0.310532,0.0839762,-0.124666,-0.144078,0.383597,-1.29806,-13.0647,0.327961,-0.195368,nan,nan,0,0.751644,0.0129428,1.00961,-6.37363,0.425822,0.213305,nan,nan,0,0.30849,-0.104983,1.21214,-3.93163,-0.155755,-0.0164658,nan,nan,0,0.151912,0.49673,-0.254703,-8.57143,0.565956,0.415838,nan,nan,0,0.446572,-0.237816,0.917428,17.6022,0.0132861,nan,7.41244,17.4146,1,-0.360442,0.0936102,-2.01904,-4.21559,-0.180221,nan,-5.18638,-4.08475,1,1.61806,-0.704204,0.494062,8.91331,0.40903,-0.031553,nan,nan,0,1.57595,-0.0704679,-0.371314,-1.8315,0.737977,0.0395628,nan,nan,0,1.22248,0.267396,0.819346,3.15018,0.921239,0.567872,nan,nan,0,-0.560839,0.653965,-3.42775,-14.2857,0.20958,0.186697,nan,nan,0,0.177781,-0.186725,0.371955,-1.92312,-0.12111,nan,1.73861,-1.4739,1,-1.0001,-0.06165,-1.79993,-1.57757,-0.500048,nan,-10.4521,-3.488,1,0,0.960562,-0.009459,0.033712,0.275849,0.310532,0.0839762,-0.124666,0.677085,-0.005701,9.41384
1787645128686330991,-0.0179885,-0.999838,0.583333,0.399999,0.4,-0,-0.216382,0.00419234,0.0706908,0.557593,0.536513,0.041764,-0.241805,0.62631,0.371325,-1.38399,-10.4762,0.713155,0.0180614,nan,nan,0,0.377691,0.0236812,1.26738,-2.85714,0.238845,0.358135,nan,nan,0,-0.232739,-0.0934782,1.33489,-2.12454,-0.42637,-0.0406037,nan,nan,0,0.50305,0.494237,-0.230153,-6.03175,0.741525,0.479731,nan,nan,0,-0.151329,-0.231937,0.745879,18.8446,-0.285665,nan,-2.99927,13.9076,1,-0.0836684,0.0823265,-1.15489,-5.76599,-0.0418342,nan,-1.99249,-5.01282,1,1.86383,-0.698068,0.770247,12.4298,0.531914,0.193811,nan,nan,0,2.2551,-0.0729609,-0.254703,0.512817,1.07755,0.34141,nan,nan,0,1.45541,0.278901,1.45764,4.07815,1.03771,0.735981,nan,nan,0,-0.445899,0.625203,-3.66711,-10.9157,0.26705,0.191284,nan,nan,0,0.163207,-0.182283,0.249823,-0.815651,-0.128397,nan,1.51127,0.0354646,1,-1.14048,-0.0785061,-2.08866,-3.06511,-0.570238,nan,-11.619,-6.44436,1,0,0.960805,-0.007711,0.03455,0.274955,0.536513,0.041764,-0.241805,-0.108925,-0.576545,9.52841
1787645128696268264,-0.12537,-0.99211,0.583333,0.399999,0.4,-0,-0.216382,0.0107399,0.0703893,0.554532,0.826582,-0.0215141,-0.339085,1.07923,0.355985,-1.39013,-4.66422,0.939616,0.348857,nan,nan,0,-0.220341,0.0397882,1.5497,2.02686,-0.0601704,0.365263,nan,nan,0,-0.585465,-0.0800562,1.13849,-2.71062,-0.602733,-0.191789,nan,nan,0,0.654506,0.49232,-0.156505,-1.88034,0.817253,0.595152,nan,nan,0,-0.353003,-0.227911,0.280044,14.7463,-0.386502,nan,-5.97073,6.51004,1,0.102326,0.0786313,-0.165715,-5.96232,0.0511632,nan,-0.575469,-4.57133,1,1.90733,-0.686755,1.18759,16.4835,0.553666,0.394943,nan,nan,0,2.12737,-0.0741115,0.0398932,12.7228,1.01368,0.720989,nan,nan,0,1.27576,0.30287,2.55624,5.25031,0.94788,0.906039,nan,nan,0,-0.270754,0.578991,-3.93102,-5.9829,0.354623,0.220337,nan,nan,0,0.231273,-0.181802,0.155423,0.0690142,-0.0943634,nan,2.82722,1.20373,1,-0.98314,-0.105086,-2.91486,-5.36571,-0.49157,nan,-7.22222,-9.15823,1,0,0.961249,-0.00447,0.035312,0.273372,0.826582,-0.0215141,-0.339085,0.649641,0.975896,9.97665
1787645128706257300,-0.231298,-0.972883,0.583333,0.4,0.4,-0,-0.216382,0.019774,0.070596,0.551518,0.998666,0.0681835,-0.240176,1.28311,0.342562,-1.31034,1.14774,1.04156,0.683133,nan,nan,0,-0.354785,0.0562787,1.68472,3.93163,-0.127392,0.207138,nan,nan,0,-0.693348,-0.0750699,0.181053,-5.0061,-0.656674,-0.4019,nan,nan,0,0.64691,0.491936,0.0214815,7.64347,0.813455,0.720134,nan,nan,0,-0.371842,-0.227896,-0.134309,7.04966,-0.395921,nan,-5.67942,-0.819164,1,0.132901,0.0786313,0.0591723,-4.1186,0.0664506,nan,-0.454179,-2.96566,1,1.93793,-0.671798,1.6479,18.1441,0.568967,0.518627,nan,nan,0,1.88686,-0.0702763,0.561574,21.514,0.893429,0.968331,nan,nan,0,1.03602,0.335276,3.6487,3.68742,0.828009,0.982919,nan,nan,0,-0.192375,0.538915,-4.03535,-3.19902,0.393813,0.279055,nan,nan,0,0.424417,-0.178823,0.416017,-3.65321,0.00220852,nan,5.71208,2.03283,1,-0.897262,-0.147951,-4.12824,-9.01936,-0.448631,nan,-2.82805,-8.96756,1,0,0.961667,-0.000101,0.036646,0.271759,0.998666,0.0681835,-0.240176,0.388297,0.536917,8.29039
1787645128716266896,-0.334545,-0.94238,0.583333,0.4,0.4,-0,-0.171445,0.0300935,0.0712483,0.549746,1.06862,0.0708487,-0.139014,1.39071,0.330866,-1.09553,8.66911,1.09536,0.924403,nan,nan,0,-0.20541,0.0729609,1.53742,7.15507,-0.052705,0.0149969,nan,nan,0,-0.669675,-0.0819736,-1.12008,-5.93407,-0.644837,-0.569705,nan,nan,0,0.6186,0.493854,0.340627,11.5018,0.7993,0.797228,nan,nan,0,-0.299181,-0.232023,-0.655426,1.42443,-0.359591,nan,-3.48172,-4.8966,1,0.0985963,0.0779786,0.00762369,-2.72849,0.0492982,nan,-0.871848,-1.41226,1,1.67926,-0.652623,2.03456,16.3858,0.43963,0.570707,nan,nan,0,1.68557,-0.0614562,0.948232,38.2662,0.792787,1.01156,nan,nan,0,0.758518,0.373818,3.56891,9.89011,0.689259,0.945007,nan,nan,0,-0.180191,0.505742,-2.93676,-23.1258,0.399904,0.343417,nan,nan,0,0.518111,-0.159338,2.31159,-4.55545,0.0490556,nan,3.82639,3.14915,1,-0.854028,-0.176493,-2.73804,-11.003,-0.427014,nan,-3.40858,-6.31446,1,0,0.961885,0.004806,0.038357,0.270706,1.06862,0.0708487,-0.139014,-0.48505,1.60463,6.3642
1787645128726311694,-0.433915,-0.900954,0.583333,0.4,0.4,-0,-0.171445,0.0360291,0.0677278,0.548845,-0.275293,-0.729644,0.394904,1.45113,0.32262,-0.702735,15.0672,1.12556,1.05854,nan,nan,0,-0.105725,0.0852332,1.13849,0.610504,-0.00286249,-0.077641,nan,nan,0,-0.758691,-0.106134,-3.04109,-1.73382,-0.689346,-0.649733,nan,nan,0,0.879718,0.501332,0.85617,17.8022,0.929859,0.819702,nan,nan,0,-0.182582,-0.242275,-1.32341,-2.55237,-0.301291,nan,-0.0804741,-5.29153,1,0.0417941,0.0818743,0.179099,-1.62176,0.020897,nan,-2.09797,-0.739981,1,0.571066,-0.628271,2.61147,22.8816,-0.114467,0.539148,nan,nan,0,2.39349,-0.0535946,0.672048,48.083,1.14674,0.931844,nan,nan,0,1.19556,0.396828,1.60494,15.7021,0.907778,0.833385,nan,nan,0,-0.336746,0.483883,-1.85043,-16.1905,0.321627,0.38576,nan,nan,0,-0.0163137,-0.128894,4.06747,-1.09216,-0.218157,nan,-9.22538,3.26892,1,-1.20639,-0.180382,0.690648,-11.6009,-0.603194,nan,-13.7203,-4.707,1,0,0.962038,0.008156,0.037464,0.270205,-0.275293,-0.729644,0.394904,7.03671,-8.70532,23.3424
1787645128736316473,-0.528256,-0.849085,0.583333,0.4,0.4,-0,-0.171445,0.0329942,0.0639904,0.558779,-0.072377,0.205405,1.08397,1.31778,0.31821,-0.33449,19.6581,1.05889,1.11904,nan,nan,0,0.21555,0.0942454,0.800934,-2.36874,0.157775,-0.0712877,nan,nan,0,-0.611852,-0.144868,-4.05991,-1.92918,-0.615926,-0.681108,nan,nan,0,0.847172,0.512261,1.206,18.6325,0.913586,0.857546,nan,nan,0,-0.190543,-0.258876,-1.66542,-3.67954,-0.305272,nan,0.874273,-3.0974,1,0.0485513,0.0827749,-0.0687299,-0.687828,0.0242756,nan,-1.65188,-0.998001,1,1.267,-0.599508,2.99813,18.8767,0.233502,0.302851,nan,nan,0,2.74222,-0.0491843,0.389727,40.8547,1.32111,0.959379,nan,nan,0,1.95133,0.401238,0.193329,13.3089,1.28566,0.807055,nan,nan,0,-0.329379,0.471035,-1.14463,-5.0061,0.325311,0.377586,nan,nan,0,0.539024,-0.084725,4.2683,3.73775,0.059512,nan,-1.35415,-1.3254,1,-1.33544,-0.151291,3.60595,-8.86404,-0.667721,nan,-20.9018,-8.18114,1,0,0.960746,0.007028,0.035292,0.275083,-0.072377,0.205405,1.08397,-1.7033,11.1297,22.9877
1787645128746343918,-0.616473,-0.787376,0.583333,0.4,0.4,-0,-0.171445,0.035111,0.0658018,0.564468,0.159845,-0.00588125,0.251531,1.46432,0.317635,0.0767183,17.6557,1.13216,1.11546,nan,nan,0,0.204303,0.100573,0.684322,-7.74115,0.152152,0.0162936,nan,nan,0,-0.751553,-0.181875,-4.05377,-1.68498,-0.685776,-0.669083,nan,nan,0,0.766554,0.528368,1.59266,14.2857,0.873277,0.897065,nan,nan,0,-0.273369,-0.275459,-1.94669,-2.26999,-0.346685,nan,0.427132,-0.541576,1,0.0474,0.0788591,-0.286696,-0.926783,0.0237,nan,-1.22473,-1.32997,1,1.38438,-0.56691,3.26818,13.4554,0.292188,0.152696,nan,nan,0,2.43654,-0.0451574,0.444963,36.1661,1.16827,1.11495,nan,nan,0,1.36672,0.406991,0.935957,9.01099,0.993358,0.972648,nan,nan,0,-0.282614,0.461256,-1.09553,-0.903542,0.348693,0.349226,nan,nan,0,0.51444,-0.0487611,3.58625,2.46875,0.0472202,nan,-2.02003,-4.07968,1,-1.14944,-0.105303,4.84094,-9.90961,-0.574718,nan,-21.3439,-15.1345,1,0,0.959928,0.007691,0.036475,0.277754,0.159845,-0.00588125,0.251531,-5.5618,6.79134,12.1355
1787645128756341781,-0.697546,-0.71654,0.583333,0.4,0.4,-0,-0.171445,0.0374633,0.0677249,0.568383,0.158014,-0.262545,0.470603,1.40406,0.320511,0.371314,17.558,1.10203,1.11044,nan,nan,0,0.265353,0.108626,0.776384,-9.20635,0.182676,0.105693,nan,nan,0,-0.655842,-0.222143,-3.33569,-3.49207,-0.637921,-0.662534,nan,nan,0,0.638805,0.544667,1.94249,14.1392,0.809403,0.901574,nan,nan,0,-0.271933,-0.296224,-2.12031,-0.372192,-0.345967,nan,1.43949,0.848471,1,0.00637884,0.0725892,-0.641483,-0.678958,0.00318942,nan,-1.11977,-1.3037,1,1.07867,-0.535272,3.13929,14.9206,0.139337,0.174776,nan,nan,0,1.81256,-0.0394044,0.64136,42.0269,0.856282,1.20413,nan,nan,0,1.09948,0.424632,1.82588,12.7717,0.859739,1.07204,nan,nan,0,-0.327002,0.448409,-1.206,0.122101,0.326499,0.338075,nan,nan,0,0.513177,-0.0226668,2.42024,0.678485,0.0465885,nan,-1.20642,-3.59118,1,-1.14979,-0.0616798,4.10313,-13.949,-0.574897,nan,-21.5512,-20.3195,1,0,0.959347,0.008478,0.037741,0.279563,0.158014,-0.262545,0.470603,-4.93732,-3.05226,6.27718
1787645128766362748,-0.770534,-0.637399,0.583333,0.4,0.4,-0,-0.38677,0.0387656,0.062044,0.572658,0.0925367,-0.523243,0.482359,1.24381,0.325688,0.567711,19.4139,1.02191,1.10995,nan,nan,0,0.0494674,0.117831,0.978919,-4.61539,0.0747337,0.160068,nan,nan,0,-0.689022,-0.249755,-2.5992,-4.46886,-0.654511,-0.65688,nan,nan,0,0.666588,0.569403,2.35984,7.39927,0.823294,0.867951,nan,nan,0,-0.190937,-0.314888,-2.0144,0.326383,-0.305468,nan,3.3513,1.47201,1,-0.0144925,0.0671939,-1.03321,-0.731137,-0.00724625,nan,-0.683393,-1.07442,1,0.173845,-0.505358,2.94289,14.6764,-0.313078,0.187318,nan,nan,0,1.65122,-0.0317345,0.825483,43.5897,0.775608,1.10642,nan,nan,0,0.977993,0.448792,2.68512,9.69475,0.798997,1.01377,nan,nan,0,-0.329105,0.434794,-1.4515,5.73871,0.325448,0.333378,nan,nan,0,0.11398,-0.00659812,1.12215,1.64795,-0.15301,nan,-6.80764,-2.21584,1,-1.25603,-0.0324133,2.07155,-17.4739,-0.628015,nan,-20.9754,-22.0059,1,0,0.958815,0.009825,0.03522,0.281667,0.0925367,-0.523243,0.482359,2.01276,-3.44148,6.42304
1787645128776360340,-0.834591,-0.550871,0.583333,0.4,0.4,-0,-0.38677,0.0379575,0.0559183,0.578049,-0.0794403,-0.4249,0.589901,1.12558,0.332208,0.672048,20.293,0.96279,1.07971,nan,nan,0,-0.0481049,0.12761,0.954369,-1.68498,0.0259476,0.149226,nan,nan,0,-0.561351,-0.275833,-2.70353,-1.97802,-0.590676,-0.651394,nan,nan,0,0.71559,0.595098,2.63602,2.51526,0.847795,0.835443,nan,nan,0,-0.0936336,-0.331475,-1.87672,0.945156,-0.256817,nan,5.42813,2.32983,1,0.00565656,0.057139,-1.35821,-0.783594,0.00282828,nan,0.407989,-0.708825,1,-0.297362,-0.477938,2.64216,16.2882,-0.548681,0.0189232,nan,nan,0,1.87789,-0.0227227,0.929819,40.0244,0.888943,0.933177,nan,nan,0,0.942179,0.476404,2.64216,7.25275,0.781089,0.903747,nan,nan,0,-0.230143,0.418495,-1.69086,6.47131,0.374929,0.328612,nan,nan,0,0.122634,-0.00259017,-0.24446,4.11583,-0.148683,nan,-4.74655,-2.84058,1,-1.22902,-0.0225206,0.0470775,-18.4704,-0.614508,nan,-17.8303,-21.4464,1,0,0.958126,0.010217,0.032198,0.284346,-0.0794403,-0.4249,0.589901,1.32754,-4.74079,6.77626
1787645128786355892,-0.888974,-0.457957,0.583333,0.4,0.4,-0,-0.38677,0.038177,0.0503625,0.583579,0.11405,-0.65802,0.594038,1.09014,0.339686,0.819346,15.7998,0.945072,1.02454,nan,nan,0,-0.125929,0.136239,0.819346,-0.0732574,-0.0129646,0.0938494,nan,nan,0,-0.523793,-0.303829,-2.78332,-0.854698,-0.571896,-0.630782,nan,nan,0,0.687346,0.622326,2.77718,0.805862,0.833673,0.829473,nan,nan,0,-0.1175,-0.348075,-1.67067,1.05548,-0.26875,nan,5.28237,3.79556,1,0.0241585,0.0391189,-1.56838,-0.66616,0.0120793,nan,1.54138,-0.0468494,1,-0.393201,-0.453778,2.34143,13.4554,-0.5966,-0.262729,nan,nan,0,1.70795,-0.0137105,0.886857,34.1148,0.803975,0.849906,nan,nan,0,0.867255,0.501523,2.46418,4.51771,0.743627,0.819343,nan,nan,0,-0.220201,0.400663,-1.83816,9.64591,0.379899,0.342002,nan,nan,0,0.193794,-0.016639,-1.73683,2.78843,-0.113103,nan,-0.77099,-3.75097,1,-1.21837,-0.0347908,-1.51517,-19.3746,-0.609185,nan,-14.9591,-19.4331,1,0,0.95739,0.011033,0.029599,0.287063,0.11405,-0.65802,0.594038,-2.37911,-3.3603,6.77978
1787645128796434393,-0.933054,-0.359736,0.583333,0.4,0.4,-0,-0.38677,0.0392377,0.0429661,0.590346,0.130605,-0.663409,0.809894,0.83302,0.349465,1.02802,13.3089,0.81651,0.974564,nan,nan,0,-0.0524251,0.142567,0.549299,1.0989,0.0237874,0.0342754,nan,nan,0,-0.47209,-0.331633,-2.7956,0.0732574,-0.546045,-0.599796,nan,nan,0,0.499058,0.649939,2.72808,-2.41758,0.739529,0.832249,nan,nan,0,-0.11995,-0.362515,-1.37113,2.50902,-0.269975,nan,5.2956,4.95292,1,-0.00846614,0.0242694,-1.70338,0.034345,-0.00423307,nan,1.7,0.891902,1,-0.413236,-0.433069,1.96091,3.00366,-0.606618,-0.488057,nan,nan,0,1.13639,-0.00508118,0.862308,32.4542,0.518195,0.820594,nan,nan,0,0.869942,0.521082,1.76451,4.0293,0.744971,0.767728,nan,nan,0,-0.323918,0.382446,-1.78906,7.35043,0.328041,0.363012,nan,nan,0,0.040378,-0.0448899,-3.16017,0.878635,-0.189811,nan,-0.33198,-2.51155,1,-1.17305,-0.0574967,-2.20683,-18.6304,-0.586524,nan,-12.5606,-16.6958,1,0,0.956469,0.012517,0.026254,0.290379,0.130605,-0.663409,0.809894,2.11218,-0.688189,9.83045
1787645128806251643,-0.96632,-0.257345,0.583333,0.4,0.4,-0,-0.38677,0.0402882,0.0357753,0.598279,0.100685,-0.525649,0.79937,0.634846,0.36097,1.19987,12.0879,0.717423,0.905777,nan,nan,0,0.0948177,0.146594,0.340627,-0.952377,0.0974088,0.00858574,nan,nan,0,-0.377695,-0.356751,-2.75877,1.39194,-0.498847,-0.56996,nan,nan,0,0.388121,0.674291,2.64216,-3.10134,0.68406,0.802865,nan,nan,0,-0.0979078,-0.372729,-0.90575,3.31876,-0.258954,nan,5.34076,5.37105,1,-0.0686214,0.00879948,-1.53945,0.486753,-0.0343107,nan,1.01587,1.61903,1,-0.336281,-0.415236,1.68472,-0.561661,-0.568141,-0.599655,nan,nan,0,0.884511,0.00258875,0.696597,33.8706,0.392256,0.71197,nan,nan,0,0.945079,0.53297,1.10781,4.85959,0.78254,0.743792,nan,nan,0,-0.382562,0.36749,-1.56197,5.83639,0.298719,0.359519,nan,nan,0,0.0783197,-0.081397,-4.17036,0.600587,-0.17084,nan,3.12503,-0.515361,1,-1.14393,-0.0773236,-2.23749,-16.3625,-0.571967,nan,-11.4831,-14.1104,1,0,0.955349,0.013975,0.023024,0.294247,0.100685,-0.525649,0.79937,1.31451,-1.96454,12.075
1787645128816463319,-0.988385,-0.151971,0.583333,0.4,0.4,-0,-0.49736,0.0414597,0.0302886,0.605723,0.133602,-0.480425,0.711244,0.491642,0.373626,1.3042,9.49939,0.645821,0.812559,nan,nan,0,0.196534,0.149086,0.193329,-2.61295,0.148267,0.0339114,nan,nan,0,-0.294491,-0.384555,-2.31688,1.73382,-0.457245,-0.535437,nan,nan,0,0.278599,0.701902,2.45804,-5.54334,0.629299,0.746271,nan,nan,0,-0.0746599,-0.376768,-0.470728,3.86761,-0.24733,nan,5.23641,5.35638,1,-0.0896602,-0.00654919,-1.18205,1.06159,-0.0448301,nan,0.62465,1.66147,1,-0.325001,-0.400471,1.42695,-5.0061,-0.562501,-0.617722,nan,nan,0,0.719561,0.00795746,0.463376,29.5238,0.30978,0.548704,nan,nan,0,0.905973,0.53834,0.205604,7.78999,0.762987,0.750727,nan,nan,0,-0.386589,0.354642,-0.966643,-1.73382,0.296705,0.333585,nan,nan,0,-0.0111844,-0.124272,-4.17793,-3.19011,-0.215592,nan,3.0707,1.75458,1,-1.08811,-0.0977915,-1.32431,-15.6705,-0.544057,nan,-11.4015,-12.3165,1,0,0.954265,0.015267,0.020633,0.297855,0.133602,-0.480425,0.711244,-0.136725,1.57252,11.2835
1787645128826912912,-0.998994,-0.044836,0.583333,0.4,0.4,-0,-0.49736,0.0437395,0.0259152,0.611471,0.195287,-0.383357,0.497453,0.422151,0.385898,1.39013,6.03175,0.611075,0.719527,nan,nan,0,0.275947,0.149662,0.0337563,-1.8315,0.187974,0.0880619,nan,nan,0,-0.259976,-0.40143,-1.70313,1.3431,-0.439988,-0.495395,nan,nan,0,0.190425,0.720119,2.22482,-7.4481,0.585213,0.683864,nan,nan,0,-0.031625,-0.378746,-0.0917252,4.18265,-0.225812,nan,5.49026,5.20072,1,-0.0705044,-0.0134223,-0.752812,1.25678,-0.0352522,nan,0.47432,1.17705,1,-0.273834,-0.388774,1.24283,-4.85959,-0.536917,-0.59575,nan,nan,0,0.529951,0.0104504,0.217878,23.7118,0.214975,0.404677,nan,nan,0,0.684468,0.537381,-0.21174,8.96215,0.652234,0.761498,nan,nan,0,-0.327902,0.350232,-0.426551,-8.42491,0.326049,0.309474,nan,nan,0,0.00130001,-0.15302,-2.97706,-3.87592,-0.20935,nan,2.49404,3.13253,1,-1.02553,-0.0956765,-0.0799852,-13.9713,-0.512763,nan,-12.3926,-11.7283,1,0,0.953403,0.016953,0.018935,0.300627,0.195287,-0.383357,0.497453,0.082054,2.78898,12.3176
1787645128836409601,-0.998025,0.0628188,0.583333,0.4,0.4,-0,-0.49736,0.0450948,0.0231296,0.615797,0.0395054,-0.252234,0.358194,0.332097,0.40143,1.4515,4.81075,0.566049,0.649087,nan,nan,0,0.232711,0.149086,-0.0705805,-1.0989,0.166356,0.143832,nan,nan,0,-0.226706,-0.415619,-1.10167,1.24542,-0.423353,-0.461162,nan,nan,0,0.0519323,0.742938,1.72155,-13.5531,0.515966,0.627232,nan,nan,0,-0.000676282,-0.376704,0.312699,3.90922,-0.210338,nan,5.35375,5.12301,1,-0.0214675,-0.0184117,-0.28829,0.434431,-0.0107337,nan,0.662774,0.616194,1,-0.232086,-0.37631,1.07712,-5.9829,-0.516043,-0.565615,nan,nan,0,0.342103,0.0108337,-0.0214806,14.823,0.121051,0.291708,nan,nan,0,0.445507,0.53508,-0.0644426,7.49695,0.532754,0.728538,nan,nan,0,-0.235977,0.349274,0.0521679,-8.62027,0.372011,0.306958,nan,nan,0,-0.000812137,-0.17378,-1.5171,-1.30034,-0.210406,nan,0.993717,2.98834,1,-0.910085,-0.0941536,0.703732,-11.6167,-0.455043,nan,-11.8823,-12.1912,1,0,0.952745,0.01798,0.01785,0.302711,0.0395054,-0.252234,0.358194,-1.17661,1.43699,12.7614
1787645128846356097,-0.985488,0.169745,0.583333,0.4,0.4,-0,-0.49736,0.0461076,0.0212122,0.618032,0.108649,-0.189507,0.101535,0.280171,0.416003,1.4515,4.32234,0.540085,0.598466,nan,nan,0,0.137627,0.148319,-0.0705805,0.0244217,0.118814,0.172052,nan,nan,0,-0.148043,-0.423673,-0.696597,1.44078,-0.384022,-0.436873,nan,nan,0,-0.0831435,0.755593,1.28579,-16.9231,0.448428,0.570015,nan,nan,0,-0.0204565,-0.370634,0.667036,4.02284,-0.220228,nan,4.26366,5.07865,1,0.00463851,-0.0213255,-0.0848831,0.270946,0.00231925,nan,0.836668,0.370114,1,-0.319567,-0.366723,0.942094,-5.15263,-0.559783,-0.537423,nan,nan,0,0.161092,0.0108337,0.00306892,9.79243,0.0305461,0.195559,nan,nan,0,0.209107,0.535847,0.113543,5.29915,0.414553,0.643695,nan,nan,0,-0.157463,0.350616,0.156505,-6.42247,0.411268,0.330817,nan,nan,0,-0.019395,-0.182094,-0.543028,-0.183714,-0.219698,nan,-0.501567,1.90867,1,-0.776186,-0.0921873,0.00675199,-10.9461,-0.388093,nan,-8.8873,-12.3378,1,0,0.9524,0.018734,0.017111,0.303791,0.108649,-0.189507,0.101535,-1.68266,2.64023,8.48087
1787645128856349206,-0.961529,0.274705,0.583333,0.4,0.4,-0,-0.49736,0.0485498,0.0189977,0.617774,0.273128,-0.390124,-0.135616,0.261953,0.430192,1.37785,2.61295,0.530977,0.561672,nan,nan,0,0.127481,0.147744,-0.0398932,0.512817,0.11374,0.160627,nan,nan,0,-0.0776849,-0.428658,-0.395864,1.19658,-0.348842,-0.411407,nan,nan,0,-0.0353979,0.76518,0.678185,-15.5556,0.472301,0.507487,nan,nan,0,-0.0545987,-0.362542,0.998829,3.70946,-0.237299,nan,2.88526,4.68495,1,0.0225939,-0.0205272,0.0690865,0.127513,0.011297,nan,0.851094,0.425509,1,-0.565498,-0.358286,0.794796,-6.12943,-0.682749,-0.534526,nan,nan,0,-0.0937749,0.0108337,0.00306892,6.86203,-0.0968875,0.105629,nan,nan,0,-0.022866,0.536806,0.0889931,2.51526,0.298567,0.529547,nan,nan,0,-0.319933,0.352533,0.199466,-3.73627,0.330034,0.369544,nan,nan,0,-0.24178,-0.181921,0.0925646,0.0165338,-0.33089,nan,-5.35278,0.448173,1,-0.678178,-0.0996144,-1.229,-10.7791,-0.339089,nan,-5.34074,-10.8449,1,0,0.952418,0.020236,0.016425,0.303676,0.273128,-0.390124,-0.135616,-2.72249,2.07632,4.1331
1787645128866377678,-0.926425,0.37648,0.583333,0.4,0.4,-0,-0.230523,0.051813,0.0160449,0.61557,0.272811,-0.374901,-0.225907,0.266975,0.443423,1.31034,1.53846,0.533488,0.539102,nan,nan,0,0.129451,0.147744,0.00306892,0.122101,0.114726,0.135557,nan,nan,0,0.0148953,-0.430001,-0.00920582,0.65934,-0.302552,-0.380135,nan,nan,0,0.0833527,0.768249,0.14423,-18.8278,0.531676,0.47102,nan,nan,0,-0.0458861,-0.352377,1.33611,3.2419,-0.232943,nan,2.17603,3.75276,1,0.0306058,-0.0169893,0.141493,0.218941,0.0153029,nan,0.756526,0.572672,1,-0.824429,-0.350999,0.696597,-5.59219,-0.812215,-0.586603,nan,nan,0,-0.0346811,0.0108337,-0.00920582,3.93163,-0.0673406,0.00527845,nan,nan,0,-0.175371,0.536806,-0.0828552,0.122101,0.222314,0.407079,nan,nan,0,-0.32539,0.354834,0.28539,-3.39439,0.327305,0.373127,nan,nan,0,-0.365291,-0.177379,0.61534,-1.5867,-0.392646,nan,-8.45735,-2.1843,1,-0.597689,-0.122258,-2.21403,-9.51371,-0.298845,nan,-1.97654,-7.86404,1,0,0.952719,0.022256,0.01549,0.302639,0.272811,-0.374901,-0.225907,-3.22682,0.923418,3.08224
1787645128876308413,-0.880583,0.473892,0.583333,0.4,0.4,-0,-0.230523,0.0541138,0.0125496,0.613526,0.0924273,-0.511985,-0.092129,0.205571,0.455695,1.206,0.610504,0.502785,0.530343,nan,nan,0,0.106462,0.14736,-0.0644426,1.0989,0.103231,0.118979,nan,nan,0,0.0774543,-0.429042,0.0705805,1.8315,-0.271273,-0.34194,nan,nan,0,0.146301,0.766714,-0.28539,-19.2674,0.563151,0.48217,nan,nan,0,-0.0625826,-0.336089,1.65315,2.54714,-0.241291,nan,0.838192,2.65721,1,0.0618006,-0.0151562,0.3182,0.450571,0.0309003,nan,0.904394,0.652536,1,-1.04856,-0.345055,0.567711,-6.47131,-0.924282,-0.689129,nan,nan,0,-0.00304508,0.0102587,-0.0644426,1.5873,-0.0515225,-0.0599291,nan,nan,0,-0.173794,0.533162,-0.530887,-1.29426,0.223103,0.298893,nan,nan,0,-0.362161,0.359628,0.494062,-5.44566,0.30892,0.351796,nan,nan,0,-0.517484,-0.168611,0.930824,-3.11796,-0.468742,nan,-11.9008,-5.60708,1,-0.526956,-0.1405,-2.04877,-8.54238,-0.263478,nan,-0.616199,-4.47578,1,0,0.952999,0.023896,0.014149,0.301696,0.0924273,-0.511985,-0.092129,-2.81988,0.542131,4.0362
1787645128886331568,-0.824535,0.565811,0.583333,0.4,0.4,-0,-0.230523,0.0540446,0.00794737,0.614358,-0.162398,-0.393178,0.365746,0.125946,0.466817,1.08939,1.29426,0.462973,0.51968,nan,nan,0,0.0255771,0.145635,-0.217878,2.36874,0.0627885,0.10901,nan,nan,0,0.194933,-0.429809,-0.0828552,3.63858,-0.212533,-0.302885,nan,nan,0,-0.145675,0.761345,-0.647498,-15.2625,0.417162,0.519224,nan,nan,0,-0.23524,-0.319703,1.8365,1.6977,-0.32762,nan,-3.03184,1.51236,1,0.13317,-0.0109193,0.442007,0.589096,0.0665851,nan,1.66212,0.701974,1,-0.86466,-0.340453,0.420414,-8.86447,-0.83233,-0.811096,nan,nan,0,-0.185585,0.00872469,-0.205604,1.48962,-0.142793,-0.0745251,nan,nan,0,0.0590879,0.521274,-1.44536,-1.14774,0.339544,0.235286,nan,nan,0,-0.324982,0.365764,0.64136,-9.01099,0.327509,0.328575,nan,nan,0,-0.500024,-0.162204,0.581914,-3.00938,-0.460012,nan,-11.2961,-9.06723,1,-0.419774,-0.154302,-0.705703,-6.36123,-0.209887,nan,-0.608997,-2.05685,1,0,0.952867,0.024553,0.011956,0.302156,-0.162398,-0.393178,0.365746,-0.344672,1.40234,5.28091
1787645128896353872,-0.75893,0.651172,0.583333,0.4,0.4,-0,-0.230523,0.0513724,0.00490668,0.619195,-0.398192,-0.250346,0.509119,0.181387,0.476979,0.997331,0.0732574,0.490693,0.495855,nan,nan,0,-0.0868853,0.141991,-0.408138,1.78266,0.00655733,0.0904398,nan,nan,0,0.251917,-0.429809,0.046031,4.7619,-0.184041,-0.258594,nan,nan,0,-0.525148,0.751374,-1.00347,-9.40171,0.227426,0.501981,nan,nan,0,-0.472808,-0.303251,1.94896,1.003,-0.446404,nan,-7.93379,-0.541794,1,0.198303,-0.00647077,0.610184,0.447066,0.0991515,nan,2.25339,0.987584,1,-0.61886,-0.337769,0.224015,-11.0134,-0.70943,-0.866449,nan,nan,0,-0.420999,0.0060401,-0.279252,-0.757019,-0.260499,-0.0966961,nan,nan,0,0.0108403,0.502674,-1.94249,-1.24542,0.31542,0.251623,nan,nan,0,-0.132263,0.372859,0.721148,-11.5995,0.423868,0.319494,nan,nan,0,-0.34701,-0.160136,-0.3588,-5.33616,-0.383505,nan,-7.2797,-10.9559,1,-0.25217,-0.145619,0.786783,-3.72787,-0.126085,nan,-0.594151,-1.2116,1,0,0.952158,0.023715,0.010161,0.304514,-0.398192,-0.250346,0.509119,-2.07338,2.30609,8.83111
1787645128906371294,-0.684529,0.728986,0.583333,0.4,0.4,-0,-0.230523,0.047721,0.0038939,0.624631,-0.471769,-0.157716,0.624494,0.210251,0.486567,0.942094,-0.854698,0.505125,0.482878,nan,nan,0,-0.350097,0.137389,-0.481788,1.29426,-0.125049,0.0536661,nan,nan,0,0.303391,-0.4277,0.316077,4.56654,-0.158305,-0.215745,nan,nan,0,-0.62046,0.740637,-1.22441,-10.5739,0.17977,0.394064,nan,nan,0,-0.561494,-0.284671,1.92659,-0.000904999,-0.490747,nan,-10.1025,-4.02383,1,0.294716,0.00470004,0.834316,0.541278,0.147358,nan,3.02827,1.46993,1,-0.482399,-0.33681,0.0337563,-12.381,-0.641199,-0.82293,nan,nan,0,-0.624695,0.00316381,-0.279252,-2.90598,-0.362348,-0.163386,nan,nan,0,-0.152361,0.482732,-1.93636,-0.561661,0.233819,0.29096,nan,nan,0,-0.0728328,0.380146,0.745697,-11.0134,0.453584,0.352664,nan,nan,0,-0.20563,-0.172977,-1.18966,-7.52593,-0.312815,nan,-3.10982,-9.9217,1,-0.0982928,-0.136266,1.76022,-2.63416,-0.0491464,nan,-0.0267429,-1.18324,1,0,0.951365,0.022106,0.009183,0.307131,-0.471769,-0.157716,0.624494,-3.77432,0.756151,7.5117
1787645128916510948,-0.602194,0.79835,0.583333,0.4,0.4,-0,-0.481243,0.0432582,0.0028126,0.630663,-0.46623,-0.0304483,0.539892,0.294976,0.495388,0.880719,-1.78266,0.547488,0.488372,nan,nan,0,-0.675372,0.132404,-0.469513,-0.512817,-0.287686,-0.0217423,nan,nan,0,0.335292,-0.420605,0.911407,2.90598,-0.142354,-0.181253,nan,nan,0,-0.652631,0.724529,-1.61721,-16.2393,0.163685,0.269993,nan,nan,0,-0.706913,-0.268091,1.73734,-2.74892,-0.563456,nan,-12.9438,-7.61937,1,0.280837,0.00774649,1.11352,1.32296,0.140419,nan,2.30988,2.1067,1,-0.634633,-0.337385,-0.0644426,-12.8205,-0.717317,-0.734285,nan,nan,0,-0.68046,0.000479221,-0.248566,-8.18071,-0.39023,-0.260763,nan,nan,0,-0.289916,0.467009,-1.36558,-1.53846,0.165042,0.285897,nan,nan,0,0.135514,0.387815,0.776384,-9.25519,0.557757,0.405799,nan,nan,0,-0.0413053,-0.1857,-1.90206,-7.14412,-0.230653,nan,1.27975,-6.64427,1,0.0135548,-0.112522,2.35924,-2.09492,0.00677741,nan,0.0401129,-1.08116,1,0,0.950479,0.020125,0.008044,0.31003,-0.46623,-0.0304483,0.539892,-2.1478,0.357758,5.59984
1787645128926408039,-0.512879,0.858461,0.583333,0.4,0.4,-0,-0.481243,0.0392033,0.00369859,0.635376,-0.416288,0.0852316,0.3701,0.344721,0.504016,0.862308,-2.36874,0.57236,0.511822,nan,nan,0,-0.950814,0.127802,-0.487926,-4.07815,-0.425407,-0.144335,nan,nan,0,0.128998,-0.407757,1.42695,2.36874,-0.245501,-0.15658,nan,nan,0,-0.639533,0.706889,-2.07138,-17.851,0.170234,0.190037,nan,nan,0,-0.825409,-0.253481,1.21523,-5.78079,-0.622704,nan,-14.7457,-10.6623,1,0.359802,0.0264841,1.50337,1.56883,0.179901,nan,2.34745,2.28061,1,-0.792672,-0.33796,-0.0583057,-11.5507,-0.796336,-0.69171,nan,nan,0,-0.519687,-0.00162983,-0.181053,-11.16,-0.309843,-0.343497,nan,nan,0,-0.412725,0.457229,-0.794796,-4.0293,0.103638,0.236434,nan,nan,0,0.320439,0.396444,0.917544,-8.22955,0.650219,0.476433,nan,nan,0,-0.00638222,-0.211246,-2.31102,-5.87939,-0.213191,nan,3.39846,-2.27399,1,0.025918,-0.0851376,3.02821,-1.98004,0.012959,nan,-1.59941,-0.929054,1,0,0.949787,0.018042,0.007879,0.312276,-0.416288,0.0852316,0.3701,-1.90907,0.789428,2.99831
1787645128936485878,-0.417619,0.908622,0.583333,0.4,0.4,-0,-0.481243,0.034817,0.00482214,0.637568,-0.52228,0.0787923,0.0779811,0.245783,0.512261,0.807072,-1.44078,0.522892,0.543114,nan,nan,0,-1.12946,0.122049,-0.635223,-5.64103,-0.51473,-0.28996,nan,nan,0,-0.24019,-0.392226,1.58652,2.0757,-0.430095,-0.177545,nan,nan,0,-0.658767,0.684837,-2.60534,-18.2906,0.160616,0.159675,nan,nan,0,-0.919844,-0.247105,0.506294,-7.73219,-0.669922,nan,-15.558,-13.0027,1,0.476743,0.0441692,1.76929,1.62542,0.238372,nan,3.17215,2.10357,1,-0.866041,-0.338344,-0.0521679,-10.2808,-0.833021,-0.719785,nan,nan,0,-0.36077,-0.0033555,-0.174916,-13.1136,-0.230385,-0.360361,nan,nan,0,-0.46834,0.451093,-0.610673,-5.54334,0.07583,0.169107,nan,nan,0,0.453397,0.407182,1.15077,-5.93407,0.716699,0.564012,nan,nan,0,-0.0310871,-0.232521,-2.21995,-2.85087,-0.225544,nan,3.57414,1.50206,1,0.0186993,-0.0479373,3.73683,-2.23217,0.00934963,nan,-3.88663,-1.41538,1,0,0.949483,0.015775,0.007745,0.313324,-0.52228,0.0787923,0.0779811,-2.03096,-1.97724,3.91366
1787645128946412476,-0.317519,0.948252,0.583333,0.4,0.4,-0,-0.481243,0.0282292,0.0051654,0.637748,-0.731484,0.0353558,0.0189087,0.177069,0.51974,0.739559,-0.415138,0.488534,0.548991,nan,nan,0,-1.17418,0.113804,-0.899132,-9.01099,-0.537089,-0.421385,nan,nan,0,-0.303547,-0.377461,1.41468,1.14774,-0.461773,-0.276334,nan,nan,0,-0.659558,0.651856,-3.16998,-14.5299,0.160221,0.154367,nan,nan,0,-0.937072,-0.24885,-0.480226,-9.99758,-0.678536,nan,-14.3187,-14.4279,1,0.470922,0.065623,2.17743,1.54821,0.235461,nan,1.829,2.14012,1,-1.00305,-0.339303,-0.09513,-9.93895,-0.901525,-0.776504,nan,nan,0,-0.220412,-0.00546455,-0.224015,-12.4298,-0.160206,-0.31351,nan,nan,0,-0.401434,0.443039,-0.966643,-5.9829,0.109283,0.111431,nan,nan,0,0.571129,0.420605,1.41468,-1.3431,0.775564,0.649654,nan,nan,0,-0.0319565,-0.25152,-1.75467,-0.661316,-0.225978,nan,3.52597,3.50476,1,0.0264172,-0.0058238,4.66268,-2.40951,0.0132086,nan,-6.42304,-2.96168,1,0,0.949502,0.012593,0.006877,0.313431,-0.731484,0.0353558,0.0189087,0.584366,-2.82228,4.59204
1787645128956338690,-0.213739,0.976891,0.583333,0.4,0.4,-0,-0.481243,0.019633,0.00510836,0.638758,-0.842469,0.116614,0.184544,0.204165,0.526643,0.653635,-0.0244217,0.502083,0.52639,nan,nan,0,-1.15616,0.10249,-1.23055,-12.4298,-0.528078,-0.506708,nan,nan,0,-0.0639096,-0.364806,1.19987,-0.708183,-0.341955,-0.38631,nan,nan,0,-0.610235,0.613122,-3.63028,-11.9902,0.184883,0.156088,nan,nan,0,-0.858096,-0.258623,-1.44584,-12.9237,-0.639048,nan,-11.1461,-14.5626,1,0.369438,0.0879327,2.52606,1.04517,0.184719,nan,-0.885512,1.89352,1,-1.09134,-0.341028,-0.21174,-9.93895,-0.945668,-0.840602,nan,nan,0,-0.127537,-0.00814915,-0.26084,-10.1343,-0.113768,-0.238128,nan,nan,0,-0.302239,0.430001,-1.39626,-4.95727,0.15888,0.090819,nan,nan,0,0.609992,0.435178,1.67245,3.34554,0.794996,0.722795,nan,nan,0,-0.0176589,-0.263656,-1.03452,1.19335,-0.218829,nan,3.1207,3.96988,1,0.0217896,0.0504789,5.01712,-3.61256,0.0108948,nan,-8.7132,-5.20051,1,0,0.949389,0.008518,0.005507,0.313937,-0.842469,0.116614,0.184544,1.05371,-3.12384,5.51668
1787645128966280153,-0.107482,0.994207,0.583333,0.4,0.4,-0,-0.429634,0.0104475,0.00563903,0.641205,-0.91994,0.0404182,0.31525,0.287292,0.533546,0.727284,-1.92918,0.543646,0.506707,nan,nan,0,-0.887213,0.0890684,-1.29193,-23.9072,-0.393607,-0.539228,nan,nan,0,0.0414148,-0.359437,0.254703,-1.73382,-0.289293,-0.41122,nan,nan,0,-0.659646,0.583976,-2.33529,-65.6166,0.160177,0.166515,nan,nan,0,-0.878756,-0.260069,0.917526,-26.5433,-0.649378,nan,-15.0021,-13.4561,1,0.225731,0.112596,1.78225,4.30691,0.112865,nan,-2.66528,0.655125,1,-1.21046,-0.343713,-0.28539,-9.20635,-1.00523,-0.90078,nan,nan,0,-0.0874878,-0.00929976,0.0583057,-22.442,-0.0937439,-0.166158,nan,nan,0,-0.301273,0.415619,-1.29193,-8.03419,0.159363,0.111056,nan,nan,0,0.65265,0.455887,2.03456,2.17339,0.816325,0.77302,nan,nan,0,-0.0296992,-0.26884,-0.414559,1.90834,-0.22485,nan,2.16149,3.58927,1,0.032446,0.0920513,4.70388,-4.53788,0.016223,nan,-9.33066,-7.45409,1,0,0.949033,0.004069,0.004322,0.315119,-0.91994,0.0404182,0.31525,0.174449,-2.89754,4.93081
1787645128976288773,2.17608e-05,1,0.583333,0.4,0.4,-0,-0.429634,0.0059944,-0.00122334,0.642501,1.00345,-1.21529,-0.683746,1.19597,0.538723,0.359039,7.64347,0.997985,0.514216,nan,nan,0,-1.97626,0.0790968,-0.850034,-28.6447,-0.938131,-0.499151,nan,nan,0,-0.834614,-0.34889,1.57425,-12.3321,-0.727307,-0.366975,nan,nan,0,-0.862046,0.573238,-0.610673,-59.2674,0.0589768,0.169845,nan,nan,0,-1.57382,-0.233283,3.44202,-17.742,-0.996911,nan,-31.89,-14.2337,1,0.756202,0.111059,-0.314973,2.34905,0.378101,nan,8.48372,-0.679802,1,-1.01888,-0.348315,-0.512475,-12.3321,-0.909439,-0.956743,nan,nan,0,-0.0742631,-0.0033555,0.85617,-21.0256,-0.0871315,-0.116247,nan,nan,0,-0.373369,0.41466,0.573849,-15.4579,0.123315,0.139663,nan,nan,0,0.97312,0.47813,2.501,6.37363,0.97656,0.803407,nan,nan,0,-0.220137,-0.265613,0.51021,1.67675,-0.320069,nan,-2.67128,2.71009,1,0.087173,0.137254,3.62136,-5.67296,0.0435865,nan,-8.24206,-8.97843,1,0,0.948835,0.003037,0.000366,0.315754,1.00345,-1.21529,-0.683746,15.1354,3.96583,29.08
1787645128986311297,0.107525,0.994202,0.583333,0.4,0.4,-0,-0.429634,0.019154,-0.0050962,0.63011,1.10668,0.705635,-1.18967,0.325258,0.538723,-0.14423,10.2808,0.562629,0.677398,nan,nan,0,-3.20986,0.0729609,-0.481788,-29.2308,-1.55493,-0.615919,nan,nan,0,-1.62064,-0.324154,2.55624,-11.6972,-1.12032,-0.461303,nan,nan,0,-0.712983,0.573238,0.101268,-41.7338,0.133508,0.133127,nan,nan,0,-1.09502,-0.204505,2.61115,-10.2594,-0.757508,nan,-23.2718,-20.9156,1,1.03233,0.108683,-0.609756,-0.708076,0.516163,nan,13.139,2.08402,1,-0.707441,-0.35541,-0.819346,-10.6715,-0.753721,-0.962767,nan,nan,0,-0.0750306,0.008533,1.21828,-7.93651,-0.0875153,-0.0908393,nan,nan,0,-0.477095,0.42118,0.125817,-6.12943,0.0714525,0.1445,nan,nan,0,1.35632,0.50229,2.4519,6.12943,1.16816,0.869766,nan,nan,0,-0.225476,-0.258296,0.581009,2.1025,-0.322738,nan,-3.127,0.457613,1,0.00428839,0.159059,1.62008,-6.34337,0.0021442,nan,-7.13756,-8.97842,1,0,0.950724,0.009895,0.000545,0.309877,1.10668,0.705635,-1.18967,15.3823,3.70546,28.7152
1787645128996395289,0.213782,0.976881,0.583333,0.4,0.4,-0,-0.429634,0.0221859,0.00392806,0.626385,0.00217459,1.11795,0.295045,-1.03966,0.534313,-0.524749,10.3297,-0.11983,0.732118,nan,nan,0,-3.33187,0.0700846,-0.28539,-27.8633,-1.61593,-1.00424,nan,nan,0,-0.710486,-0.308047,1.05871,-9.10867,-0.665243,-0.742397,nan,nan,0,-0.298185,0.573238,-0.0398932,-42.1734,0.340907,0.112321,nan,nan,0,-0.0977212,-0.18809,1.19377,-16.0856,-0.258861,nan,-4.26762,-24.9763,1,0.954664,0.101465,-0.502363,1.96532,0.477332,nan,12.0295,7.55101,1,-1.12371,-0.365764,-1.12622,-9.69475,-0.961854,-0.887723,nan,nan,0,-0.0690444,0.0185041,0.807072,2.66178,-0.0845222,-0.0829425,nan,nan,0,0.0403998,0.410825,-1.41468,-1.97802,0.3302,0.118947,nan,nan,0,1.00659,0.530861,2.66057,9.20635,0.993295,1.00057,nan,nan,0,-0.146057,-0.252152,0.669711,0.116405,-0.283029,nan,-2.08524,-1.87119,1,-0.0209009,0.160656,-0.370051,-6.09198,-0.0104504,nan,-4.5781,-7.71362,1,0,0.951301,0.009948,0.005286,0.308057,0.00217459,1.11795,0.295045,-13.4314,-17.7163,26.8245
1787645129006422563,0.317561,0.948238,0.583333,0.4,0.4,-0,-0.429634,0.0187307,0.0128154,0.634475,-0.735418,0.482338,1.22548,-0.524851,0.528177,-0.622948,6.71551,0.137575,0.440302,nan,nan,0,-2.2239,0.0660582,-0.426551,-43.2479,-1.06195,-1.38916,nan,nan,0,0.326361,-0.30939,-0.512475,-14.3346,-0.14682,-0.848086,nan,nan,0,-0.245152,0.570745,-0.408138,-30.989,0.367424,0.185265,nan,nan,0,-0.0217732,-0.190119,-0.764738,-17.4503,-0.220887,nan,0.0702448,-18.4666,1,0.642586,0.105476,0.764341,6.29033,0.321293,nan,5.32798,11.1591,1,-1.41002,-0.378612,-1.34103,-8.13187,-1.10501,-0.871368,nan,nan,0,-0.171232,0.0200381,-0.0889931,11.5507,-0.135616,-0.0824227,nan,nan,0,0.21021,0.384939,-3.2068,5.34798,0.415105,0.173675,nan,nan,0,0.723139,0.558665,2.88766,15.2137,0.851569,1.05791,nan,nan,0,-0.047052,-0.246712,0.461256,-1.44888,-0.233526,nan,-0.230386,-2.77295,1,-0.023074,0.146431,-1.96943,-5.82501,-0.011537,nan,-1.78489,-5.59413,1,0,0.950058,0.006899,0.009009,0.311866,-0.735418,0.482338,1.22548,-8.78746,-5.25471,1.36311
1787645129016514534,0.417659,0.908604,0.583333,0.4,0.4,-0,-0.6,0.0166812,0.0174553,0.646688,-0.00336241,0.235141,1.12626,-0.0489271,0.522616,-0.518612,-0.463982,0.375536,0.177083,nan,nan,0,-2.37579,0.0597305,-0.721148,-53.9927,-1.13789,-1.41471,nan,nan,0,0.447923,-0.315526,-0.64136,-15.8486,-0.0860384,-0.614719,nan,nan,0,-0.344017,0.564034,-0.727284,-29.475,0.317992,0.288363,nan,nan,0,-0.276997,-0.20624,-2.22169,-12.8098,-0.348498,nan,-1.6465,-7.88936,1,0.74126,0.121554,2.39082,8.05681,0.37063,nan,3.88603,9.93355,1,-1.48958,-0.393185,-1.46378,-8.13187,-1.14479,-0.958729,nan,nan,0,-0.07903,0.0154357,-0.604536,3.34554,-0.089515,-0.0998509,nan,nan,0,0.0716505,0.348315,-3.47685,7.39927,0.345825,0.291729,nan,nan,0,0.885348,0.587428,3.28659,12.674,0.932674,0.994041,nan,nan,0,-0.113595,-0.243559,0.332061,-1.53962,-0.266798,nan,-1.31146,-2.01898,1,-0.0287247,0.119361,-3.09791,-4.15253,-0.0143624,nan,0.635173,-3.02464,1,0,0.948132,0.005135,0.010925,0.317647,-0.00336241,0.235141,1.12626,-7.05651,7.34705,4.9831
1787645129026308410,0.512916,0.858439,0.583333,0.4,0.4,-0,-0.6,0.0176594,0.0196303,0.657265,-0.151083,-0.0934025,0.998813,0.576899,0.518206,-0.426551,-10.4762,0.688449,0.171672,nan,nan,0,-2.51972,0.0526357,-0.794796,-58.1929,-1.20986,-1.27167,nan,nan,0,0.355413,-0.314183,0.653635,-13.1136,-0.132294,-0.307274,nan,nan,0,-0.400838,0.557898,-0.494062,-32.6984,0.289581,0.336334,nan,nan,0,-0.488749,-0.229805,-1.9733,-12.7241,-0.454374,nan,-4.89997,-1.45381,1,0.842574,0.156808,2.55742,11.4319,0.421287,nan,4.09823,6.26627,1,-1.38097,-0.408716,-1.58652,-11.2088,-1.09048,-1.06502,nan,nan,0,0.101398,0.008533,-0.586123,-1.0989,0.000698947,-0.106537,nan,nan,0,-0.0907854,0.32588,-2.09593,5.39683,0.264607,0.358634,nan,nan,0,1.02577,0.622326,3.55664,5.05495,1.00289,0.934721,nan,nan,0,-0.105407,-0.244425,0.136528,-1.14896,-0.262704,nan,-0.844537,-1.23898,1,0.0848126,0.0796136,-3.85539,-1.91127,0.0424063,nan,4.66687,-0.428345,1,0,0.946429,0.005189,0.012139,0.322639,-0.151083,-0.0934025,0.998813,-1.50186,7.947,3.96137
1787645129036435338,0.602229,0.798324,0.583333,0.4,0.4,-0,-0.6,0.0155193,0.0182375,0.665174,-0.244239,-0.231522,0.544667,0.779657,0.514179,-0.414276,-7.35043,0.789828,0.373046,nan,nan,0,-2.42355,0.0459242,-0.543161,-50.8669,-1.16178,-1.19413,nan,nan,0,0.467117,-0.29079,2.85697,-11.6484,-0.0764417,-0.138151,nan,nan,0,-0.409382,0.557323,0.107406,-29.9634,0.285309,0.329701,nan,nan,0,-0.332066,-0.235431,-0.102018,-7.55916,-0.376033,nan,-4.76806,-1.13459,1,0.755581,0.16875,0.634929,7.88038,0.37779,nan,5.3188,4.19552,1,-1.48574,-0.424823,-1.67859,-12.674,-1.14287,-1.11272,nan,nan,0,0.199187,0.00354719,-0.475651,-4.17583,0.0495936,-0.0702924,nan,nan,0,-0.236139,0.317251,-0.125817,0.415138,0.191931,0.341999,nan,nan,0,1.18134,0.66221,3.63028,-1.00122,1.08067,0.942299,nan,nan,0,-0.0632654,-0.243025,0.0703558,-0.774759,-0.241633,nan,-0.0567879,-0.888096,1,0.0891575,0.0410544,-4.12779,-0.400824,0.0445787,nan,6.29742,2.48412,1,0,0.945156,0.004357,0.011152,0.326399,-0.244239,-0.231522,0.544667,0.633067,-1.45831,15.0873
1787645129046225711,0.684561,0.728956,0.583333,0.4,0.4,-0,-0.6,0.0131237,0.015385,0.666782,-0.188651,0.129196,-0.280756,0.380658,0.509577,-0.463376,-1.48962,0.590329,0.61028,nan,nan,0,-2.22548,0.039021,-0.807072,-35.4823,-1.06274,-1.16714,nan,nan,0,0.185327,-0.256466,3.45844,-7.15507,-0.217337,-0.0762481,nan,nan,0,-0.374965,0.559816,0.21174,-21.7582,0.302517,0.306932,nan,nan,0,-0.101263,-0.227169,0.978207,-3.8621,-0.260631,nan,-2.63849,-3.33881,1,0.66164,0.165397,-0.247522,4.78497,0.33082,nan,5.33398,4.41829,1,-1.54806,-0.442848,-1.86884,-10.1343,-1.17403,-1.13047,nan,nan,0,0.249468,-0.00067091,-0.420414,-1.48962,0.0747338,-0.0104578,nan,nan,0,-0.371703,0.321278,0.402001,-0.512817,0.124149,0.27594,nan,nan,0,1.25575,0.698068,3.55664,1.48962,1.11787,0.99945,nan,nan,0,-0.0714615,-0.243218,0.00264016,-1.08513,-0.245731,nan,-0.0919065,-0.508297,1,0.0397103,-0.0001127,-3.94774,2.01024,0.0198551,nan,6.52065,5.11775,1,0,0.944906,0.003683,0.009416,0.327185,-0.188651,0.129196,-0.280756,6.93533,-1.34743,15.6337
1787645129056341380,0.758959,0.651139,0.583333,0.4,0.4,-0,-0.6,0.00743419,0.0175346,0.661358,-0.655324,0.426047,-0.694519,-0.0632043,0.504591,-0.475651,1.88034,0.368398,0.691223,nan,nan,0,-1.43169,0.0265574,-1.45764,-30.7448,-0.665846,-1.12477,nan,nan,0,-0.1038,-0.226745,2.71581,-4.46886,-0.3619,-0.107459,nan,nan,0,-0.347757,0.560008,-0.09513,-18.3883,0.316122,0.296347,nan,nan,0,-0.0517991,-0.217102,1.00576,-2.25603,-0.2359,nan,-2.16656,-4.19075,1,0.67707,0.161726,-0.331106,4.44805,0.338535,nan,5.80092,5.1246,1,-1.36365,-0.463365,-2.12048,-8.32722,-1.08183,-1.15084,nan,nan,0,0.164134,-0.0046978,-0.402001,-0.170937,0.0320668,0.041831,nan,nan,0,-0.39769,0.323004,0.00920582,-1.48962,0.111155,0.196305,nan,nan,0,0.840041,0.733159,3.45844,-1.05006,0.910021,1.06508,nan,nan,0,-0.0550655,-0.245154,-0.0738245,-0.681086,-0.237533,nan,0.377465,-0.181278,1,0.0609949,-0.0365906,-3.03683,3.61526,0.0304974,nan,6.56789,6.53245,1,0,0.945789,0.000669,0.009499,0.32464,-0.655324,0.426047,-0.694519,2.18104,-1.80483,9.04496
1787645129066215454,0.82456,0.565774,0.583333,0.4,0.4,-0,-0.14569,0.000916341,0.0223463,0.654016,-0.595998,0.43003,-0.704884,-0.461682,0.500565,-0.352901,3.7851,0.169159,0.58844,nan,nan,0,-1.0011,0.00795746,-1.94863,-32.3565,-0.450548,-0.95419,nan,nan,0,-0.261271,-0.205269,1.92408,-3.73627,-0.440636,-0.21652,nan,nan,0,-0.309699,0.556556,-0.420414,-18.0952,0.33515,0.301288,nan,nan,0,0.0475042,-0.211025,0.330862,-0.827118,-0.186248,nan,0.370915,-3.45013,1,0.73426,0.157466,-0.293975,5.30477,0.36713,nan,6.73087,5.56433,1,-1.15614,-0.486184,-2.31074,-10.9157,-0.978068,-1.137,nan,nan,0,-0.111031,-0.00834084,-0.340627,0.854698,-0.105515,0.0565963,nan,nan,0,-0.368545,0.319744,-0.469513,-2.27106,0.125728,0.137108,nan,nan,0,0.477243,0.76403,3.44002,2.36874,0.728622,1.03906,nan,nan,0,-0.0398306,-0.244865,-0.0668851,-0.0435547,-0.229915,nan,0.623554,0.102175,1,0.12872,-0.0556025,-1.58428,4.46829,0.0643601,nan,5.97529,6.69897,1,0,0.94695,-0.003155,0.010728,0.321186,-0.595998,0.43003,-0.704884,-1.71541,0.72017,2.7465
1787645129076214306,0.880604,0.473853,0.583333,0.4,0.4,-0,-0.14569,-0.00422803,0.0260179,0.647266,-0.495621,0.139055,-0.696337,-0.453312,0.498456,-0.205604,1.05006,0.173344,0.38998,nan,nan,0,-0.770896,-0.00949144,-1.89953,-36.5568,-0.335448,-0.700007,nan,nan,0,-0.390421,-0.190887,1.56811,-7.49695,-0.505211,-0.340601,nan,nan,0,-0.443395,0.552721,-0.487926,-23.1258,0.268302,0.315849,nan,nan,0,-0.0951342,-0.215333,-0.467436,-0.592333,-0.257567,nan,-0.777025,-1.57097,1,0.722301,0.158074,-0.208859,4.96422,0.36115,nan,6.40557,6.06607,1,-0.94566,-0.507659,-2.42121,-11.8437,-0.87283,-1.07239,nan,nan,0,-0.284836,-0.0110254,-0.273115,1.44078,-0.192418,0.00311052,nan,nan,0,-0.351082,0.313992,-0.629086,-3.83395,0.134459,0.11465,nan,nan,0,0.39459,0.798737,3.46457,-4.95727,0.687295,0.909903,nan,nan,0,-0.0494523,-0.246898,-0.0954907,-0.114211,-0.234726,nan,0.569253,0.415683,1,0.168005,-0.0637808,-0.313203,4.84283,0.0840023,nan,4.9033,6.14254,1,0,0.947994,-0.006141,0.011661,0.318012,-0.495621,0.139055,-0.696337,-1.96311,0.936943,3.55431
1787645129086219019,0.926441,0.376439,0.583333,0.4,0.4,-0,-0.14569,-0.00771041,0.0264475,0.639333,-0.143856,0.0424769,-0.897513,-0.345316,0.497113,-0.09513,-2.95483,0.227342,0.234156,nan,nan,0,-0.857855,-0.0255985,-1.16918,-39.6337,-0.378927,-0.477643,nan,nan,0,-0.520756,-0.174014,1.55584,-12.2833,-0.570378,-0.441348,nan,nan,0,-0.505805,0.548502,-0.242428,-26.8864,0.237097,0.307096,nan,nan,0,-0.237951,-0.223381,-1.04672,-0.0247122,-0.328976,nan,-2.12575,-0.227849,1,0.827439,0.159671,0.388372,5.16903,0.413719,nan,7.0389,6.30621,1,-0.743109,-0.534696,-2.47031,-9.89011,-0.771555,-0.975621,nan,nan,0,-0.309418,-0.0131345,-0.14423,-0.854698,-0.204709,-0.0918363,nan,nan,0,-0.310223,0.306513,-0.782521,-3.2967,0.154889,0.117541,nan,nan,0,0.385763,0.835553,3.23749,-11.16,0.682882,0.775522,nan,nan,0,-0.052197,-0.246993,-0.0437077,0.304046,-0.236099,nan,0.446882,0.569765,1,0.161178,-0.055263,1.12296,4.25421,0.0805891,nan,2.39112,5.07001,1,0,0.949233,-0.007815,0.011342,0.314269,-0.143856,0.0424769,-0.897513,-0.058292,-0.290081,9.01288
1787645129096230565,0.961541,0.274662,0.583333,0.4,0.4,-0,-0.14569,-0.00887907,0.0266261,0.629086,-0.0772934,0.099613,-1.12217,-0.432835,0.495771,-0.156505,-5.64103,0.183582,0.183677,nan,nan,0,-0.985396,-0.0309677,-0.28539,-29.2796,-0.442698,-0.367622,nan,nan,0,-0.873617,-0.160591,1.21214,-13.9927,-0.746808,-0.519012,nan,nan,0,-0.587419,0.547927,-0.00306892,-28.2051,0.19629,0.275567,nan,nan,0,-0.30514,-0.237382,-1.34014,0.195165,-0.36257,nan,-2.37136,-0.365668,1,0.887361,0.172798,0.993891,5.97792,0.44368,nan,6.63562,6.36725,1,-0.564097,-0.55924,-2.4519,-5.34798,-0.682049,-0.868163,nan,nan,0,-0.274505,-0.0139022,-0.0644426,-2.75946,-0.187253,-0.168557,nan,nan,0,-0.317905,0.297692,-0.886857,-2.61295,0.151048,0.133234,nan,nan,0,0.454863,0.864124,2.67898,-24.4444,0.717432,0.697905,nan,nan,0,-0.0647337,-0.245107,0.0191504,0.0964317,-0.242367,nan,0.0671644,0.529436,1,0.143357,-0.0330255,2.16427,3.76016,0.0716786,nan,-0.105278,3.36625,1,0,0.950825,-0.00834,0.011286,0.309408,-0.0772934,0.099613,-1.12217,0.859208,-1.35488,13.0015
1787645129106229232,0.985496,0.169701,0.583333,0.4,0.4,-0,-0.14569,-0.0123655,0.0280892,0.616758,-0.381466,0.356122,-1.33406,-0.758179,0.493087,-0.328352,-4.71307,0.0209106,0.178326,nan,nan,0,-0.696942,-0.0294337,0.28539,-19.8535,-0.298471,-0.366838,nan,nan,0,-1.04505,-0.155605,0.131955,-12.2344,-0.832523,-0.620881,nan,nan,0,-0.610306,0.54831,0.046031,-27.2772,0.184847,0.235597,nan,nan,0,-0.218918,-0.247195,-1.21688,-2.02625,-0.319459,nan,-0.703936,-1.21172,1,0.872147,0.177212,0.512724,7.83499,0.436074,nan,6.99677,6.46804,1,-0.546419,-0.583593,-2.41508,-2.90598,-0.673209,-0.765172,nan,nan,0,-0.294461,-0.0148611,-0.11968,-4.27351,-0.197231,-0.19942,nan,nan,0,-0.283753,0.287722,-1.04643,-0.805862,0.168123,0.146534,nan,nan,0,0.415247,0.885983,1.96091,-24.7375,0.697624,0.682793,nan,nan,0,-0.103269,-0.245283,0.0602734,0.158039,-0.261634,nan,-0.662709,0.348428,1,0.137703,-0.00668764,2.90603,2.01,0.0688517,nan,-2.09286,1.20966,1,0,0.952687,-0.010153,0.011505,0.303562,-0.381466,0.356122,-1.33406,-1.2776,-7.36072,12.9352
1787645129116283728,0.998028,0.0627738,0.583333,0.4,0.4,-0,0.0861062,-0.0174984,0.0320967,0.603531,-0.448406,0.573005,-1.2829,-1.22134,0.488677,-0.481788,-5.39683,-0.210668,0.126146,nan,nan,0,-0.577481,-0.0254068,0.438826,-14.9206,-0.238741,-0.357024,nan,nan,0,-0.967942,-0.160207,-0.684322,-13.5043,-0.793971,-0.73564,nan,nan,0,-0.545184,0.548119,-0.0521679,-29.6215,0.217408,0.202817,nan,nan,0,0.0345414,-0.255375,-0.842454,-2.24834,-0.192729,nan,3.45628,-1.43878,1,0.822419,0.175965,-0.46815,7.57398,0.411209,nan,7.75955,6.90661,1,-0.649287,-0.606986,-2.3046,-0.366302,-0.724643,-0.696314,nan,nan,0,-0.371977,-0.0167785,-0.21174,-4.85959,-0.235989,-0.204263,nan,nan,0,-0.133623,0.276792,-1.09553,-0.268623,0.243188,0.15773,nan,nan,0,0.310093,0.90094,1.27965,-23.1258,0.645046,0.689645,nan,nan,0,-0.122999,-0.245217,0.118773,0.0761783,-0.2715,nan,-1.09805,-0.0829361,1,0.139946,0.0208346,3.28076,0.59101,0.0699731,nan,-3.44699,-0.984616,1,0,0.954611,-0.013122,0.012722,0.297291,-0.448406,0.573005,-1.2829,0.253223,-2.46567,10.5656
1787645129126184342,0.998992,-0.0448812,0.583333,0.4,0.4,-0,0.0861062,-0.0215929,0.0376174,0.591236,-0.250511,0.509388,-1.10224,-1.22615,0.482924,-0.604536,-8.71795,-0.213073,-0.0138631,nan,nan,0,-0.704018,-0.0206132,0.469513,-13.2601,-0.302009,-0.306443,nan,nan,0,-0.928947,-0.171905,-1.35944,-14.3834,-0.774473,-0.798808,nan,nan,0,-0.505991,0.546393,-0.242428,-29.0354,0.237005,0.196608,nan,nan,0,0.0365515,-0.264065,-0.541501,-2.59404,-0.191724,nan,3.34419,0.171505,1,0.864127,0.171715,-0.756492,7.02418,0.432063,nan,8.94519,7.58543,1,-0.570471,-0.628846,-2.12662,-0.0732574,-0.685235,-0.684793,nan,nan,0,-0.446403,-0.0194631,-0.279252,-5.44566,-0.273202,-0.214669,nan,nan,0,0.0528554,0.263752,-1.41468,1.3431,0.336428,0.190229,nan,nan,0,0.133115,0.909952,0.757972,-19.7558,0.556557,0.677937,nan,nan,0,-0.13266,-0.242818,0.136974,0.0413622,-0.27633,nan,-1.37839,-0.637348,1,0.11161,0.0578723,3.2261,-0.378548,0.0558052,nan,-4.90117,-2.81846,1,0,0.956338,-0.015805,0.014846,0.291457,-0.250511,0.509388,-1.10224,-1.2172,0.356659,8.71283
1787645129136321566,0.988378,-0.152016,0.583333,0.4,0.4,-0,0.0861062,-0.0243443,0.042258,0.582026,-0.21668,0.612527,-0.770888,-1.35161,0.476404,-0.659773,-13.0647,-0.275806,-0.146021,nan,nan,0,-0.827812,-0.0158195,0.5002,-12.5763,-0.363906,-0.281442,nan,nan,0,-0.790441,-0.186861,-1.42695,-16.044,-0.70522,-0.80529,nan,nan,0,-0.448109,0.54275,-0.438826,-26.4469,0.265945,0.211809,nan,nan,0,0.225493,-0.264161,-0.134102,-0.984152,-0.0972537,nan,6.04292,2.08658,1,0.831714,0.159816,-0.506453,7.08583,0.415857,nan,8.4409,8.31668,1,-0.552867,-0.648405,-1.85043,-1.19658,-0.676433,-0.688817,nan,nan,0,-0.494549,-0.0223389,-0.279252,-8.66911,-0.297274,-0.239891,nan,nan,0,0.107037,0.251864,-0.972781,1.24542,0.363518,0.254685,nan,nan,0,0.0637764,0.91417,0.273115,-18.486,0.521888,0.629977,nan,nan,0,-0.1124,-0.242232,0.112149,-0.563009,-0.2662,nan,-1.0071,-1.09271,1,0.0967086,0.0857606,2.80799,-2.12679,0.0483543,nan,-5.33417,-4.20177,1,0,0.957594,-0.017719,0.016746,0.287084,-0.21668,0.612527,-0.770888,-1.34159,-2.1902,5.71454
1787645129146228502,0.966308,-0.257389,0.583333,0.4,0.4,-0,0.0861062,-0.025363,0.0488375,0.573801,0.0144024,0.454295,-0.811,-1.24064,0.469309,-0.721148,-15.4579,-0.220322,-0.231572,nan,nan,0,-0.956491,-0.00987482,0.653635,-16.7766,-0.428245,-0.3058,nan,nan,0,-0.858543,-0.200475,-1.22441,-16.5324,-0.739271,-0.7692,nan,nan,0,-0.495057,0.537381,-0.567711,-27.033,0.242471,0.237309,nan,nan,0,0.185353,-0.264394,0.357564,0.80507,-0.117324,nan,4.61111,3.92552,1,0.823598,0.161998,0.0306998,7.81044,0.411799,nan,7.44798,8.56679,1,-0.471176,-0.664703,-1.54356,-1.19658,-0.635588,-0.685069,nan,nan,0,-0.435744,-0.0246401,-0.21174,-8.13187,-0.267872,-0.270238,nan,nan,0,0.0537822,0.246687,-0.352901,1.5873,0.336891,0.319478,nan,nan,0,0.0643777,0.91417,-0.14423,-21.5629,0.522189,0.57078,nan,nan,0,-0.110331,-0.23965,0.0701937,-0.585509,-0.265166,nan,-0.998352,-1.22504,1,0.0760988,0.110677,1.94881,-3.14388,0.0380494,nan,-5.10203,-5.01612,1,0,0.958674,-0.019068,0.019829,0.283171,0.0144024,0.454295,-0.811,-5.10726,1.18013,6.69323
1787645129156238545,0.933038,-0.359779,0.583333,0.4,0.4,-0,0.0861062,-0.0252862,0.0529215,0.565909,0.00283162,0.329415,-0.82569,-1.06696,0.461448,-0.807072,-16.337,-0.133481,-0.255975,nan,nan,0,-0.933164,-0.00201321,0.850033,-17.6068,-0.416582,-0.361321,nan,nan,0,-0.835272,-0.208529,-0.659773,-17.1184,-0.727636,-0.739886,nan,nan,0,-0.536513,0.53067,-0.598398,-24.4444,0.221743,0.249965,nan,nan,0,0.137618,-0.258057,0.623861,3.84596,-0.141191,nan,3.15451,4.79159,1,0.800705,0.163163,0.349282,7.85726,0.400353,nan,6.59177,8.07979,1,-0.411064,-0.678318,-1.28579,-0.0244217,-0.605532,-0.666533,nan,nan,0,-0.332688,-0.0269408,-0.242428,-8.47375,-0.216344,-0.281284,nan,nan,0,-0.00639199,0.246495,0.0889931,2.46642,0.306804,0.348255,nan,nan,0,0.0691165,0.909377,-0.622948,-20.7326,0.524558,0.53234,nan,nan,0,-0.101025,-0.241241,-0.0301227,-1.00569,-0.260512,nan,-0.629318,-1.12579,1,0.0484837,0.119169,0.87066,-3.5907,0.0242418,nan,-4.15379,-5.0975,1,0,0.959728,-0.019522,0.021875,0.279395,0.00283162,0.329415,-0.82569,-1.83969,-2.41578,8.45128
1787645129166221018,0.888953,-0.457998,0.583333,0.4,0.4,-0,0.0154953,-0.0249856,0.055764,0.556909,0.20113,0.298099,-0.864464,-1.01923,0.452243,-0.954369,-15.1648,-0.109616,-0.216002,nan,nan,0,-1.08534,0.0071907,0.942094,-19.0232,-0.492672,-0.404253,nan,nan,0,-0.707714,-0.214089,-0.579986,-15.2137,-0.663857,-0.728513,nan,nan,0,-0.547689,0.525301,-0.598398,-22.5397,0.216155,0.242589,nan,nan,0,0.132021,-0.251721,0.543022,5.51313,-0.143989,nan,2.95607,4.34361,1,0.763588,0.166095,0.383343,8.1815,0.381794,nan,5.89595,7.26276,1,-0.372,-0.689823,-1.11394,0.512817,-0.586,-0.63692,nan,nan,0,-0.281728,-0.0298171,-0.309939,-7.54578,-0.190864,-0.260525,nan,nan,0,-0.0567008,0.248029,0.181053,2.66178,0.28165,0.339801,nan,nan,0,0.0701377,0.900748,-1.09553,-20.0488,0.525069,0.518744,nan,nan,0,-0.0766691,-0.241266,-0.0972743,-1.12062,-0.248335,nan,-0.101495,-0.891923,1,0.00256216,0.12154,-0.28969,-3.66048,0.00128108,nan,-3.17322,-4.50745,1,0,0.960936,-0.019669,0.02337,0.275077,0.20113,0.298099,-0.864464,-0.200212,-0.179274,9.63111
1787645129176282118,0.834565,-0.550909,0.583333,0.4,0.4,-0,0.0154953,-0.0224745,0.0584343,0.549409,0.346959,0.2339,-0.615162,-0.907526,0.441697,-1.07712,-14.4811,-0.0537632,-0.157641,nan,nan,0,-1.25709,0.0163946,0.886857,-19.5116,-0.578546,-0.445749,nan,nan,0,-0.538108,-0.220801,-0.76411,-14.188,-0.579054,-0.704361,nan,nan,0,-0.531531,0.519165,-0.647498,-20.928,0.224234,0.228704,nan,nan,0,0.11767,-0.247514,0.326019,4.64706,-0.151165,nan,2.8832,3.59406,1,0.729987,0.16771,0.0593085,7.41927,0.364993,nan,5.82954,6.49656,1,-0.344596,-0.699985,-0.966643,2.02686,-0.572298,-0.60783,nan,nan,0,-0.264452,-0.0332685,-0.365176,-6.95971,-0.182226,-0.225352,nan,nan,0,-0.010418,0.251097,0.365176,1.39194,0.304791,0.313323,nan,nan,0,0.0180764,0.886367,-1.58039,-16.3858,0.499038,0.518411,nan,nan,0,-0.054156,-0.243625,-0.213238,-0.541036,-0.237078,nan,0.549013,-0.497758,1,-0.0369774,0.111849,-1.20401,-3.21313,-0.0184887,nan,-2.1041,-3.53456,1,0,0.961944,-0.018735,0.025069,0.271446,0.346959,0.2339,-0.615162,-1.80204,0.504149,10.2698
1787645129186384380,0.770504,-0.637435,0.583333,0.4,0.4,-0,0.0154953,-0.0187492,0.0609326,0.544816,0.410851,0.255271,-0.301834,-0.999484,0.430576,-1.12622,-13.7485,-0.0997419,-0.101662,nan,nan,0,-1.42849,0.0244484,0.788659,-20.1954,-0.664243,-0.507155,nan,nan,0,-0.301877,-0.229429,-0.85617,-12.8694,-0.460939,-0.650618,nan,nan,0,-0.481794,0.511878,-0.751834,-19.7558,0.249103,0.221817,nan,nan,0,0.265471,-0.247714,0.126026,4.12143,-0.0772647,nan,5.7767,3.13425,1,0.674067,0.169492,-0.168246,6.61706,0.337034,nan,5.27863,6.05712,1,-0.298655,-0.708614,-0.807072,1.73382,-0.549328,-0.585461,nan,nan,0,-0.281817,-0.0372953,-0.389727,-5.54334,-0.190909,-0.196976,nan,nan,0,0.0790432,0.255316,0.420414,0.512817,0.349522,0.298878,nan,nan,0,-0.0306665,0.865658,-2.02842,-12.7717,0.474667,0.513089,nan,nan,0,-0.0135495,-0.246105,-0.241131,-0.243071,-0.216775,nan,1.38827,0.0417215,1,-0.089001,0.0952267,-1.89857,-2.41012,-0.0445005,nan,-1.34396,-2.42666,1,0,0.962559,-0.01722,0.026816,0.26919,0.410851,0.255271,-0.301834,-0.070378,0.992213,9.88211
1787645129196412543,0.697512,-0.716573,0.583333,0.4,0.4,-0,0.0154953,-0.0148424,0.0634033,0.542529,0.398526,0.294171,-0.169974,-1.13833,0.419646,-1.06484,-13.6996,-0.169165,-0.0795146,nan,nan,0,-1.505,0.0317349,0.702735,-23.4676,-0.702502,-0.585317,nan,nan,0,-0.207708,-0.234607,-0.254703,-13.8462,-0.413854,-0.563666,nan,nan,0,-0.445071,0.503441,-0.880719,-19.6581,0.267465,0.229469,nan,nan,0,0.398121,-0.245643,0.0365173,3.5905,-0.0109393,nan,8.15984,3.89511,1,0.623194,0.164853,-0.17353,6.01545,0.311597,nan,4.66263,5.7097,1,-0.246752,-0.715325,-0.592261,2.02686,-0.523376,-0.565984,nan,nan,0,-0.26176,-0.0411305,-0.389727,-4.71307,-0.18088,-0.18559,nan,nan,0,0.110356,0.259151,0.352901,0.415138,0.365178,0.312872,nan,nan,0,-0.0915319,0.845524,-2.31688,-12.2833,0.444234,0.496857,nan,nan,0,0.00108915,-0.248764,-0.257391,0.211945,-0.209455,nan,1.76188,0.7138,1,-0.127556,0.0728483,-2.44427,-1.79668,-0.0637779,nan,-0.432379,-1.4142,1,0,0.962858,-0.015639,0.028549,0.268035,0.398526,0.294171,-0.169974,2.08681,1.34395,9.44454
1787645129206339661,0.616436,-0.787405,0.583333,0.4,0.4,-0,0.0154953,-0.0114897,0.0658484,0.541068,0.331206,0.292041,-0.121673,-1.23335,0.409483,-0.972781,-12.2833,-0.216675,-0.106809,nan,nan,0,-1.37134,0.0378709,0.579986,-25.0794,-0.635668,-0.655597,nan,nan,0,-0.0760774,-0.232881,0.340627,-12.7717,-0.348039,-0.476317,nan,nan,0,-0.387346,0.493279,-0.942094,-17.7045,0.296327,0.247066,nan,nan,0,0.528092,-0.245678,0.00366755,4.07454,0.0540461,nan,10.4848,5.80371,1,0.556703,0.164259,-0.0157679,5.53867,0.278351,nan,3.44642,5.21937,1,-0.223115,-0.719544,-0.371314,1.73382,-0.511558,-0.544549,nan,nan,0,-0.252026,-0.0449657,-0.377452,-4.7619,-0.176013,-0.182169,nan,nan,0,0.129375,0.262218,0.303802,0.65934,0.374687,0.339487,nan,nan,0,-0.223536,0.817912,-2.60534,-8.71795,0.378232,0.471895,nan,nan,0,-0.0258035,-0.251211,-0.203393,0.474043,-0.222902,nan,1.29592,1.32778,1,-0.162539,0.0462895,-2.71986,-1.34762,-0.0812697,nan,0.253009,-0.539716,1,0,0.963039,-0.01433,0.030186,0.267279,0.331206,0.292041,-0.121673,1.78347,1.13449,9.44273
1787645129216377221,0.528215,-0.849111,0.583333,0.4,0.4,-0,-0.194985,-0.00842725,0.0685316,0.539907,0.318227,0.319907,-0.096854,-1.3703,0.400088,-0.923681,-12.5275,-0.285149,-0.159853,nan,nan,0,-1.18518,0.0422807,0.377452,-25.812,-0.542588,-0.673893,nan,nan,0,0.134465,-0.226361,0.776384,-11.5995,-0.242767,-0.40256,nan,nan,0,-0.344328,0.483882,-0.911407,-16.1905,0.317836,0.27086,nan,nan,0,0.694954,-0.245652,0.0196435,5.89884,0.137477,nan,13.38,8.20232,1,0.404204,0.164853,0.0670827,4.95516,0.202102,nan,1.01687,4.38399,1,-0.14262,-0.721845,-0.156505,1.92918,-0.47131,-0.52494,nan,nan,0,-0.306343,-0.0488005,-0.352901,-4.90842,-0.203171,-0.17918,nan,nan,0,0.109912,0.26567,0.377452,0.952377,0.364956,0.361719,nan,nan,0,-0.317125,0.793176,-2.78946,-6.03175,0.331437,0.430579,nan,nan,0,-0.0065572,-0.251478,-0.0699168,0.621247,-0.213279,nan,1.44185,1.50779,1,-0.189847,0.0177592,-2.79178,-0.591058,-0.0949234,nan,0.807192,0.191584,1,0,0.96317,-0.013195,0.031895,0.266667,0.318227,0.319907,-0.096854,1.41667,1.31505,10.4994
1787645129226347103,0.433871,-0.900975,0.583333,0.4,0.4,-0,-0.194985,-0.0055601,0.0716096,0.53936,0.279248,0.348845,-0.0107701,-1.43724,0.390691,-0.966643,-12.4298,-0.318621,-0.223173,nan,nan,0,-0.850521,0.0445819,0.181053,-24.1514,-0.375261,-0.6288,nan,nan,0,0.366819,-0.216007,1.16304,-10.2808,-0.126591,-0.323168,nan,nan,0,-0.216376,0.475062,-0.850034,-15.3114,0.381812,0.296371,nan,nan,0,0.878559,-0.245669,0.0999617,7.96178,0.22928,nan,16.4733,10.8482,1,0.218984,0.16703,0.107126,4.3214,0.109492,nan,-1.88683,2.88874,1,-0.00160107,-0.722036,0.046031,2.0757,-0.400801,-0.500301,nan,nan,0,-0.288659,-0.0522523,-0.340627,-4.12698,-0.19433,-0.185706,nan,nan,0,0.179815,0.270464,0.543161,1.0989,0.399908,0.370447,nan,nan,0,-0.480654,0.760962,-2.99813,-7.69231,0.249673,0.379265,nan,nan,0,0.0174203,-0.251512,0.0422028,1.2009,-0.20129,nan,1.69446,1.44938,1,-0.239727,-0.00701257,-2.68372,-0.0937842,-0.119864,nan,0.640047,0.752537,1,0,0.963208,-0.012215,0.033763,0.266347,0.279248,0.348845,-0.0107701,0.520691,1.32725,10.3605
1787645129236339392,0.334499,-0.942396,0.583333,0.4,0.4,-0,-0.194985,-0.00278507,0.0749557,0.539366,0.274875,0.304318,0.0228432,-1.54939,0.380529,-1.05871,-12.4298,-0.374693,-0.280201,nan,nan,0,-0.482669,0.0455403,0.0521679,-24.5421,-0.191335,-0.52039,nan,nan,0,0.530234,-0.201626,1.52515,-9.10867,-0.044883,-0.226161,nan,nan,0,-0.18438,0.467967,-0.76411,-11.6972,0.39781,0.334031,nan,nan,0,1.03841,-0.243561,0.232407,10.28,0.309206,nan,18.9983,13.7092,1,-0.00124301,0.167733,0.0276585,3.17151,-0.000621505,nan,-5.09214,0.632722,1,0.208157,-0.720502,0.199466,3.2967,-0.295921,-0.456805,nan,nan,0,-0.269193,-0.0557036,-0.352901,-4.07815,-0.184597,-0.193016,nan,nan,0,0.259794,0.276217,0.604536,1.05006,0.439897,0.381327,nan,nan,0,-0.562717,0.729706,-3.20067,-8.27839,0.208641,0.316464,nan,nan,0,0.0353629,-0.251374,0.146116,1.04804,-0.192319,nan,1.84778,1.47701,1,-0.303987,-0.0345633,-2.5137,0.28549,-0.151993,nan,0.24764,0.998534,1,0,0.963163,-0.011324,0.035744,0.266289,0.274875,0.304318,0.0228432,-1.04927,-0.357341,9.51269
1787645129246416880,0.23125,-0.972894,0.583333,0.4,0.4,-0,-0.194985,-0.000157508,0.0776474,0.53996,0.252295,0.24648,0.0909351,-1.50785,0.369024,-1.18759,-13.9927,-0.353923,-0.331245,nan,nan,0,-0.0896326,0.0457325,0.0398932,-21.6606,0.00518369,-0.362055,nan,nan,0,0.683249,-0.184176,1.80747,-8.47375,0.0316247,-0.126632,nan,nan,0,-0.140946,0.460489,-0.629086,-8.91331,0.419527,0.372041,nan,nan,0,1.15318,-0.23962,0.515259,12.2895,0.366589,nan,20.4444,16.511,1,-0.229258,0.163598,-0.559654,1.56007,-0.114629,nan,-7.50732,-2.12077,1,0.509163,-0.717818,0.33449,4.27351,-0.145418,-0.384094,nan,nan,0,-0.171005,-0.0593467,-0.377452,-3.88278,-0.135502,-0.192162,nan,nan,0,0.424464,0.282545,0.66591,1.00122,0.522232,0.406352,nan,nan,0,-0.613222,0.696342,-3.41547,-9.30403,0.183389,0.254797,nan,nan,0,0.0897616,-0.249023,0.265497,1.20526,-0.165119,nan,2.53839,1.58968,1,-0.39657,-0.0573009,-2.20046,0.23996,-0.198285,nan,-0.928836,0.830472,1,0,0.963049,-0.010428,0.037387,0.266514,0.252295,0.24648,0.0909351,-0.532058,-0.36345,8.93518
1787645129256355706,0.12532,-0.992116,0.583333,0.4,0.4,-0,-0.194985,0.00245618,0.0797971,0.541097,0.268403,0.181304,0.117672,-1.16666,0.355985,-1.3533,-13.602,-0.18333,-0.357961,nan,nan,0,0.337371,0.0468826,0.168778,-18.6813,0.218686,-0.174798,nan,nan,0,0.721722,-0.164618,2.02842,-5.49451,0.0508612,-0.0371115,nan,nan,0,-0.00817054,0.455503,-0.487926,-6.37363,0.485915,0.401234,nan,nan,0,1.08665,-0.234153,1.01198,14.2826,0.333327,nan,18.3438,18.7457,1,-0.396968,0.153637,-1.69841,-0.934045,-0.198484,nan,-8.01601,-4.75885,1,0.992856,-0.713216,0.512474,5.83639,0.0964278,-0.273334,nan,nan,0,0.200903,-0.0633736,-0.395864,-3.88278,0.0504514,-0.171812,nan,nan,0,0.71093,0.289831,0.770247,1.19658,0.665465,0.456127,nan,nan,0,-0.675933,0.664128,-3.6487,-6.91087,0.152034,0.208713,nan,nan,0,0.19983,-0.244501,0.378998,1.28664,-0.110085,nan,4.13607,1.90384,1,-0.581489,-0.077781,-1.88063,0.288583,-0.290744,nan,-3.56796,0.144028,1,0,0.962869,-0.009478,0.038765,0.267,0.268403,0.181304,0.117672,-0.386589,-0.198422,8.68287
1787645129266300723,0.0179384,-0.999839,0.583333,0.4,0.4,-0,-0.194985,0.00537486,0.0809196,0.541814,0.318702,0.0788833,0.00903513,-0.22166,0.341028,-1.54356,-12.9182,0.28917,-0.30586,nan,nan,0,0.773819,0.0503349,0.4511,-15.8486,0.43691,0.0296082,nan,nan,0,0.362257,-0.143717,2.0591,-3.24786,-0.128872,0.0244498,nan,nan,0,0.221553,0.451477,-0.377452,-3.2967,0.600777,0.43924,nan,nan,0,0.524387,-0.220473,1.22059,20.4699,0.0521935,nan,7.71244,19.1907,1,-0.440702,0.127922,-2.06823,-5.92308,-0.220351,nan,-7.34584,-6.49243,1,1.67867,-0.706697,0.727284,8.32722,0.439333,-0.103736,nan,nan,0,1.33054,-0.0674,-0.389727,-3.39439,0.615272,-0.0871103,nan,nan,0,1.19838,0.298843,0.978919,2.02686,0.909192,0.54805,nan,nan,0,-0.64487,0.626161,-3.86965,-9.40171,0.167565,0.174828,nan,nan,0,0.342396,-0.239968,0.523957,1.63401,-0.038802,nan,6.25488,2.74644,1,-0.979039,-0.0926916,-1.6341,-0.300615,-0.48952,nan,-9.4537,-1.40701,1,0,0.962765,-0.008237,0.039692,0.267281,0.318702,0.0788833,0.00903513,-0.159838,-0.235291,8.56075
1787645129276390589,-0.0896516,-0.995973,0.583333,0.4,0.4,-0,-0.229689,0.00847116,0.0810053,0.541219,0.352502,-0.0513223,-0.113833,0.661127,0.324538,-1.67859,-11.2088,0.730563,-0.077915,nan,nan,0,0.516664,0.057621,0.880719,-8.91331,0.308332,0.243407,nan,nan,0,-0.174445,-0.124542,1.88112,-1.88034,-0.397222,-0.00663758,nan,nan,0,0.555643,0.448409,-0.273115,-0.854698,0.767822,0.509296,nan,nan,0,-0.15785,-0.214729,0.656433,21.6669,-0.288925,nan,-3.58152,15.3395,1,-0.18511,0.115826,-1.22723,-8.44861,-0.0925549,nan,-4.41057,-7.33304,1,2.06914,-0.697493,0.997331,10.4762,0.634572,0.148388,nan,nan,0,2.26821,-0.0708518,-0.316077,-0.805862,1.08411,0.186294,nan,nan,0,1.57585,0.31169,1.43309,3.24786,1.09792,0.708132,nan,nan,0,-0.503907,0.586277,-4.02922,-5.78754,0.238047,0.160546,nan,nan,0,0.397842,-0.233333,0.69127,2.29126,-0.0110791,nan,6.742,4.24255,1,-1.20827,-0.108292,-1.66587,-1.36388,-0.604133,nan,-12.3764,-4.71183,1,0,0.962854,-0.006746,0.040149,0.266932,0.352502,-0.0513223,-0.113833,-0.790927,-1.04004,8.73571
1787645129286298489,-0.196203,-0.980563,0.583333,0.4,0.4,-0,-0.229689,0.0130636,0.0794705,0.539376,0.650472,-0.199655,-0.265503,1.20037,0.307664,-1.69086,-7.59463,1.00018,0.30303,nan,nan,0,-0.272737,0.0695095,1.31648,-4.71307,-0.0863686,0.348209,nan,nan,0,-0.659531,-0.107476,1.62949,-2.85714,-0.639766,-0.162429,nan,nan,0,0.758666,0.446683,-0.138092,3.68742,0.869333,0.626098,nan,nan,0,-0.445951,-0.212739,-0.122679,15.8491,-0.432976,nan,-7.52425,7.13301,1,0.0876494,0.108844,-0.287396,-7.87048,0.0438247,nan,-1.5195,-6.83582,1,2.00525,-0.685029,1.3533,15.3114,0.602625,0.416833,nan,nan,0,2.32504,-0.0727692,-0.131955,8.08303,1.11252,0.617225,nan,nan,0,1.43454,0.331633,2.28619,4.37119,1.02727,0.907595,nan,nan,0,-0.279408,0.54064,-4.22562,-4.42002,0.350296,0.183731,nan,nan,0,0.326289,-0.226699,1.01088,2.4638,-0.0468554,nan,4.77819,5.63267,1,-1.07761,-0.13135,-2.12329,-4.65734,-0.538804,nan,-9.03869,-8.61429,1,0,0.963141,-0.004293,0.040027,0.265965,0.650472,-0.199655,-0.265503,-0.869215,-1.53532,11.5095
1787645129296290343,-0.300479,-0.953788,0.583333,0.4,0.4,-0,-0.229689,0.020279,0.0777273,0.535446,0.868935,-0.0684764,-0.485267,1.47876,0.291749,-1.57425,2.51526,1.13938,0.694859,nan,nan,0,-0.527922,0.0846581,1.5497,1.88034,-0.213961,0.225303,nan,nan,0,-0.768452,-0.0967379,0.751834,-4.90842,-0.694226,-0.395301,nan,nan,0,0.758086,0.446875,0.11968,12.8694,0.869043,0.757519,nan,nan,0,-0.484217,-0.21487,-0.369863,6.84918,-0.452109,nan,-7.74856,-1.26013,1,0.145429,0.103811,-0.537887,-5.31262,0.0727147,nan,-0.126047,-4.71153,1,1.87533,-0.668346,1.81361,17.1184,0.537667,0.579112,nan,nan,0,2.10559,-0.0716186,0.273115,23.5653,1.0028,0.961575,nan,nan,0,0.89951,0.364038,3.5014,6.56898,0.759755,1.02649,nan,nan,0,-0.150527,0.501523,-3.61187,-19.9023,0.414736,0.252862,nan,nan,0,0.384327,-0.205384,2.5398,-0.895044,-0.0178365,nan,2.75446,5.47253,1,-0.858812,-0.148683,-2.04467,-8.78298,-0.429406,nan,-5.35468,-10.2065,1,0,0.963702,-0.000507,0.040148,0.263943,0.868935,-0.0684764,-0.485267,1.11486,1.01221,10.7236
1787645129306350208,-0.401273,-0.915958,0.583333,0.4,0.4,-0,-0.229689,0.0272881,0.0762077,0.530466,0.335923,-0.35364,-0.354269,1.71928,0.278518,-1.17532,6.37363,1.25964,0.986526,nan,nan,0,-0.438204,0.0992308,1.39626,2.75946,-0.169102,0.000120759,nan,nan,0,-0.832987,-0.101915,-1.08325,-5.25031,-0.726493,-0.590457,nan,nan,0,0.889688,0.452052,0.647498,21.4652,0.934844,0.844762,nan,nan,0,-0.390541,-0.221265,-0.891076,0.260068,-0.40527,nan,-5.10358,-6.29933,1,0.128085,0.0949873,-1.00017,-3.91735,0.0640425,nan,0.571912,-2.01792,1,1.34068,-0.645528,2.50714,18.4371,0.270338,0.608459,nan,nan,0,2.3533,-0.0664415,0.567711,38.9499,1.12665,1.08449,nan,nan,0,0.845907,0.398554,3.31728,10.525,0.732954,0.968701,nan,nan,0,-0.14217,0.471802,-2.71581,-12.1856,0.418915,0.338764,nan,nan,0,0.239357,-0.170006,4.30524,-1.19431,-0.0903213,nan,-3.6689,3.61456,1,-1.00788,-0.168675,-1.71407,-11.0147,-0.503939,nan,-7.48683,-8.79077,1,0,0.964377,0.003172,0.040333,0.261418,0.335923,-0.35364,-0.354269,2.34912,-5.41241,13.8381
1787645129316309840,-0.497417,-0.867512,0.583333,0.4,0.4,-0,-0.229689,0.0245191,0.0717315,0.532899,-0.161434,0.199088,0.634932,1.76323,0.270273,-0.647498,15.116,1.28162,1.17216,nan,nan,0,0.00470382,0.111887,1.21214,-2.85714,0.0523519,-0.145256,nan,nan,0,-0.850676,-0.123775,-2.61761,-4.46886,-0.735338,-0.699703,nan,nan,0,0.912451,0.460681,1.08939,23.956,0.946226,0.899422,nan,nan,0,-0.354301,-0.233987,-1.41166,-4.04104,-0.38715,nan,-3.24323,-7.12877,1,0.109173,0.080221,-1.45806,-1.57391,0.0545867,nan,1.41805,-0.00894539,1,1.57568,-0.61619,3.09633,17.4603,0.38784,0.493943,nan,nan,0,2.92583,-0.0597305,0.708872,43.5409,1.41292,1.11505,nan,nan,0,1.70353,0.424057,2.13275,11.9902,1.16176,0.84377,nan,nan,0,-0.183051,0.44975,-2.02842,-4.07815,0.398474,0.398488,nan,nan,0,0.647193,-0.116682,5.54932,-0.68956,0.113597,nan,-0.264238,-0.286234,1,-1.29764,-0.173748,-0.686021,-10.2939,-0.648819,nan,-13.2231,-7.661,1,0,0.964134,0.002378,0.037816,0.262695,-0.161434,0.199088,0.634932,-0.250646,4.60058,16.0431
